CustomerID,Gender,SeniorCitizen,Age,Tenure,MonthlyCharges,TotalCharges,InternetService,Contract,PaymentMethod,TechSupport,OnlineSecurity,StreamingTV,StreamingMovies,PhoneService,MultipleLines,Dependents,Complaints,SatisfactionScore,SupportTickets,UsageHours,DataConsumption,Churn
CUST-10001,Male,0,36,63,55.72,3537.36,DSL,Two year,Bank transfer (automatic),No,Yes,No,No,Yes,No,Yes,0,4,0,110.7,106.5,No
CUST-10002,Female,0,45,71,67.29,4759.59,DSL,Month-to-month,Credit card (automatic),Yes,No,No,Yes,Yes,No,No,0,5,0,84.5,177.8,No
CUST-10003,Male,0,34,28,29.42,797.97,No,Month-to-month,Credit card (automatic),No internet service,No internet service,No internet service,No internet service,Yes,Yes,Yes,1,1,1,91.9,114.4,Yes
CUST-10004,Male,0,59,46,102.88,4728.97,Fiber optic,One year,Mailed check,No,No,Yes,Yes,Yes,Yes,Yes,0,3,4,199.5,352.6,Yes
CUST-10005,Male,1,66,28,79.73,2212.28,Fiber optic,Two year,Electronic check,No,No,No,Yes,Yes,No,No,0,4,2,24.3,39.8,No
CUST-10006,Female,0,48,2,91.91,162.5,Fiber optic,Month-to-month,Credit card (automatic),No,No,No,Yes,Yes,Yes,No,0,3,5,66.6,151.6,Yes
CUST-10007,Male,0,28,17,25.73,432.02,No,Two year,Mailed check,No internet service,No internet service,No internet service,No internet service,Yes,Yes,Yes,1,2,2,103.4,217.3,Yes
CUST-10008,Male,1,68,59,83.53,4938.45,Fiber optic,One year,Bank transfer (automatic),No,No,No,Yes,Yes,No,No,0,3,3,127.5,252.6,No
CUST-10009,Male,0,27,52,88.0,4560.57,Fiber optic,Month-to-month,Credit card (automatic),No,No,No,Yes,Yes,Yes,No,0,5,1,134.1,312.9,Yes
CUST-10010,Female,0,60,4,52.82,233.84,DSL,Month-to-month,Bank transfer (automatic),No,No,Yes,No,Yes,No,No,0,3,2,30.4,54.6,Yes
CUST-10011,Male,0,40,3,71.27,205.56,DSL,Month-to-month,Mailed check,Yes,No,Yes,No,Yes,Yes,No,0,3,2,100.7,219.7,Yes
CUST-10012,Male,0,20,37,31.34,1185.62,No,One year,Bank transfer (automatic),No internet service,No internet service,No internet service,No internet service,Yes,Yes,Yes,0,4,3,45.7,102.9,No
CUST-10013,Male,0,20,24,18.25,437.54,No,Month-to-month,Electronic check,No internet service,No internet service,No internet service,No internet service,Yes,No,No,1,2,0,71.4,154.6,No
CUST-10014,Male,0,35,72,65.31,4715.92,DSL,Month-to-month,Mailed check,No,Yes,Yes,No,Yes,No,No,0,4,0,131.3,189.3,No
CUST-10015,Female,0,42,35,18.25,659.69,No,One year,Electronic check,No internet service,No internet service,No internet service,No internet service,Yes,No,No,0,3,0,78.3,169.9,No
CUST-10016,Male,1,71,2,48.58,98.94,DSL,Month-to-month,Electronic check,No,No,No,No,Yes,Yes,No,1,2,2,179.6,303.6,Yes
CUST-10017,Female,0,37,33,93.0,3090.02,Fiber optic,Two year,Bank transfer (automatic),No,Yes,No,Yes,Yes,No,No,1,3,0,74.6,103.1,No
CUST-10018,Female,0,46,10,22.99,222.58,No,Two year,Bank transfer (automatic),No internet service,No internet service,No internet service,No internet service,Yes,No,No,0,3,3,87.9,100.8,No
CUST-10019,Female,0,39,62,81.92,5070.84,DSL,Month-to-month,Bank transfer (automatic),No,No,Yes,Yes,Yes,Yes,No,1,2,2,92.3,182.5,Yes
CUST-10020,Male,0,32,43,74.36,3215.12,Fiber optic,Two year,Credit card (automatic),No,No,No,No,No,No phone service,No,0,4,3,63.9,84.2,No
CUST-10021,Female,0,56,69,74.49,5124.29,DSL,Month-to-month,Electronic check,No,Yes,Yes,Yes,Yes,No,No,1,1,2,63.5,79.3,Yes
CUST-10022,Male,0,27,59,89.58,5298.24,Fiber optic,Month-to-month,Bank transfer (automatic),Yes,No,Yes,No,No,No phone service,No,1,2,1,48.1,86.9,Yes
CUST-10023,Female,0,38,9,101.12,884.71,Fiber optic,Month-to-month,Mailed check,Yes,Yes,No,Yes,Yes,No,Yes,0,5,1,139.1,172.0,Yes
CUST-10024,Female,0,46,60,68.75,4133.14,DSL,One year,Bank transfer (automatic),Yes,Yes,No,No,Yes,No,No,0,3,2,107.7,144.5,No
CUST-10025,Female,0,49,63,18.6,1198.31,No,One year,Credit card (automatic),No internet service,No internet service,No internet service,No internet service,No,No phone service,Yes,0,4,4,35.6,71.0,No
CUST-10026,Female,0,27,52,79.7,4141.79,DSL,Month-to-month,Electronic check,No,Yes,Yes,Yes,Yes,No,No,0,4,0,61.6,119.7,No
CUST-10027,Female,0,30,23,91.6,2101.76,Fiber optic,Month-to-month,Bank transfer (automatic),No,No,No,Yes,Yes,Yes,Yes,0,4,1,147.4,350.8,No
CUST-10028,Female,0,64,30,18.25,549.93,No,Month-to-month,Mailed check,No internet service,No internet service,No internet service,No internet service,Yes,No,Yes,1,3,2,81.5,175.9,No
CUST-10029,Female,0,40,43,104.82,4520.43,Fiber optic,Two year,Credit card (automatic),No,Yes,Yes,Yes,Yes,No,No,0,5,1,167.6,231.4,No
CUST-10030,Female,0,40,68,95.51,6486.21,Fiber optic,Two year,Bank transfer (automatic),No,Yes,No,Yes,Yes,Yes,Yes,0,3,0,113.3,180.0,No
CUST-10031,Male,0,48,21,81.8,1687.81,Fiber optic,One year,Bank transfer (automatic),No,No,Yes,No,Yes,No,Yes,1,2,1,110.8,195.5,No
CUST-10032,Male,1,74,43,98.79,4248.1,Fiber optic,One year,Electronic check,No,Yes,No,Yes,Yes,Yes,No,0,3,1,107.6,158.9,No
CUST-10033,Female,1,71,7,88.56,615.08,Fiber optic,One year,Bank transfer (automatic),No,No,Yes,No,Yes,Yes,No,1,2,1,47.2,116.8,Yes
CUST-10034,Female,0,38,16,82.35,1319.56,DSL,Month-to-month,Bank transfer (automatic),Yes,Yes,No,Yes,Yes,Yes,No,0,5,0,28.0,24.0,Yes
CUST-10035,Female,1,68,23,23.18,546.06,No,Month-to-month,Mailed check,No internet service,No internet service,No internet service,No internet service,Yes,No,No,1,2,4,136.2,258.5,Yes
CUST-10036,Male,0,21,58,23.82,1368.56,No,One year,Mailed check,No internet service,No internet service,No internet service,No internet service,No,No phone service,Yes,1,3,3,78.7,145.3,No
CUST-10037,Female,1,80,31,23.88,740.6,No,Month-to-month,Electronic check,No internet service,No internet service,No internet service,No internet service,Yes,No,No,0,3,1,105.4,251.4,No
CUST-10038,Male,0,32,69,73.96,5088.44,DSL,Month-to-month,Electronic check,Yes,No,No,Yes,Yes,Yes,No,1,2,0,97.4,227.2,No
CUST-10039,Male,1,71,6,64.59,385.1,DSL,Two year,Electronic check,No,Yes,Yes,No,Yes,No,No,0,3,2,57.7,136.3,Yes
CUST-10040,Male,1,68,65,23.98,1549.37,No,Two year,Electronic check,No internet service,No internet service,No internet service,No internet service,Yes,Yes,No,0,4,0,27.3,67.8,No
CUST-10041,Male,0,24,59,58.72,3456.62,DSL,Month-to-month,Credit card (automatic),No,No,No,Yes,Yes,No,No,0,4,1,113.6,154.1,No
CUST-10042,Male,1,74,28,43.3,1217.16,DSL,One year,Credit card (automatic),No,No,No,No,No,No phone service,No,0,4,3,85.0,138.7,No
CUST-10043,Female,0,61,18,42.77,781.24,DSL,Two year,Credit card (automatic),No,No,No,No,Yes,No,Yes,1,2,3,115.8,129.5,Yes
CUST-10044,Female,0,18,10,102.71,997.86,Fiber optic,Month-to-month,Credit card (automatic),Yes,No,Yes,Yes,Yes,No,Yes,0,4,2,84.4,184.4,Yes
CUST-10045,Female,0,56,7,79.55,579.45,DSL,Month-to-month,Electronic check,No,Yes,Yes,Yes,No,No phone service,No,0,4,2,138.9,246.5,No
CUST-10046,Female,0,36,37,73.62,2715.8,DSL,Month-to-month,Mailed check,Yes,Yes,No,Yes,No,No phone service,Yes,0,3,6,113.3,223.4,No
CUST-10047,Female,0,62,45,61.61,2781.07,DSL,Month-to-month,Credit card (automatic),No,No,No,Yes,Yes,No,No,0,3,0,86.2,78.0,No
CUST-10048,Male,0,43,16,94.33,1486.62,Fiber optic,Two year,Bank transfer (automatic),No,Yes,No,Yes,Yes,No,Yes,0,4,1,260.3,234.3,No
CUST-10049,Female,1,73,14,40.47,570.87,DSL,Month-to-month,Electronic check,No,No,No,No,Yes,No,No,0,5,0,122.9,114.0,No
CUST-10050,Female,0,29,11,18.25,211.46,No,Month-to-month,Mailed check,No internet service,No internet service,No internet service,No internet service,Yes,No,No,0,5,1,201.2,405.2,No
CUST-10051,Male,0,39,34,18.25,599.95,No,Month-to-month,Electronic check,No internet service,No internet service,No internet service,No internet service,Yes,No,No,0,4,1,135.8,193.6,No
CUST-10052,Female,1,74,60,101.29,6102.13,Fiber optic,Month-to-month,Electronic check,Yes,No,Yes,Yes,Yes,No,No,1,1,0,120.2,248.9,Yes
CUST-10053,Male,1,67,13,79.87,1053.76,Fiber optic,Month-to-month,Mailed check,No,No,Yes,No,Yes,No,No,0,5,0,72.5,121.8,Yes
CUST-10054,Female,1,72,39,69.18,2700.06,DSL,One year,Credit card (automatic),No,Yes,Yes,No,Yes,No,No,0,3,3,116.3,131.0,No
CUST-10055,Male,0,39,44,82.19,3596.32,Fiber optic,Month-to-month,Bank transfer (automatic),No,Yes,No,No,Yes,No,Yes,0,3,4,70.8,70.4,Yes
CUST-10056,Female,1,65,28,97.45,2750.53,Fiber optic,One year,Mailed check,Yes,Yes,No,Yes,No,No phone service,No,0,4,0,28.3,67.3,No
CUST-10057,Female,0,61,40,94.88,3769.32,Fiber optic,One year,Mailed check,No,No,Yes,Yes,Yes,No,No,0,4,0,100.2,192.2,No
CUST-10058,Male,0,37,16,32.61,498.67,No,Month-to-month,Credit card (automatic),No internet service,No internet service,No internet service,No internet service,Yes,Yes,No,1,1,2,44.9,82.1,Yes
CUST-10059,Male,0,61,50,66.28,3325.89,DSL,One year,Electronic check,No,No,Yes,No,Yes,Yes,Yes,0,3,2,261.8,482.2,Yes
CUST-10060,Male,0,44,28,61.61,1710.31,DSL,One year,Bank transfer (automatic),No,No,No,Yes,Yes,No,Yes,1,1,2,126.5,178.7,Yes
CUST-10061,Male,0,55,68,67.81,4608.64,DSL,Month-to-month,Electronic check,No,No,Yes,Yes,No,No phone service,No,1,3,0,122.4,119.2,No
CUST-10062,Male,0,59,60,44.6,2678.33,DSL,Month-to-month,Mailed check,No,No,No,No,Yes,No,Yes,0,3,1,63.2,144.9,No
CUST-10063,Male,0,58,12,81.95,980.89,Fiber optic,One year,Electronic check,No,No,Yes,No,Yes,No,No,1,1,1,133.9,317.2,Yes
CUST-10064,Male,0,51,16,59.24,922.87,DSL,Two year,Credit card (automatic),Yes,No,No,No,No,No phone service,No,1,3,1,78.5,125.2,No
CUST-10065,Male,0,56,53,80.8,4296.65,Fiber optic,Month-to-month,Electronic check,No,No,Yes,No,No,No phone service,Yes,0,3,0,66.6,101.4,No
CUST-10066,Female,0,58,54,67.83,3647.22,DSL,Month-to-month,Electronic check,Yes,No,No,No,Yes,Yes,No,0,4,1,32.3,37.9,No
CUST-10067,Female,0,61,49,100.43,4935.38,Fiber optic,Month-to-month,Electronic check,Yes,No,No,Yes,Yes,Yes,No,0,4,0,162.6,132.4,No
CUST-10068,Male,0,54,36,52.18,1900.4,DSL,Month-to-month,Bank transfer (automatic),No,Yes,No,No,Yes,No,No,0,5,0,159.3,317.3,No
CUST-10069,Female,0,18,62,83.04,5150.66,DSL,One year,Bank transfer (automatic),No,Yes,Yes,Yes,Yes,Yes,No,0,4,1,73.7,121.7,No
CUST-10070,Female,0,32,26,90.73,2371.36,Fiber optic,Month-to-month,Electronic check,No,No,Yes,Yes,No,No phone service,No,0,4,2,66.2,159.9,Yes
CUST-10071,Female,1,75,56,83.39,4642.06,Fiber optic,Month-to-month,Electronic check,Yes,No,No,No,Yes,Yes,No,0,3,3,44.5,38.9,No
CUST-10072,Female,0,25,22,101.92,2214.44,Fiber optic,Month-to-month,Credit card (automatic),No,Yes,No,Yes,Yes,Yes,No,0,3,2,97.2,133.5,No
CUST-10073,Male,0,50,69,69.17,4754.56,DSL,Month-to-month,Bank transfer (automatic),No,No,Yes,Yes,Yes,No,No,0,3,1,77.7,192.3,No
CUST-10074,Female,0,35,49,82.38,4028.12,Fiber optic,Month-to-month,Credit card (automatic),No,Yes,No,No,Yes,No,No,0,3,2,207.0,384.1,Yes
CUST-10075,Male,0,62,2,82.82,146.61,Fiber optic,Month-to-month,Bank transfer (automatic),No,Yes,No,No,Yes,No,No,0,4,1,239.4,334.6,Yes
CUST-10076,Female,1,74,53,67.31,3575.53,DSL,Month-to-month,Bank transfer (automatic),Yes,No,No,No,Yes,Yes,No,0,5,1,57.9,65.9,No
CUST-10077,Female,0,49,7,75.17,512.8,DSL,Two year,Mailed check,No,Yes,Yes,Yes,Yes,No,No,0,4,2,71.3,65.0,Yes
CUST-10078,Female,0,50,20,76.86,1557.95,Fiber optic,Two year,Bank transfer (automatic),Yes,No,No,No,No,No phone service,Yes,0,4,1,116.4,275.7,No
CUST-10079,Male,0,22,30,85.48,2568.04,DSL,Month-to-month,Credit card (automatic),Yes,Yes,No,Yes,Yes,Yes,Yes,0,4,0,89.0,131.9,No
CUST-10080,Female,0,35,67,24.3,1620.78,No,Month-to-month,Electronic check,No internet service,No internet service,No internet service,No internet service,Yes,Yes,No,0,4,2,125.0,300.8,No
CUST-10081,Male,0,27,59,18.25,1100.33,No,Month-to-month,Mailed check,No internet service,No internet service,No internet service,No internet service,Yes,No,Yes,0,2,4,88.3,123.4,No
CUST-10082,Female,0,53,66,89.66,5937.26,Fiber optic,Month-to-month,Bank transfer (automatic),Yes,No,No,No,Yes,Yes,No,0,3,1,28.8,69.2,No
CUST-10083,Male,0,50,3,30.25,109.95,No,Month-to-month,Mailed check,No internet service,No internet service,No internet service,No internet service,Yes,Yes,No,0,4,1,40.5,88.1,Yes
CUST-10084,Female,0,40,56,68.43,3845.78,DSL,Month-to-month,Bank transfer (automatic),No,No,No,Yes,Yes,Yes,No,0,4,1,28.0,38.0,No
CUST-10085,Male,0,57,17,32.16,553.57,No,One year,Electronic check,No internet service,No internet service,No internet service,No internet service,Yes,Yes,Yes,0,4,0,69.3,105.6,No
CUST-10086,Male,1,72,52,54.42,2821.85,DSL,Month-to-month,Electronic check,No,Yes,No,No,Yes,No,No,0,3,1,113.5,272.8,No
CUST-10087,Female,1,69,7,79.8,553.96,DSL,Month-to-month,Electronic check,Yes,No,Yes,No,Yes,Yes,Yes,1,3,0,49.5,102.2,Yes
CUST-10088,Male,0,41,5,52.38,270.73,DSL,One year,Credit card (automatic),No,No,No,Yes,Yes,No,No,0,3,3,91.9,199.3,No
CUST-10089,Female,0,34,54,48.7,2610.17,DSL,One year,Credit card (automatic),No,No,No,No,Yes,No,No,0,4,1,104.4,194.8,No
CUST-10090,Female,0,48,61,51.21,3143.48,DSL,Month-to-month,Electronic check,No,No,No,No,Yes,Yes,Yes,0,4,0,78.1,70.5,No
CUST-10091,Female,0,24,16,108.22,1757.84,Fiber optic,Month-to-month,Electronic check,No,Yes,Yes,Yes,Yes,No,Yes,1,4,0,28.6,64.7,Yes
CUST-10092,Female,0,34,67,77.23,5150.29,Fiber optic,Month-to-month,Electronic check,Yes,No,No,No,Yes,No,Yes,0,4,2,20.6,43.7,No
CUST-10093,Female,1,67,59,96.41,5659.54,Fiber optic,Month-to-month,Electronic check,No,No,Yes,Yes,Yes,No,Yes,0,3,2,152.7,270.5,Yes
CUST-10094,Female,1,77,47,19.25,883.31,No,Month-to-month,Electronic check,No internet service,No internet service,No internet service,No internet service,Yes,No,Yes,1,2,4,165.3,327.6,Yes
CUST-10095,Female,0,39,48,65.81,3174.47,DSL,Month-to-month,Electronic check,Yes,No,Yes,No,Yes,No,No,0,5,3,229.7,274.1,No
CUST-10096,Female,0,32,64,80.59,5134.23,DSL,Month-to-month,Credit card (automatic),Yes,Yes,Yes,No,Yes,Yes,No,0,4,0,69.8,165.7,No
CUST-10097,Female,0,54,50,59.06,2945.33,DSL,One year,Bank transfer (automatic),No,No,No,Yes,Yes,No,No,0,4,2,57.4,66.8,No
CUST-10098,Female,0,32,41,78.75,3202.54,Fiber optic,One year,Electronic check,No,No,Yes,No,Yes,No,No,0,3,4,142.0,276.1,No
CUST-10099,Female,0,42,72,81.63,5873.31,Fiber optic,Month-to-month,Bank transfer (automatic),No,No,Yes,No,Yes,No,No,1,2,3,205.5,330.4,Yes
CUST-10100,Male,0,38,22,51.41,1137.25,DSL,Month-to-month,Mailed check,No,Yes,No,No,Yes,No,Yes,0,3,1,73.3,127.3,No
CUST-10101,Male,0,55,54,21.04,1143.87,No,Month-to-month,Electronic check,No internet service,No internet service,No internet service,No internet service,Yes,No,Yes,1,3,1,106.8,122.8,No
CUST-10102,Female,0,19,5,99.31,497.68,Fiber optic,Month-to-month,Bank transfer (automatic),No,No,Yes,Yes,Yes,Yes,No,0,2,5,74.1,82.1,Yes
CUST-10103,Female,0,44,17,82.94,1436.27,Fiber optic,Month-to-month,Electronic check,No,No,No,Yes,Yes,No,No,0,5,1,108.4,147.3,Yes
CUST-10104,Female,1,78,41,86.47,3547.14,Fiber optic,Two year,Electronic check,No,No,No,Yes,Yes,No,Yes,0,5,1,45.3,38.5,No
CUST-10105,Female,0,38,35,86.21,3038.9,Fiber optic,One year,Electronic check,No,No,Yes,No,No,No phone service,No,1,2,4,49.5,49.8,Yes
CUST-10106,Female,0,21,40,87.0,3509.58,Fiber optic,Two year,Credit card (automatic),No,No,Yes,No,Yes,Yes,Yes,0,4,1,188.8,267.9,No
CUST-10107,Female,0,61,22,70.99,1545.56,DSL,One year,Bank transfer (automatic),No,Yes,No,Yes,Yes,Yes,No,1,2,3,211.3,387.4,Yes
CUST-10108,Female,0,36,48,87.43,4182.57,Fiber optic,Two year,Mailed check,No,Yes,Yes,No,Yes,No,No,0,4,0,188.5,263.6,No
CUST-10109,Female,0,19,53,95.29,5051.68,Fiber optic,One year,Credit card (automatic),Yes,No,Yes,No,Yes,No,No,0,5,0,198.7,183.7,No
CUST-10110,Male,0,43,10,84.49,825.84,DSL,Two year,Electronic check,Yes,No,Yes,Yes,Yes,Yes,Yes,1,2,1,83.0,179.4,Yes
CUST-10111,Female,1,76,18,25.84,468.97,No,Month-to-month,Credit card (automatic),No internet service,No internet service,No internet service,No internet service,Yes,Yes,Yes,0,4,2,122.5,130.9,No
CUST-10112,Male,0,31,49,79.26,3894.8,Fiber optic,Month-to-month,Bank transfer (automatic),No,No,No,Yes,Yes,No,No,0,4,2,16.3,14.6,No
CUST-10113,Female,1,70,71,66.4,4688.02,DSL,One year,Mailed check,Yes,No,No,No,Yes,Yes,No,0,4,0,100.7,140.8,No
CUST-10114,Female,0,37,30,94.79,2854.58,Fiber optic,Two year,Credit card (automatic),No,No,Yes,No,Yes,Yes,No,0,4,1,76.5,121.5,No
CUST-10115,Male,0,51,19,22.55,408.02,No,Month-to-month,Bank transfer (automatic),No internet service,No internet service,No internet service,No internet service,No,No phone service,No,0,3,0,55.7,129.1,No
CUST-10116,Female,0,53,55,60.24,3301.16,DSL,Month-to-month,Credit card (automatic),No,No,Yes,No,Yes,No,No,0,4,1,27.1,33.1,Yes
CUST-10117,Male,0,36,60,21.21,1286.93,No,Month-to-month,Credit card (automatic),No internet service,No internet service,No internet service,No internet service,No,No phone service,Yes,0,5,2,70.0,125.8,No
CUST-10118,Female,0,26,72,80.29,5760.7,Fiber optic,One year,Electronic check,No,Yes,No,No,Yes,No,No,0,5,1,81.0,102.8,No
CUST-10119,Female,0,24,21,59.22,1245.52,DSL,Month-to-month,Electronic check,No,No,Yes,No,Yes,No,Yes,1,3,1,143.1,143.8,Yes
CUST-10120,Male,0,47,26,52.36,1366.71,DSL,One year,Electronic check,No,No,Yes,No,No,No phone service,No,0,4,2,82.1,154.7,No
CUST-10121,Female,1,74,28,75.61,2096.94,Fiber optic,Two year,Electronic check,Yes,No,No,No,Yes,No,No,0,4,2,92.3,191.4,No
CUST-10122,Male,1,75,39,91.87,3569.42,Fiber optic,Two year,Electronic check,Yes,Yes,No,No,Yes,No,No,0,4,1,25.2,43.5,No
CUST-10123,Female,1,66,33,53.35,1766.94,DSL,Month-to-month,Electronic check,No,Yes,No,No,Yes,No,Yes,0,3,2,40.5,55.6,No
CUST-10124,Male,0,52,40,64.89,2593.27,DSL,Month-to-month,Electronic check,No,No,Yes,No,Yes,Yes,No,0,4,0,37.8,93.7,Yes
CUST-10125,Male,0,30,29,116.82,3397.38,Fiber optic,Month-to-month,Bank transfer (automatic),Yes,Yes,Yes,Yes,No,No phone service,Yes,1,3,1,133.1,114.0,Yes
CUST-10126,Female,0,32,20,53.77,1096.68,DSL,Month-to-month,Credit card (automatic),No,No,No,No,Yes,Yes,No,0,4,1,114.9,199.9,No
CUST-10127,Female,0,63,20,93.05,1839.1,Fiber optic,Month-to-month,Electronic check,No,No,No,Yes,Yes,Yes,No,0,4,3,148.6,287.8,Yes
CUST-10128,Male,0,26,12,103.19,1212.52,Fiber optic,One year,Electronic check,Yes,No,Yes,Yes,Yes,No,No,1,2,3,64.1,97.4,Yes
CUST-10129,Female,0,62,25,52.87,1331.75,DSL,Month-to-month,Electronic check,Yes,No,No,No,Yes,No,No,0,4,1,238.0,244.4,Yes
CUST-10130,Female,0,40,25,79.35,1999.99,Fiber optic,Two year,Credit card (automatic),No,No,Yes,No,Yes,No,No,0,3,3,83.5,92.1,Yes
CUST-10131,Female,0,53,4,88.32,350.24,Fiber optic,Two year,Mailed check,No,Yes,No,Yes,Yes,No,Yes,1,2,1,119.7,288.2,Yes
CUST-10132,Male,1,67,4,75.37,295.11,Fiber optic,Month-to-month,Credit card (automatic),Yes,No,No,No,Yes,No,No,1,3,1,236.7,553.5,Yes
CUST-10133,Male,0,20,9,74.53,676.58,DSL,Two year,Credit card (automatic),Yes,No,Yes,Yes,Yes,No,Yes,1,3,3,75.7,83.1,Yes
CUST-10134,Male,0,51,15,84.71,1273.74,DSL,One year,Credit card (automatic),Yes,No,Yes,Yes,Yes,Yes,No,0,3,1,190.1,171.0,No
CUST-10135,Male,0,36,26,18.25,473.91,No,Month-to-month,Electronic check,No internet service,No internet service,No internet service,No internet service,Yes,No,Yes,0,4,1,125.3,137.0,Yes
CUST-10136,Male,1,74,71,68.82,4905.34,Fiber optic,Month-to-month,Mailed check,No,No,No,No,Yes,No,Yes,1,1,4,83.6,191.7,Yes
CUST-10137,Male,0,40,32,67.92,2153.85,DSL,Month-to-month,Credit card (automatic),No,Yes,No,Yes,Yes,No,Yes,1,3,0,176.6,171.4,Yes
CUST-10138,Male,0,57,52,102.59,5345.55,Fiber optic,Month-to-month,Electronic check,Yes,No,No,Yes,Yes,Yes,Yes,0,5,2,104.4,112.3,No
CUST-10139,Male,0,62,32,65.98,2125.84,DSL,One year,Bank transfer (automatic),No,No,Yes,Yes,Yes,No,No,0,4,0,74.9,149.9,No
CUST-10140,Male,0,24,9,65.59,614.39,DSL,Month-to-month,Electronic check,Yes,No,No,No,Yes,Yes,No,1,1,3,74.4,163.0,Yes
CUST-10141,Female,0,58,13,78.39,1045.78,Fiber optic,One year,Mailed check,No,No,No,Yes,Yes,No,Yes,0,4,2,76.5,132.1,No
CUST-10142,Male,0,29,56,49.89,2794.31,DSL,Month-to-month,Credit card (automatic),No,No,No,No,Yes,No,Yes,0,4,0,92.8,105.1,No
CUST-10143,Female,0,31,44,85.85,3773.42,Fiber optic,Month-to-month,Bank transfer (automatic),No,Yes,No,No,Yes,Yes,No,0,4,2,79.7,173.2,Yes
CUST-10144,Female,0,63,30,103.37,3101.33,Fiber optic,One year,Bank transfer (automatic),Yes,No,No,Yes,Yes,Yes,No,0,4,4,194.9,279.3,No
CUST-10145,Female,0,32,16,100.9,1628.35,Fiber optic,One year,Bank transfer (automatic),No,Yes,Yes,Yes,Yes,No,No,1,2,1,111.6,217.2,Yes
CUST-10146,Male,1,73,12,61.51,709.15,DSL,Month-to-month,Mailed check,No,No,No,Yes,Yes,No,No,0,4,0,95.1,116.1,No
CUST-10147,Male,0,32,66,70.27,4618.27,DSL,Month-to-month,Credit card (automatic),Yes,No,Yes,No,No,No phone service,No,0,4,0,66.5,115.8,No
CUST-10148,Male,0,41,18,100.59,1835.08,Fiber optic,Two year,Credit card (automatic),Yes,Yes,Yes,No,Yes,No,No,0,4,1,74.2,101.8,No
CUST-10149,Male,0,63,13,101.21,1297.46,Fiber optic,One year,Credit card (automatic),Yes,Yes,No,Yes,No,No phone service,No,0,4,1,84.1,100.7,No
CUST-10150,Female,0,25,24,87.04,2072.67,Fiber optic,Month-to-month,Bank transfer (automatic),No,Yes,Yes,No,Yes,No,Yes,0,4,0,138.8,283.1,No
CUST-10151,Male,0,22,12,89.51,1100.49,Fiber optic,Month-to-month,Mailed check,Yes,No,Yes,No,Yes,No,No,0,4,1,122.2,277.9,No
CUST-10152,Male,0,21,60,50.89,3041.06,DSL,Month-to-month,Electronic check,No,No,No,No,Yes,Yes,Yes,0,4,0,98.5,225.2,No
CUST-10153,Male,0,31,60,56.53,3379.23,DSL,Month-to-month,Electronic check,No,No,No,Yes,Yes,No,No,0,3,1,336.6,521.5,No
CUST-10154,Male,0,33,1,78.39,103.81,Fiber optic,One year,Electronic check,No,No,Yes,No,Yes,No,No,0,3,2,210.4,493.3,Yes
CUST-10155,Male,0,37,43,81.79,3509.47,Fiber optic,Two year,Electronic check,No,No,No,Yes,Yes,No,No,0,4,1,209.3,352.4,No
CUST-10156,Female,0,41,55,29.68,1632.04,No,One year,Electronic check,No internet service,No internet service,No internet service,No internet service,Yes,Yes,Yes,0,4,3,101.7,142.5,No
CUST-10157,Male,1,68,40,98.71,3952.02,Fiber optic,Month-to-month,Electronic check,Yes,No,No,Yes,Yes,Yes,No,0,5,0,157.2,328.6,No
CUST-10158,Female,0,48,64,107.32,6890.58,Fiber optic,Two year,Electronic check,Yes,Yes,No,Yes,Yes,Yes,Yes,0,4,0,47.3,60.0,No
CUST-10159,Male,0,23,34,79.48,2676.97,DSL,Month-to-month,Mailed check,Yes,No,Yes,Yes,Yes,No,No,0,4,2,197.0,293.7,No
CUST-10160,Female,0,52,34,52.29,1763.51,DSL,Two year,Electronic check,No,No,Yes,No,Yes,No,No,0,3,2,148.3,319.7,No
CUST-10161,Male,0,32,48,73.41,3528.9,DSL,Month-to-month,Bank transfer (automatic),Yes,No,Yes,No,Yes,Yes,No,0,4,2,78.8,128.8,No
CUST-10162,Male,0,46,33,28.28,929.32,No,Month-to-month,Electronic check,No internet service,No internet service,No internet service,No internet service,Yes,Yes,No,0,3,2,211.3,215.2,Yes
CUST-10163,Female,0,20,68,86.36,5859.18,Fiber optic,One year,Bank transfer (automatic),No,Yes,No,No,Yes,Yes,No,0,4,1,350.0,847.6,No
CUST-10164,Female,1,69,30,55.45,1658.08,DSL,Month-to-month,Credit card (automatic),No,No,Yes,No,No,No phone service,No,0,3,0,16.6,13.6,No
CUST-10165,Female,0,20,71,83.48,5955.05,Fiber optic,One year,Electronic check,No,Yes,No,No,Yes,No,Yes,0,3,0,156.0,189.9,No
CUST-10166,Male,0,45,71,49.34,3474.4,DSL,One year,Credit card (automatic),No,No,No,No,Yes,No,Yes,0,5,3,100.9,219.1,No
CUST-10167,Female,0,27,29,23.27,653.65,No,Month-to-month,Bank transfer (automatic),No internet service,No internet service,No internet service,No internet service,Yes,No,No,0,4,1,255.6,571.9,No
CUST-10168,Male,1,74,23,82.99,1879.89,DSL,One year,Electronic check,Yes,No,Yes,Yes,Yes,Yes,No,0,4,1,197.1,384.4,No
CUST-10169,Male,0,33,34,84.9,2892.2,DSL,Month-to-month,Electronic check,Yes,No,Yes,Yes,Yes,Yes,No,1,3,1,168.6,310.6,Yes
CUST-10170,Female,0,27,15,22.11,302.43,No,Month-to-month,Credit card (automatic),No internet service,No internet service,No internet service,No internet service,Yes,No,Yes,1,4,0,93.4,207.0,Yes
CUST-10171,Female,0,50,53,86.74,4594.46,Fiber optic,Two year,Bank transfer (automatic),No,No,No,Yes,No,No phone service,No,0,4,2,307.1,634.8,No
CUST-10172,Male,0,53,17,82.42,1422.69,DSL,Two year,Electronic check,Yes,Yes,No,Yes,Yes,Yes,No,0,5,0,109.1,269.1,No
CUST-10173,Male,0,20,64,23.98,1510.55,No,Month-to-month,Credit card (automatic),No internet service,No internet service,No internet service,No internet service,Yes,No,No,1,2,0,26.2,41.5,No
CUST-10174,Female,0,22,61,59.39,3614.7,DSL,Month-to-month,Bank transfer (automatic),No,No,No,Yes,No,No phone service,No,0,4,1,167.8,211.4,No
CUST-10175,Female,0,29,57,116.83,6651.99,Fiber optic,Month-to-month,Bank transfer (automatic),No,Yes,Yes,Yes,Yes,Yes,No,0,3,1,108.3,87.4,No
CUST-10176,Female,1,65,37,73.94,2727.52,Fiber optic,One year,Credit card (automatic),No,No,No,No,Yes,Yes,No,1,2,3,76.6,104.2,No
CUST-10177,Male,0,30,7,78.95,566.3,Fiber optic,Two year,Bank transfer (automatic),No,Yes,No,No,Yes,No,No,0,3,4,126.1,278.0,No
CUST-10178,Male,1,69,8,79.78,608.5,Fiber optic,Month-to-month,Electronic check,No,Yes,No,No,Yes,No,No,0,4,1,129.1,110.6,No
CUST-10179,Male,0,61,68,54.72,3737.76,DSL,Two year,Bank transfer (automatic),No,No,No,No,Yes,Yes,No,0,4,2,95.7,188.9,No
CUST-10180,Male,0,49,21,71.54,1522.68,Fiber optic,Month-to-month,Credit card (automatic),No,No,No,No,Yes,No,No,0,4,3,55.1,48.3,Yes
CUST-10181,Male,0,33,61,96.06,5855.55,Fiber optic,Month-to-month,Electronic check,No,Yes,Yes,No,Yes,No,No,0,4,1,14.3,23.0,No
CUST-10182,Male,0,49,29,105.39,3079.54,Fiber optic,Two year,Electronic check,No,No,Yes,Yes,Yes,Yes,No,1,2,3,171.9,260.9,Yes
CUST-10183,Female,0,62,25,60.55,1506.61,DSL,Month-to-month,Electronic check,No,No,Yes,No,Yes,Yes,Yes,0,4,1,62.2,148.8,Yes
CUST-10184,Male,0,54,58,56.87,3310.14,DSL,Month-to-month,Electronic check,No,No,Yes,No,Yes,No,No,0,3,1,186.3,250.3,No
CUST-10185,Male,0,53,14,52.07,722.31,DSL,One year,Electronic check,No,No,No,No,Yes,Yes,No,0,4,1,116.7,199.5,No
CUST-10186,Male,0,38,66,98.97,6504.29,Fiber optic,Month-to-month,Credit card (automatic),No,No,Yes,Yes,Yes,No,Yes,0,4,1,123.6,229.2,No
CUST-10187,Female,0,64,54,101.27,5443.59,Fiber optic,Month-to-month,Credit card (automatic),Yes,Yes,Yes,No,No,No phone service,No,1,2,1,157.1,203.1,No
CUST-10188,Male,0,29,67,81.83,5479.13,Fiber optic,Two year,Electronic check,Yes,No,No,No,Yes,No,Yes,0,4,0,103.6,126.5,No
CUST-10189,Male,1,69,30,75.84,2304.61,Fiber optic,One year,Bank transfer (automatic),No,No,No,No,Yes,Yes,Yes,1,3,2,181.4,233.4,Yes
CUST-10190,Female,0,38,18,71.15,1261.35,Fiber optic,Two year,Bank transfer (automatic),No,No,No,No,No,No phone service,Yes,1,2,0,100.3,102.1,Yes
CUST-10191,Male,0,60,54,62.07,3375.51,DSL,Month-to-month,Electronic check,No,No,No,Yes,Yes,Yes,No,1,2,2,267.2,266.3,Yes
CUST-10192,Male,0,23,21,71.04,,Fiber optic,Month-to-month,Electronic check,No,No,No,No,No,No phone service,Yes,0,4,5,75.4,136.2,Yes
CUST-10193,Male,0,26,53,31.68,1673.62,No,Two year,Electronic check,No internet service,No internet service,No internet service,No internet service,Yes,Yes,No,1,3,2,72.9,70.8,No
CUST-10194,Male,0,18,16,92.19,1472.75,DSL,Month-to-month,Bank transfer (automatic),Yes,Yes,Yes,Yes,Yes,Yes,No,0,4,1,66.7,75.3,No
CUST-10195,Male,0,29,28,102.05,2857.57,Fiber optic,Month-to-month,Electronic check,No,No,Yes,Yes,Yes,Yes,No,0,5,2,86.7,94.5,No
CUST-10196,Female,0,31,4,59.82,255.5,DSL,Month-to-month,Electronic check,No,Yes,No,No,Yes,No,No,0,5,0,200.5,207.6,No
CUST-10197,Female,0,23,55,53.59,2924.87,DSL,Month-to-month,Electronic check,No,No,No,Yes,Yes,No,No,0,4,0,211.5,220.0,No
CUST-10198,Female,0,18,15,53.83,797.17,DSL,Month-to-month,Credit card (automatic),No,No,No,Yes,Yes,No,No,0,5,3,80.7,174.0,No
CUST-10199,Male,0,39,64,19.71,1241.68,No,Two year,Bank transfer (automatic),No internet service,No internet service,No internet service,No internet service,Yes,No,No,1,4,1,54.4,65.9,No
CUST-10200,Male,1,69,65,103.71,6763.85,Fiber optic,Two year,Mailed check,Yes,No,Yes,No,Yes,Yes,No,1,3,1,95.4,111.9,No
CUST-10201,Male,0,28,16,28.63,432.31,No,One year,Credit card (automatic),No internet service,No internet service,No internet service,No internet service,Yes,Yes,Yes,0,4,1,113.4,115.6,No
CUST-10202,Female,0,20,20,102.09,2056.66,Fiber optic,One year,Electronic check,No,No,Yes,Yes,Yes,Yes,Yes,0,2,6,137.9,274.6,Yes
CUST-10203,Male,0,59,64,23.87,1524.06,No,Two year,Bank transfer (automatic),No internet service,No internet service,No internet service,No internet service,Yes,Yes,Yes,0,4,2,151.6,157.8,No
CUST-10204,Male,0,23,33,96.62,3201.34,Fiber optic,One year,Electronic check,Yes,No,No,Yes,No,No phone service,No,0,3,2,214.1,191.6,Yes
CUST-10205,Female,1,73,69,98.47,6817.82,Fiber optic,Month-to-month,Electronic check,No,Yes,No,Yes,Yes,Yes,No,0,3,1,51.2,127.8,Yes
CUST-10206,Male,0,37,69,54.52,3752.26,DSL,Month-to-month,Credit card (automatic),No,No,No,Yes,Yes,No,No,1,3,0,107.0,189.0,No
CUST-10207,Female,0,38,58,89.12,5152.58,Fiber optic,Month-to-month,Bank transfer (automatic),Yes,Yes,No,No,Yes,No,No,0,3,1,119.5,237.5,No
CUST-10208,Female,1,65,39,103.14,4031.47,Fiber optic,Month-to-month,Electronic check,Yes,No,Yes,Yes,Yes,No,No,1,3,0,299.8,687.8,Yes
CUST-10209,Female,0,43,36,89.59,3255.09,Fiber optic,Month-to-month,Electronic check,No,No,Yes,No,Yes,Yes,No,0,4,3,128.8,103.6,Yes
CUST-10210,Male,0,48,68,68.89,4698.29,DSL,Month-to-month,Mailed check,Yes,No,No,Yes,Yes,No,No,0,4,1,142.4,308.5,No
CUST-10211,Male,0,43,21,23.68,515.02,No,Month-to-month,Bank transfer (automatic),No internet service,No internet service,No internet service,No internet service,Yes,No,No,1,3,1,35.2,69.5,Yes
CUST-10212,Male,0,49,63,82.57,5209.7,DSL,Month-to-month,Electronic check,No,Yes,Yes,Yes,Yes,Yes,No,0,5,0,105.3,143.8,Yes
CUST-10213,Male,0,27,6,27.91,159.55,No,Month-to-month,Bank transfer (automatic),No internet service,No internet service,No internet service,No internet service,Yes,Yes,No,1,2,1,247.2,221.5,Yes
CUST-10214,Male,1,73,24,78.14,1884.64,DSL,Month-to-month,Credit card (automatic),No,Yes,Yes,Yes,Yes,No,No,0,3,4,41.9,72.9,Yes
CUST-10215,Male,1,69,53,87.11,4594.54,Fiber optic,One year,Electronic check,Yes,No,No,Yes,Yes,No,No,0,4,0,226.2,299.1,No
CUST-10216,Male,0,40,50,97.16,4857.33,Fiber optic,Month-to-month,Credit card (automatic),No,No,Yes,Yes,Yes,No,No,0,4,0,150.2,129.7,No
CUST-10217,Female,0,45,12,41.04,496.86,DSL,Two year,Electronic check,No,No,No,No,Yes,No,Yes,0,4,4,85.3,203.7,No
CUST-10218,Male,0,47,56,74.15,4176.8,Fiber optic,Two year,Bank transfer (automatic),No,No,No,No,Yes,Yes,Yes,1,3,0,74.2,65.3,No
CUST-10219,Female,1,73,15,95.48,1457.38,Fiber optic,One year,Credit card (automatic),Yes,No,No,Yes,Yes,Yes,Yes,0,4,1,20.4,33.6,No
CUST-10220,Male,0,54,40,42.0,1653.61,DSL,One year,Mailed check,No,No,No,No,Yes,No,No,0,3,1,141.2,284.9,No
CUST-10221,Male,0,49,41,71.77,2950.48,DSL,Two year,Electronic check,Yes,No,Yes,No,Yes,Yes,No,1,1,5,33.0,55.6,Yes
CUST-10222,Male,0,51,69,88.48,6122.9,Fiber optic,Month-to-month,Credit card (automatic),No,No,No,Yes,Yes,Yes,No,0,3,0,119.4,295.2,No
CUST-10223,Female,0,58,69,21.59,1491.9,No,Two year,Electronic check,No internet service,No internet service,No internet service,No internet service,Yes,No,No,0,3,1,196.0,358.3,No
CUST-10224,Female,0,61,6,70.54,398.98,DSL,One year,Mailed check,Yes,No,No,Yes,Yes,Yes,Yes,0,3,2,130.5,234.1,Yes
CUST-10225,Female,0,39,67,68.6,4580.16,DSL,One year,Mailed check,No,No,No,Yes,Yes,Yes,Yes,0,4,0,25.3,47.4,No
CUST-10226,Female,0,48,33,18.27,591.73,No,Month-to-month,Mailed check,No internet service,No internet service,No internet service,No internet service,Yes,No,No,0,5,1,101.8,249.9,Yes
CUST-10227,Male,0,24,43,91.07,3925.78,Fiber optic,Month-to-month,Mailed check,No,No,Yes,No,Yes,Yes,No,1,2,1,74.6,101.0,No
CUST-10228,Female,0,58,21,70.12,1446.45,DSL,One year,Mailed check,Yes,No,No,Yes,Yes,Yes,No,0,4,0,112.7,250.5,No
CUST-10229,Male,0,38,65,26.66,1735.88,No,One year,Electronic check,No internet service,No internet service,No internet service,No internet service,Yes,Yes,No,0,4,1,41.6,39.4,No
CUST-10230,Male,1,68,17,74.02,1234.88,DSL,One year,Bank transfer (automatic),Yes,No,Yes,Yes,Yes,No,Yes,1,2,1,147.3,282.4,Yes
CUST-10231,Female,0,37,8,69.65,550.91,DSL,Month-to-month,Electronic check,Yes,Yes,No,No,Yes,Yes,Yes,0,4,0,67.4,119.9,No
CUST-10232,Female,0,60,64,111.48,7130.25,Fiber optic,Month-to-month,Electronic check,Yes,No,Yes,Yes,Yes,Yes,No,0,5,0,122.3,229.2,No
CUST-10233,Female,0,61,28,67.35,1882.91,DSL,Month-to-month,Mailed check,Yes,No,No,Yes,Yes,No,No,0,4,1,216.7,336.8,No
CUST-10234,Female,0,64,13,84.53,,Fiber optic,Month-to-month,Mailed check,Yes,No,No,No,Yes,Yes,No,0,5,0,228.4,456.5,No
CUST-10235,Female,0,36,13,30.45,370.72,No,Month-to-month,Electronic check,No internet service,No internet service,No internet service,No internet service,Yes,Yes,No,0,4,1,144.9,279.6,No
CUST-10236,Female,1,65,38,18.25,679.59,No,Month-to-month,Mailed check,No internet service,No internet service,No internet service,No internet service,Yes,No,No,0,3,1,89.6,201.5,No
CUST-10237,Female,0,32,25,24.16,612.47,No,Month-to-month,Mailed check,No internet service,No internet service,No internet service,No internet service,Yes,Yes,No,1,3,1,128.2,301.7,Yes
CUST-10238,Female,0,22,62,43.33,2713.07,DSL,Month-to-month,Electronic check,No,No,No,No,No,No phone service,No,0,4,2,70.0,80.6,No
CUST-10239,Male,0,28,23,88.51,2042.98,Fiber optic,Month-to-month,Bank transfer (automatic),No,Yes,No,No,Yes,Yes,No,0,3,3,74.5,153.6,Yes
CUST-10240,Female,1,67,21,108.89,2309.69,Fiber optic,Two year,Credit card (automatic),Yes,No,Yes,Yes,Yes,No,No,1,3,2,57.2,98.7,No
CUST-10241,Female,0,46,54,19.19,1064.36,No,One year,Mailed check,No internet service,No internet service,No internet service,No internet service,No,No phone service,Yes,0,3,3,30.3,39.4,No
CUST-10242,Male,0,62,63,113.26,7158.41,Fiber optic,One year,Bank transfer (automatic),Yes,Yes,Yes,Yes,Yes,No,No,0,3,0,29.6,33.3,No
CUST-10243,Female,0,21,30,87.59,2656.03,Fiber optic,Month-to-month,Electronic check,No,Yes,No,Yes,Yes,No,No,0,3,0,45.3,54.8,Yes
CUST-10244,Male,0,53,68,57.66,3937.5,DSL,One year,Bank transfer (automatic),Yes,No,No,No,Yes,No,No,0,4,1,233.5,347.2,No
CUST-10245,Male,0,40,32,88.82,2865.47,Fiber optic,Month-to-month,Bank transfer (automatic),Yes,No,Yes,No,Yes,No,No,0,4,1,57.2,92.9,Yes
CUST-10246,Female,1,73,24,57.45,1378.29,DSL,Two year,Bank transfer (automatic),Yes,No,No,No,Yes,No,No,0,4,1,158.8,212.5,No
CUST-10247,Male,0,63,7,57.11,390.5,DSL,One year,Credit card (automatic),No,No,No,No,Yes,Yes,Yes,0,3,3,227.7,328.0,No
CUST-10248,Male,0,61,72,75.68,5478.94,DSL,One year,Electronic check,Yes,Yes,No,No,Yes,Yes,No,1,2,1,48.3,113.5,No
CUST-10249,Male,0,20,1,21.42,21.42,No,Two year,Mailed check,No internet service,No internet service,No internet service,No internet service,Yes,No,No,1,2,0,56.2,63.2,Yes
CUST-10250,Male,1,66,3,91.04,300.61,Fiber optic,Month-to-month,Electronic check,No,No,No,Yes,Yes,Yes,No,0,3,3,109.2,95.5,Yes
CUST-10251,Female,0,27,28,103.54,2894.97,Fiber optic,Month-to-month,Bank transfer (automatic),No,Yes,Yes,Yes,Yes,No,Yes,0,3,3,47.0,96.9,Yes
CUST-10252,Male,0,57,43,98.45,4204.69,Fiber optic,One year,Credit card (automatic),No,No,Yes,Yes,Yes,Yes,No,1,1,1,75.4,103.5,Yes
CUST-10253,Female,0,55,46,30.79,1434.52,No,Month-to-month,Mailed check,No internet service,No internet service,No internet service,No internet service,Yes,Yes,No,1,1,0,96.4,119.1,No
CUST-10254,Male,0,39,1,81.77,81.77,Fiber optic,Month-to-month,Mailed check,No,No,No,Yes,Yes,No,No,1,1,1,47.2,113.8,Yes
CUST-10255,Male,0,31,38,111.26,4245.8,Fiber optic,One year,Bank transfer (automatic),Yes,Yes,Yes,No,Yes,Yes,Yes,1,1,2,151.2,215.7,No
CUST-10256,Male,0,34,35,65.74,2273.59,DSL,Month-to-month,Electronic check,Yes,No,No,Yes,Yes,No,No,0,4,1,54.2,82.0,Yes
CUST-10257,Male,1,67,54,75.01,4078.99,Fiber optic,One year,Electronic check,No,No,No,No,Yes,Yes,Yes,0,5,1,249.5,457.8,No
CUST-10258,Female,0,32,24,31.07,755.94,No,Two year,Mailed check,No internet service,No internet service,No internet service,No internet service,Yes,Yes,No,1,4,1,155.9,229.1,No
CUST-10259,Female,0,32,28,26.42,712.64,No,Month-to-month,Mailed check,No internet service,No internet service,No internet service,No internet service,Yes,Yes,Yes,0,4,1,70.9,156.3,No
CUST-10260,Male,0,18,22,90.67,1965.02,DSL,Month-to-month,Mailed check,Yes,No,Yes,Yes,Yes,Yes,No,0,3,3,74.0,115.6,Yes
CUST-10261,Male,0,41,16,83.66,1344.2,DSL,Month-to-month,Electronic check,No,Yes,Yes,Yes,Yes,No,No,1,2,2,128.8,187.4,Yes
CUST-10262,Female,0,29,13,85.3,1137.49,Fiber optic,Month-to-month,Mailed check,No,No,No,Yes,Yes,No,No,0,4,0,205.0,363.5,Yes
CUST-10263,Male,0,27,62,75.28,4668.8,DSL,Month-to-month,Credit card (automatic),Yes,No,Yes,Yes,No,No phone service,Yes,0,5,0,36.3,86.4,No
CUST-10264,Male,0,63,43,60.55,2594.88,DSL,Month-to-month,Electronic check,No,No,No,Yes,No,No phone service,Yes,0,3,0,115.2,196.8,Yes
CUST-10265,Male,0,59,32,92.19,2976.42,Fiber optic,Month-to-month,Bank transfer (automatic),Yes,No,Yes,No,Yes,No,No,0,4,0,79.5,105.5,No
CUST-10266,Female,0,59,67,89.41,6019.51,Fiber optic,Month-to-month,Bank transfer (automatic),No,Yes,Yes,No,Yes,No,No,0,4,1,151.3,208.9,No
CUST-10267,Female,0,48,57,18.25,1057.32,No,One year,Credit card (automatic),No internet service,No internet service,No internet service,No internet service,Yes,No,No,0,4,2,69.8,79.3,No
CUST-10268,Female,0,28,65,87.79,5719.42,Fiber optic,Two year,Bank transfer (automatic),No,No,Yes,No,Yes,Yes,No,1,1,4,109.6,204.6,No
CUST-10269,Male,0,33,69,71.37,4894.65,DSL,One year,Bank transfer (automatic),Yes,No,No,Yes,Yes,Yes,No,0,4,1,160.6,136.4,No
CUST-10270,Male,0,26,49,75.26,3676.56,Fiber optic,Month-to-month,Bank transfer (automatic),Yes,No,No,No,Yes,No,No,1,2,1,178.4,351.1,Yes
CUST-10271,Female,0,64,33,82.88,2760.55,Fiber optic,Month-to-month,Electronic check,No,No,No,No,Yes,Yes,No,0,5,0,137.3,319.2,No
CUST-10272,Female,0,31,19,31.32,587.17,No,One year,Bank transfer (automatic),No internet service,No internet service,No internet service,No internet service,Yes,Yes,Yes,1,3,0,46.8,89.3,No
CUST-10273,Female,0,36,36,92.39,3316.11,Fiber optic,Month-to-month,Mailed check,Yes,Yes,No,No,Yes,No,No,0,4,1,57.1,127.4,No
CUST-10274,Female,0,48,70,61.93,4337.33,DSL,Month-to-month,Mailed check,No,No,No,Yes,Yes,Yes,No,0,3,3,130.6,123.4,No
CUST-10275,Male,0,26,15,95.28,1426.07,Fiber optic,Two year,Electronic check,No,Yes,No,Yes,Yes,Yes,No,0,3,2,35.3,72.3,No
CUST-10276,Female,0,53,24,99.85,2417.93,Fiber optic,Month-to-month,Electronic check,Yes,No,Yes,No,Yes,Yes,No,0,5,3,173.7,362.8,No
CUST-10277,Male,1,73,27,22.42,580.24,No,Month-to-month,Electronic check,No internet service,No internet service,No internet service,No internet service,Yes,No,Yes,0,4,5,62.6,86.4,No
CUST-10278,Female,0,43,49,81.63,4009.39,DSL,Two year,Bank transfer (automatic),No,No,Yes,Yes,Yes,Yes,Yes,0,4,2,30.6,61.0,No
CUST-10279,Male,0,25,23,23.44,550.95,No,Two year,Credit card (automatic),No internet service,No internet service,No internet service,No internet service,No,No phone service,No,0,5,1,78.9,121.2,No
CUST-10280,Female,0,41,33,23.94,812.83,No,Month-to-month,Electronic check,No internet service,No internet service,No internet service,No internet service,Yes,No,Yes,1,4,1,183.4,371.1,No
CUST-10281,Female,0,25,41,25.39,1035.94,No,Month-to-month,Electronic check,No internet service,No internet service,No internet service,No internet service,Yes,Yes,No,0,5,2,145.0,287.9,No
CUST-10282,Female,0,36,56,18.25,1009.7,No,One year,Credit card (automatic),No internet service,No internet service,No internet service,No internet service,Yes,No,Yes,0,4,2,98.2,128.9,No
CUST-10283,Female,0,64,29,97.48,2834.51,Fiber optic,One year,Bank transfer (automatic),No,Yes,No,Yes,Yes,Yes,Yes,0,4,1,24.9,21.1,No
CUST-10284,Male,0,47,31,18.25,579.25,No,Month-to-month,Credit card (automatic),No internet service,No internet service,No internet service,No internet service,Yes,No,Yes,0,4,1,87.0,184.8,No
CUST-10285,Female,0,39,65,94.98,6153.96,Fiber optic,One year,Electronic check,No,Yes,Yes,No,Yes,No,Yes,0,4,1,90.5,117.6,No
CUST-10286,Male,0,26,18,86.03,1528.03,Fiber optic,Two year,Credit card (automatic),No,No,Yes,No,No,No phone service,No,0,4,2,176.3,313.4,No
CUST-10287,Male,0,61,6,102.07,598.24,Fiber optic,Month-to-month,Credit card (automatic),No,Yes,Yes,Yes,Yes,No,No,0,4,1,84.6,157.6,Yes
CUST-10288,Male,1,67,52,107.77,5588.92,Fiber optic,Two year,Electronic check,Yes,No,Yes,Yes,Yes,No,Yes,0,4,2,10.2,23.5,No
CUST-10289,Male,0,54,40,64.55,2597.04,DSL,Two year,Electronic check,No,No,Yes,Yes,Yes,No,Yes,0,4,0,82.7,70.2,No
CUST-10290,Female,0,25,65,101.77,6616.89,Fiber optic,Month-to-month,Electronic check,Yes,No,Yes,No,Yes,Yes,No,0,2,4,89.1,152.0,Yes
CUST-10291,Male,0,18,42,70.27,2954.21,Fiber optic,One year,Electronic check,No,No,No,No,Yes,No,No,0,4,3,52.4,98.4,No
CUST-10292,Male,1,68,68,54.77,3695.24,DSL,Month-to-month,Credit card (automatic),No,No,No,Yes,No,No phone service,No,0,4,1,82.1,150.9,No
CUST-10293,Male,0,23,32,72.68,2355.42,Fiber optic,One year,Mailed check,No,No,No,No,Yes,No,Yes,0,4,1,211.6,442.2,No
CUST-10294,Female,0,64,10,52.12,540.99,DSL,One year,Bank transfer (automatic),No,Yes,No,No,Yes,No,No,0,5,1,28.0,25.3,No
CUST-10295,Female,0,53,69,89.16,6148.66,Fiber optic,Month-to-month,Credit card (automatic),No,No,No,Yes,Yes,Yes,No,0,4,3,79.3,94.4,No
CUST-10296,Female,0,28,9,102.1,892.91,Fiber optic,One year,Mailed check,No,Yes,No,Yes,Yes,Yes,No,0,3,5,99.3,187.6,No
CUST-10297,Female,0,22,69,76.38,5281.88,Fiber optic,Two year,Bank transfer (automatic),No,No,No,No,Yes,Yes,No,1,3,2,59.7,82.0,No
CUST-10298,Male,0,41,61,103.55,6318.65,Fiber optic,Month-to-month,Electronic check,No,Yes,Yes,No,Yes,Yes,No,0,4,0,169.7,210.7,No
CUST-10299,Male,0,64,11,82.65,919.8,DSL,Month-to-month,Mailed check,No,Yes,Yes,Yes,Yes,No,Yes,0,4,1,81.9,118.0,Yes
CUST-10300,Female,0,35,68,62.03,4228.69,DSL,Month-to-month,Credit card (automatic),No,No,Yes,No,Yes,Yes,Yes,0,3,3,212.9,483.8,No
CUST-10301,Male,0,37,8,87.4,678.48,Fiber optic,One year,Electronic check,No,Yes,No,No,Yes,Yes,Yes,0,3,1,42.1,48.9,No
CUST-10302,Male,0,45,49,81.32,3974.41,Fiber optic,Two year,Mailed check,No,No,No,Yes,Yes,No,No,1,2,0,83.0,179.3,No
CUST-10303,Male,0,30,24,101.1,2397.47,Fiber optic,Two year,Credit card (automatic),Yes,Yes,No,Yes,Yes,No,Yes,0,3,0,43.7,61.7,No
CUST-10304,Female,0,22,33,20.02,689.6,No,Month-to-month,Bank transfer (automatic),No internet service,No internet service,No internet service,No internet service,Yes,No,No,0,3,5,93.8,181.8,No
CUST-10305,Female,0,47,19,85.74,1647.45,Fiber optic,Month-to-month,Bank transfer (automatic),No,No,Yes,No,Yes,Yes,No,0,5,2,26.0,27.2,Yes
CUST-10306,Male,1,77,2,31.7,89.13,No,Month-to-month,Credit card (automatic),No internet service,No internet service,No internet service,No internet service,Yes,Yes,Yes,0,3,1,112.6,122.1,No
CUST-10307,Female,0,39,55,70.9,3872.15,DSL,Month-to-month,Electronic check,Yes,Yes,No,No,Yes,Yes,No,0,3,2,174.5,178.7,Yes
CUST-10308,Female,0,35,11,93.02,1023.24,Fiber optic,Month-to-month,Bank transfer (automatic),Yes,Yes,No,No,Yes,Yes,No,1,2,1,121.7,271.9,Yes
CUST-10309,Female,0,63,17,29.85,522.3,No,Month-to-month,Credit card (automatic),No internet service,No internet service,No internet service,No internet service,Yes,Yes,Yes,0,3,4,21.7,43.2,Yes
CUST-10310,Female,1,77,42,76.5,3189.22,DSL,Month-to-month,Electronic check,Yes,No,Yes,No,Yes,Yes,Yes,1,2,1,68.6,157.6,No
CUST-10311,Female,0,48,61,83.83,5130.26,DSL,Two year,Mailed check,Yes,No,Yes,Yes,Yes,No,No,0,4,2,350.0,651.8,No
CUST-10312,Male,0,23,3,114.19,351.42,Fiber optic,One year,Electronic check,Yes,No,Yes,Yes,Yes,Yes,Yes,1,2,3,77.6,146.9,Yes
CUST-10313,Female,0,44,35,61.33,2175.65,DSL,One year,Electronic check,No,Yes,No,No,Yes,Yes,No,1,2,2,36.1,61.3,Yes
CUST-10314,Male,0,42,66,74.53,4897.43,Fiber optic,Month-to-month,Mailed check,No,No,No,No,Yes,No,Yes,0,4,0,192.7,173.4,No
CUST-10315,Male,0,46,1,68.65,76.41,Fiber optic,Two year,Bank transfer (automatic),No,No,No,No,Yes,No,No,0,5,1,295.7,254.3,No
CUST-10316,Female,0,45,7,31.21,245.3,No,One year,Credit card (automatic),No internet service,No internet service,No internet service,No internet service,Yes,Yes,No,0,4,2,126.1,206.7,No
CUST-10317,Male,0,33,20,26.36,541.82,No,Two year,Bank transfer (automatic),No internet service,No internet service,No internet service,No internet service,Yes,Yes,Yes,1,2,1,30.4,50.0,No
CUST-10318,Male,1,76,43,99.49,4268.24,Fiber optic,Month-to-month,Credit card (automatic),No,Yes,Yes,Yes,Yes,No,Yes,1,3,0,168.1,198.4,Yes
CUST-10319,Male,0,37,6,67.34,381.2,DSL,Month-to-month,Electronic check,No,No,Yes,No,Yes,Yes,Yes,0,4,1,74.2,133.6,No
CUST-10320,Female,0,35,55,67.5,3740.33,DSL,Month-to-month,Electronic check,No,No,Yes,Yes,Yes,No,No,0,4,0,66.9,155.8,No
CUST-10321,Female,0,51,21,80.39,1662.5,Fiber optic,Month-to-month,Credit card (automatic),No,No,No,Yes,Yes,No,No,0,5,0,124.8,265.9,No
CUST-10322,Male,0,40,51,104.16,5340.67,Fiber optic,One year,Credit card (automatic),No,No,Yes,Yes,Yes,Yes,Yes,0,4,2,41.7,73.5,No
CUST-10323,Female,0,62,46,90.22,4138.33,Fiber optic,Two year,Electronic check,Yes,No,Yes,No,Yes,No,No,0,3,2,89.4,111.4,No
CUST-10324,Female,0,44,35,75.18,2652.92,DSL,Month-to-month,Bank transfer (automatic),Yes,No,Yes,Yes,Yes,No,No,0,5,0,168.5,203.3,No
CUST-10325,Female,0,34,8,19.05,155.66,No,Month-to-month,Mailed check,No internet service,No internet service,No internet service,No internet service,Yes,No,No,1,3,0,56.2,124.4,Yes
CUST-10326,Female,1,67,68,81.24,5549.08,Fiber optic,One year,Mailed check,No,No,No,No,Yes,Yes,No,0,3,3,111.4,158.8,No
CUST-10327,Male,1,71,16,61.3,976.4,DSL,Month-to-month,Credit card (automatic),Yes,Yes,No,No,Yes,No,No,0,3,2,75.8,139.8,Yes
CUST-10328,Male,0,48,67,57.54,3876.17,DSL,One year,Bank transfer (automatic),No,No,No,Yes,Yes,No,No,0,4,1,31.5,72.6,No
CUST-10329,Female,0,20,71,63.32,4480.02,DSL,One year,Electronic check,Yes,No,No,Yes,Yes,No,No,0,3,0,112.7,160.7,No
CUST-10330,Female,1,74,64,65.49,4189.36,Fiber optic,Month-to-month,Electronic check,No,No,No,No,Yes,No,Yes,0,4,2,43.8,87.4,No
CUST-10331,Male,0,43,2,61.79,144.36,DSL,Two year,Electronic check,No,Yes,No,No,Yes,Yes,Yes,0,5,0,60.5,130.8,No
CUST-10332,Male,1,79,1,29.58,29.58,No,Month-to-month,Bank transfer (automatic),No internet service,No internet service,No internet service,No internet service,Yes,Yes,No,0,4,0,171.2,180.4,No
CUST-10333,Female,0,23,58,87.75,5103.22,Fiber optic,Two year,Mailed check,No,No,Yes,No,Yes,Yes,No,0,4,1,127.6,118.9,No
CUST-10334,Male,0,45,1,77.46,77.46,Fiber optic,One year,Credit card (automatic),No,No,No,No,Yes,Yes,No,1,2,2,188.8,415.7,Yes
CUST-10335,Female,0,25,7,27.91,196.16,No,Two year,Credit card (automatic),No internet service,No internet service,No internet service,No internet service,Yes,Yes,No,0,2,4,87.5,204.2,No
CUST-10336,Female,0,62,69,93.41,6450.03,Fiber optic,Month-to-month,Electronic check,No,No,Yes,No,Yes,Yes,No,0,4,0,102.0,151.5,Yes
CUST-10337,Male,0,25,18,31.19,547.96,No,Month-to-month,Bank transfer (automatic),No internet service,No internet service,No internet service,No internet service,Yes,Yes,Yes,0,4,1,43.4,70.7,Yes
CUST-10338,Male,0,36,32,65.02,2056.42,Fiber optic,Month-to-month,Mailed check,No,No,No,No,Yes,No,Yes,1,3,0,79.4,162.9,No
CUST-10339,Female,0,55,45,79.14,3532.42,Fiber optic,Month-to-month,Electronic check,Yes,No,No,No,Yes,No,Yes,0,3,3,30.0,33.9,No
CUST-10340,Female,0,46,33,93.56,3083.34,Fiber optic,Two year,Mailed check,Yes,No,Yes,No,Yes,No,No,0,4,2,92.7,76.4,No
CUST-10341,Male,0,40,49,83.52,4078.61,Fiber optic,Month-to-month,Credit card (automatic),No,Yes,No,No,No,No phone service,Yes,0,3,2,68.2,153.5,Yes
CUST-10342,Female,1,68,33,77.49,2565.15,Fiber optic,Two year,Mailed check,No,No,No,Yes,Yes,No,Yes,1,3,2,125.0,239.4,No
CUST-10343,Male,0,49,71,76.28,5428.84,DSL,Month-to-month,Bank transfer (automatic),Yes,No,No,Yes,Yes,Yes,No,0,4,2,268.9,526.5,No
CUST-10344,Female,0,27,68,95.42,6488.78,Fiber optic,Month-to-month,Mailed check,Yes,No,No,Yes,Yes,No,Yes,0,4,0,119.0,212.2,No
CUST-10345,Male,0,44,28,18.25,518.14,No,Two year,Mailed check,No internet service,No internet service,No internet service,No internet service,Yes,No,No,0,4,2,74.8,131.2,No
CUST-10346,Male,0,18,53,76.05,4034.29,DSL,Month-to-month,Credit card (automatic),No,Yes,Yes,Yes,Yes,No,No,1,2,3,29.6,72.7,No
CUST-10347,Male,1,79,44,76.68,3344.19,DSL,One year,Credit card (automatic),No,No,Yes,Yes,Yes,Yes,Yes,0,4,2,240.2,449.4,No
CUST-10348,Female,0,46,55,74.63,4125.15,Fiber optic,Month-to-month,Electronic check,No,No,No,No,Yes,No,Yes,1,2,2,118.5,122.9,Yes
CUST-10349,Female,0,62,10,68.93,662.87,DSL,Two year,Electronic check,Yes,No,Yes,No,No,No phone service,No,0,3,1,93.5,117.3,No
CUST-10350,Male,0,20,14,76.24,1061.98,DSL,One year,Mailed check,Yes,Yes,No,Yes,Yes,No,No,0,3,2,113.2,143.9,No
CUST-10351,Female,0,64,36,89.21,3188.22,Fiber optic,One year,Electronic check,No,No,Yes,Yes,No,No phone service,No,0,4,0,107.2,123.8,No
CUST-10352,Male,0,54,34,20.57,709.12,No,Month-to-month,Bank transfer (automatic),No internet service,No internet service,No internet service,No internet service,Yes,No,No,1,2,3,37.6,85.3,No
CUST-10353,Male,1,67,18,88.49,1582.36,Fiber optic,Month-to-month,Electronic check,No,No,No,Yes,Yes,Yes,No,0,2,2,63.3,106.7,Yes
CUST-10354,Female,0,28,16,100.86,1588.03,Fiber optic,Two year,Credit card (automatic),Yes,No,Yes,Yes,No,No phone service,Yes,1,2,2,157.0,253.3,No
CUST-10355,Female,0,39,37,57.0,2081.72,DSL,Two year,Bank transfer (automatic),No,No,Yes,No,Yes,No,No,0,5,1,126.1,312.5,No
CUST-10356,Male,0,35,41,77.41,3158.04,DSL,Month-to-month,Electronic check,Yes,No,Yes,Yes,Yes,No,Yes,1,3,2,177.2,153.9,No
CUST-10357,Female,0,52,25,87.39,2194.79,Fiber optic,Month-to-month,Electronic check,Yes,No,Yes,No,Yes,No,No,0,4,1,199.5,312.2,No
CUST-10358,Female,0,23,8,22.26,191.17,No,Month-to-month,Electronic check,No internet service,No internet service,No internet service,No internet service,Yes,No,Yes,0,4,0,96.0,111.8,No
CUST-10359,Male,0,20,18,69.33,1225.65,DSL,Month-to-month,Electronic check,Yes,No,No,Yes,No,No phone service,No,0,3,0,97.3,148.5,No
CUST-10360,Male,0,22,68,78.19,5295.27,DSL,One year,Bank transfer (automatic),No,No,Yes,Yes,Yes,Yes,No,1,3,1,161.3,173.4,No
CUST-10361,Female,0,26,48,105.41,5065.27,Fiber optic,Month-to-month,Mailed check,No,No,Yes,Yes,Yes,Yes,Yes,1,3,1,135.3,141.3,Yes
CUST-10362,Male,0,45,70,25.03,1779.54,No,Month-to-month,Bank transfer (automatic),No internet service,No internet service,No internet service,No internet service,Yes,Yes,Yes,0,3,1,77.1,96.7,No
CUST-10363,Male,0,36,67,97.86,6559.79,Fiber optic,One year,Mailed check,Yes,No,Yes,No,Yes,Yes,No,0,4,4,100.1,101.3,No
CUST-10364,Female,0,45,18,74.59,1355.32,DSL,Month-to-month,Electronic check,Yes,No,No,Yes,Yes,Yes,Yes,0,4,1,93.0,224.3,No
CUST-10365,Male,0,44,18,73.6,1329.32,Fiber optic,One year,Mailed check,No,No,No,No,Yes,Yes,No,0,3,1,30.9,31.3,No
CUST-10366,Male,1,73,56,88.84,4951.33,DSL,Two year,Bank transfer (automatic),Yes,Yes,No,Yes,Yes,Yes,No,0,3,3,125.6,200.0,No
CUST-10367,Female,0,55,23,81.91,1910.72,Fiber optic,Month-to-month,Electronic check,No,No,Yes,No,Yes,No,No,0,4,0,89.7,190.6,Yes
CUST-10368,Female,0,60,35,80.25,2783.07,Fiber optic,One year,Bank transfer (automatic),No,No,Yes,No,No,No phone service,No,0,4,1,105.1,235.0,No
CUST-10369,Male,0,38,6,19.78,134.27,No,Month-to-month,Electronic check,No internet service,No internet service,No internet service,No internet service,Yes,No,No,1,2,2,51.6,125.6,Yes
CUST-10370,Male,0,44,26,100.25,2635.26,Fiber optic,Month-to-month,Electronic check,No,No,Yes,Yes,Yes,Yes,Yes,0,4,0,89.3,155.9,No
CUST-10371,Female,0,63,61,97.86,5958.6,Fiber optic,Month-to-month,Mailed check,Yes,No,No,Yes,Yes,Yes,No,1,3,0,47.7,63.5,No
CUST-10372,Female,0,23,15,68.48,1007.5,DSL,Month-to-month,Mailed check,No,No,Yes,Yes,Yes,No,No,0,5,0,64.5,121.6,No
CUST-10373,Female,0,55,32,68.82,2206.21,DSL,Month-to-month,Bank transfer (automatic),No,No,Yes,Yes,Yes,No,No,1,3,2,158.2,286.3,No
CUST-10374,Female,0,28,12,99.33,1209.66,Fiber optic,Month-to-month,Mailed check,Yes,No,No,Yes,Yes,Yes,No,0,4,1,62.5,112.7,Yes
CUST-10375,Male,0,64,5,82.48,439.37,Fiber optic,Two year,Electronic check,No,No,Yes,No,Yes,No,No,0,4,1,92.9,130.6,No
CUST-10376,Female,0,58,64,30.83,1984.74,No,One year,Bank transfer (automatic),No internet service,No internet service,No internet service,No internet service,Yes,Yes,No,0,2,3,137.1,314.4,No
CUST-10377,Female,0,34,71,62.57,4432.62,DSL,Two year,Mailed check,Yes,No,Yes,No,Yes,No,No,0,3,4,51.4,89.6,No
CUST-10378,Male,0,56,27,97.12,2621.9,Fiber optic,One year,Electronic check,No,No,Yes,Yes,Yes,No,No,1,2,1,191.7,350.3,Yes
CUST-10379,Female,1,79,45,25.29,1153.72,No,Month-to-month,Credit card (automatic),No internet service,No internet service,No internet service,No internet service,Yes,Yes,No,1,2,2,84.9,130.4,Yes
CUST-10380,Male,0,47,35,54.52,1925.48,DSL,Month-to-month,Electronic check,No,No,No,Yes,Yes,No,No,1,2,1,55.3,66.1,Yes
CUST-10381,Female,0,38,26,100.99,2600.21,Fiber optic,Month-to-month,Credit card (automatic),Yes,No,No,Yes,Yes,Yes,Yes,0,3,0,20.6,24.3,Yes
CUST-10382,Female,0,18,23,98.76,2278.3,Fiber optic,Month-to-month,Electronic check,No,No,Yes,Yes,Yes,No,No,0,4,2,185.7,347.9,No
CUST-10383,Female,1,69,13,99.17,1317.25,Fiber optic,One year,Mailed check,No,Yes,Yes,Yes,No,No phone service,No,0,4,1,128.4,105.6,No
CUST-10384,Male,0,49,3,21.73,82.31,No,Month-to-month,Credit card (automatic),No internet service,No internet service,No internet service,No internet service,Yes,No,No,1,2,3,119.1,284.2,Yes
CUST-10385,Male,0,25,29,71.97,2057.57,Fiber optic,Month-to-month,Bank transfer (automatic),No,No,No,No,Yes,No,No,0,2,3,216.0,332.9,Yes
CUST-10386,Female,0,22,66,112.74,7424.34,Fiber optic,Month-to-month,Electronic check,No,Yes,Yes,Yes,Yes,Yes,No,1,2,2,80.3,181.6,No
CUST-10387,Male,0,47,64,18.25,1164.7,No,Month-to-month,Bank transfer (automatic),No internet service,No internet service,No internet service,No internet service,Yes,No,No,0,4,1,82.9,127.2,No
CUST-10388,Male,0,25,28,83.06,2338.06,Fiber optic,Month-to-month,Electronic check,No,No,No,Yes,Yes,No,No,0,5,0,25.3,25.3,Yes
CUST-10389,Male,0,36,36,75.15,2708.71,DSL,Month-to-month,Mailed check,No,Yes,Yes,Yes,No,No phone service,No,1,2,1,140.9,138.1,Yes
CUST-10390,Male,0,61,6,77.78,441.32,Fiber optic,One year,Bank transfer (automatic),No,No,No,Yes,Yes,No,Yes,1,3,1,126.7,101.7,No
CUST-10391,Male,0,47,11,58.96,662.86,DSL,Month-to-month,Mailed check,No,No,Yes,No,No,No phone service,No,0,4,0,69.0,89.2,No
CUST-10392,Male,1,65,38,114.0,4352.32,Fiber optic,One year,Electronic check,No,Yes,Yes,Yes,Yes,Yes,No,1,3,2,54.7,84.0,Yes
CUST-10393,Female,0,53,34,103.9,3514.95,Fiber optic,Month-to-month,Mailed check,No,Yes,Yes,No,Yes,Yes,No,1,3,3,69.5,58.4,Yes
CUST-10394,Female,0,61,67,62.03,4130.06,DSL,Month-to-month,Electronic check,No,Yes,Yes,No,Yes,No,No,1,3,0,101.7,159.8,No
CUST-10395,Male,0,44,46,87.79,4055.8,DSL,Two year,Electronic check,Yes,Yes,Yes,Yes,Yes,No,No,1,2,2,97.9,99.9,No
CUST-10396,Female,0,30,29,60.12,1751.91,DSL,One year,Mailed check,No,No,No,Yes,Yes,Yes,No,0,3,3,83.3,143.1,No
CUST-10397,Female,1,78,60,65.65,3957.21,DSL,Month-to-month,Bank transfer (automatic),No,Yes,Yes,No,Yes,No,No,0,4,3,45.2,83.4,No
CUST-10398,Female,0,54,54,86.92,4697.68,DSL,Two year,Mailed check,No,Yes,Yes,Yes,Yes,Yes,No,1,2,1,84.4,140.4,No
CUST-10399,Female,0,47,69,53.3,3673.41,DSL,Month-to-month,Electronic check,No,No,No,No,Yes,Yes,Yes,0,4,4,16.7,28.1,No
CUST-10400,Male,0,56,9,85.56,797.82,DSL,Month-to-month,Credit card (automatic),Yes,No,Yes,Yes,Yes,Yes,Yes,0,3,0,151.0,162.5,No
CUST-10401,Female,0,64,10,69.25,709.3,DSL,One year,Bank transfer (automatic),No,Yes,Yes,No,Yes,No,No,1,2,2,110.4,200.7,Yes
CUST-10402,Female,0,30,68,44.16,2997.59,DSL,One year,Electronic check,No,No,No,No,No,No phone service,Yes,0,3,1,198.9,489.4,No
CUST-10403,Male,0,33,58,45.17,2644.31,DSL,Month-to-month,Credit card (automatic),No,No,No,No,Yes,No,No,0,3,1,42.4,104.3,No
CUST-10404,Male,0,61,52,95.0,4969.61,Fiber optic,Month-to-month,Credit card (automatic),No,Yes,No,Yes,Yes,No,Yes,0,4,1,44.9,62.6,No
CUST-10405,Female,0,24,34,86.74,2937.65,Fiber optic,Two year,Electronic check,No,No,No,Yes,Yes,Yes,No,0,4,1,46.7,95.2,No
CUST-10406,Female,0,44,35,90.21,3180.9,Fiber optic,Month-to-month,Bank transfer (automatic),No,Yes,Yes,No,Yes,No,No,0,3,4,73.4,113.8,Yes
CUST-10407,Female,1,71,33,28.21,903.65,No,Month-to-month,Mailed check,No internet service,No internet service,No internet service,No internet service,Yes,Yes,No,1,2,1,7.3,7.5,Yes
CUST-10408,Female,0,52,72,55.68,3991.82,DSL,Month-to-month,Electronic check,No,No,No,No,Yes,Yes,Yes,1,3,1,36.9,76.0,No
CUST-10409,Female,0,32,32,74.25,2355.65,DSL,Two year,Electronic check,No,Yes,No,Yes,Yes,Yes,No,0,4,2,92.9,128.7,No
CUST-10410,Female,0,45,55,73.73,4046.55,Fiber optic,Month-to-month,Mailed check,No,No,No,No,Yes,Yes,Yes,0,4,1,60.2,126.0,Yes
CUST-10411,Male,0,52,8,86.89,698.88,Fiber optic,One year,Electronic check,No,No,No,Yes,Yes,No,No,1,1,1,102.1,147.5,No
CUST-10412,Female,0,24,46,22.08,1028.88,No,One year,Credit card (automatic),No internet service,No internet service,No internet service,No internet service,No,No phone service,No,1,3,0,133.5,146.5,No
CUST-10413,Female,0,63,14,22.23,335.39,No,Month-to-month,Electronic check,No internet service,No internet service,No internet service,No internet service,Yes,No,No,0,4,0,123.6,278.1,No
CUST-10414,Male,0,63,8,101.65,792.71,Fiber optic,One year,Credit card (automatic),Yes,Yes,Yes,No,Yes,No,No,0,4,0,157.4,139.8,No
CUST-10415,Male,0,37,71,45.47,3233.07,DSL,Two year,Credit card (automatic),No,No,No,No,No,No phone service,No,0,5,2,33.1,47.1,No
CUST-10416,Male,0,49,54,82.94,4482.04,Fiber optic,Month-to-month,Bank transfer (automatic),No,No,No,No,Yes,Yes,Yes,0,3,3,205.5,399.4,No
CUST-10417,Male,1,65,21,102.95,2159.46,Fiber optic,Month-to-month,Electronic check,No,No,Yes,Yes,Yes,Yes,No,0,4,1,190.4,439.2,Yes
CUST-10418,Female,0,57,14,62.19,882.33,DSL,Two year,Bank transfer (automatic),No,No,Yes,No,Yes,Yes,No,1,2,0,122.9,132.0,Yes
CUST-10419,Female,0,49,2,79.64,160.08,DSL,One year,Mailed check,Yes,No,No,Yes,Yes,Yes,Yes,0,3,0,147.9,142.5,No
CUST-10420,Female,0,43,61,79.38,4845.19,DSL,Month-to-month,Bank transfer (automatic),No,Yes,Yes,Yes,Yes,No,No,0,4,1,61.0,80.1,No
CUST-10421,Female,0,56,17,87.21,1506.77,Fiber optic,One year,Electronic check,No,Yes,Yes,No,No,No phone service,Yes,0,4,3,49.6,61.3,Yes
CUST-10422,Female,0,37,48,78.73,3800.66,Fiber optic,One year,Credit card (automatic),No,No,No,No,Yes,Yes,Yes,0,5,2,94.9,187.9,No
CUST-10423,Female,0,35,8,77.7,626.24,Fiber optic,One year,Electronic check,No,No,No,Yes,Yes,No,No,0,4,2,136.3,164.1,Yes
CUST-10424,Male,0,32,56,104.28,5819.05,Fiber optic,Two year,Bank transfer (automatic),Yes,No,Yes,Yes,No,No phone service,No,0,3,0,87.7,163.2,No
CUST-10425,Female,0,39,17,48.25,847.77,DSL,Month-to-month,Credit card (automatic),No,No,No,No,No,No phone service,No,0,3,3,77.0,147.5,Yes
CUST-10426,Male,0,39,69,102.39,7072.27,Fiber optic,Month-to-month,Bank transfer (automatic),No,No,Yes,Yes,Yes,Yes,No,0,4,1,84.7,183.8,Yes
CUST-10427,Male,0,38,12,110.73,1347.21,Fiber optic,One year,Electronic check,No,Yes,Yes,Yes,Yes,Yes,Yes,0,4,2,72.7,132.7,Yes
CUST-10428,Female,1,78,38,103.83,3918.84,Fiber optic,Month-to-month,Electronic check,No,Yes,No,Yes,Yes,Yes,Yes,1,3,0,105.2,248.9,Yes
CUST-10429,Male,0,57,18,49.28,910.85,DSL,One year,Mailed check,No,No,No,No,Yes,No,No,0,3,0,90.4,178.7,No
CUST-10430,Female,0,60,26,73.47,1921.83,DSL,Month-to-month,Electronic check,Yes,No,No,Yes,Yes,Yes,No,0,4,3,81.3,98.5,No
CUST-10431,Male,0,35,37,66.99,2489.76,DSL,Month-to-month,Electronic check,No,Yes,No,Yes,Yes,No,Yes,0,4,2,143.7,344.6,No
CUST-10432,Female,0,40,70,94.83,6614.71,Fiber optic,Month-to-month,Electronic check,No,No,Yes,No,Yes,Yes,No,0,5,0,64.0,71.9,No
CUST-10433,Male,0,30,41,74.78,3078.75,Fiber optic,One year,Bank transfer (automatic),No,No,No,No,Yes,Yes,No,0,4,2,168.5,188.1,No
CUST-10434,Female,0,58,42,77.98,3249.76,Fiber optic,One year,Electronic check,No,Yes,No,No,Yes,No,Yes,0,4,3,45.0,92.8,No
CUST-10435,Female,0,26,41,89.28,3633.83,Fiber optic,Month-to-month,Credit card (automatic),No,No,No,Yes,Yes,Yes,No,0,4,0,72.8,122.5,No
CUST-10436,Female,0,24,47,108.01,5065.99,Fiber optic,Month-to-month,Mailed check,Yes,No,Yes,Yes,Yes,Yes,No,1,3,2,90.8,97.3,Yes
CUST-10437,Female,0,58,14,67.72,919.47,Fiber optic,Month-to-month,Bank transfer (automatic),No,No,No,No,No,No phone service,Yes,1,2,3,57.4,57.0,Yes
CUST-10438,Female,0,18,1,67.45,67.45,DSL,One year,Electronic check,Yes,No,No,Yes,Yes,No,No,1,3,1,61.3,66.7,Yes
CUST-10439,Male,0,19,17,25.28,443.33,No,Month-to-month,Credit card (automatic),No internet service,No internet service,No internet service,No internet service,Yes,Yes,No,0,4,0,127.0,301.6,No
CUST-10440,Male,0,21,55,95.86,5292.4,Fiber optic,One year,Electronic check,No,No,Yes,Yes,No,No phone service,No,0,4,3,38.5,69.2,Yes
CUST-10441,Male,0,31,53,18.48,960.21,No,Month-to-month,Electronic check,No internet service,No internet service,No internet service,No internet service,Yes,No,No,0,3,1,144.0,293.7,No
CUST-10442,Female,1,76,31,97.9,3054.3,Fiber optic,Month-to-month,Electronic check,No,No,Yes,Yes,Yes,Yes,No,1,3,2,96.4,98.1,Yes
CUST-10443,Male,1,66,62,89.65,5557.13,DSL,One year,Electronic check,Yes,No,Yes,Yes,Yes,Yes,Yes,1,3,0,81.3,117.5,No
CUST-10444,Female,0,19,8,53.67,456.83,DSL,Month-to-month,Mailed check,No,No,No,No,Yes,Yes,No,0,4,0,70.9,123.8,No
CUST-10445,Female,0,57,30,23.25,675.86,No,Month-to-month,Bank transfer (automatic),No internet service,No internet service,No internet service,No internet service,Yes,No,No,1,3,0,84.5,140.8,No
CUST-10446,Male,0,31,66,80.6,5292.81,Fiber optic,Month-to-month,Electronic check,No,No,No,Yes,No,No phone service,Yes,0,4,0,118.7,170.1,No
CUST-10447,Male,1,77,45,99.19,4484.25,Fiber optic,Month-to-month,Bank transfer (automatic),No,Yes,Yes,Yes,Yes,No,Yes,0,2,1,46.4,44.7,No
CUST-10448,Female,1,80,18,89.47,1602.18,Fiber optic,Month-to-month,Bank transfer (automatic),No,No,Yes,Yes,Yes,No,No,0,4,1,10.0,19.6,No
CUST-10449,Male,0,59,45,82.95,3730.18,Fiber optic,Month-to-month,Credit card (automatic),Yes,No,No,No,Yes,No,No,1,2,2,54.2,98.5,Yes
CUST-10450,Female,0,25,19,27.11,515.8,No,One year,Electronic check,No internet service,No internet service,No internet service,No internet service,Yes,Yes,Yes,0,4,1,107.6,163.0,No
CUST-10451,Female,0,45,68,79.76,5443.19,DSL,One year,Electronic check,Yes,No,No,Yes,Yes,Yes,No,0,4,2,308.9,733.9,No
CUST-10452,Female,0,63,50,78.3,3889.56,DSL,One year,Electronic check,No,Yes,Yes,No,Yes,Yes,Yes,0,3,2,159.1,331.8,No
CUST-10453,Female,0,38,25,52.16,1307.07,DSL,Month-to-month,Mailed check,No,No,Yes,No,Yes,No,Yes,0,4,2,31.5,44.7,No
CUST-10454,Female,1,70,38,23.7,896.43,No,One year,Mailed check,No internet service,No internet service,No internet service,No internet service,Yes,No,No,1,3,2,71.4,63.5,No
CUST-10455,Male,0,49,36,95.13,3415.1,Fiber optic,One year,Mailed check,Yes,Yes,No,No,Yes,Yes,No,0,4,3,35.3,76.3,No
CUST-10456,Male,0,25,68,81.86,5557.37,Fiber optic,Month-to-month,Electronic check,No,No,Yes,No,No,No phone service,No,1,2,0,94.6,146.5,Yes
CUST-10457,Female,1,69,56,28.06,1597.18,No,One year,Bank transfer (automatic),No internet service,No internet service,No internet service,No internet service,Yes,Yes,No,0,4,1,35.8,57.4,No
CUST-10458,Female,0,54,39,99.6,3870.49,Fiber optic,Two year,Electronic check,No,Yes,Yes,Yes,Yes,No,Yes,0,4,1,16.7,30.0,No
CUST-10459,Male,0,33,63,110.26,6943.66,Fiber optic,Month-to-month,Mailed check,Yes,Yes,Yes,Yes,Yes,No,No,1,3,1,103.9,199.8,Yes
CUST-10460,Male,0,57,7,113.23,792.18,Fiber optic,Two year,Electronic check,Yes,Yes,Yes,Yes,Yes,No,Yes,1,4,0,34.5,63.3,Yes
CUST-10461,Female,0,59,58,76.43,4446.13,DSL,Month-to-month,Bank transfer (automatic),Yes,No,No,Yes,Yes,Yes,No,0,3,1,172.4,220.4,No
CUST-10462,Male,0,44,59,52.64,3106.9,DSL,Month-to-month,Bank transfer (automatic),Yes,No,No,No,Yes,No,No,0,3,3,169.0,186.3,No
CUST-10463,Female,0,57,48,80.26,3859.75,Fiber optic,Month-to-month,Bank transfer (automatic),No,Yes,No,No,No,No phone service,Yes,0,4,1,46.6,39.5,No
CUST-10464,Male,0,58,5,55.79,272.88,DSL,One year,Credit card (automatic),No,No,No,Yes,Yes,No,Yes,1,2,0,28.0,23.0,No
CUST-10465,Female,0,35,36,80.3,2903.92,DSL,Month-to-month,Bank transfer (automatic),Yes,No,Yes,Yes,No,No phone service,No,1,3,3,73.4,169.6,Yes
CUST-10466,Male,0,52,25,19.24,478.95,No,Two year,Electronic check,No internet service,No internet service,No internet service,No internet service,No,No phone service,No,0,4,1,53.8,134.0,No
CUST-10467,Female,0,32,45,66.52,2976.76,DSL,Two year,Electronic check,No,Yes,No,No,Yes,Yes,Yes,0,3,0,159.3,224.3,No
CUST-10468,Male,0,44,19,71.84,1383.98,DSL,One year,Credit card (automatic),No,Yes,Yes,No,Yes,No,No,1,3,2,58.9,68.4,No
CUST-10469,Male,0,34,7,79.13,569.84,DSL,Month-to-month,Credit card (automatic),No,Yes,No,Yes,Yes,Yes,No,0,3,0,66.4,98.2,Yes
CUST-10470,Female,0,57,58,86.69,5035.67,Fiber optic,Two year,Bank transfer (automatic),No,No,Yes,No,Yes,Yes,No,0,5,1,63.2,61.7,No
CUST-10471,Male,0,19,66,91.57,6044.94,Fiber optic,Two year,Bank transfer (automatic),No,Yes,No,Yes,Yes,No,No,0,4,0,43.7,81.7,No
CUST-10472,Female,0,48,39,44.59,1721.52,DSL,Month-to-month,Electronic check,No,No,No,No,Yes,No,No,0,4,0,21.6,25.5,No
CUST-10473,Male,0,54,18,105.4,1919.3,Fiber optic,One year,Credit card (automatic),No,No,Yes,Yes,Yes,Yes,No,0,4,2,245.2,328.5,Yes
CUST-10474,Female,0,58,1,86.57,86.57,Fiber optic,One year,Electronic check,Yes,No,No,No,Yes,Yes,Yes,0,5,0,63.4,142.9,No
CUST-10475,Male,0,58,63,57.5,3615.49,DSL,One year,Mailed check,No,No,No,Yes,Yes,No,No,0,2,3,148.2,261.9,No
CUST-10476,Female,1,73,3,101.09,324.42,Fiber optic,Month-to-month,Electronic check,No,Yes,Yes,No,Yes,Yes,No,0,3,1,203.4,209.3,Yes
CUST-10477,Male,0,51,21,106.12,2234.25,Fiber optic,Month-to-month,Mailed check,Yes,Yes,No,Yes,Yes,Yes,No,0,4,0,81.5,78.4,No
CUST-10478,Female,0,20,30,53.58,1603.72,DSL,Month-to-month,Mailed check,No,No,No,No,Yes,Yes,No,0,3,1,109.6,209.6,No
CUST-10479,Male,0,34,11,54.47,616.65,DSL,Month-to-month,Mailed check,No,No,Yes,No,Yes,No,No,0,5,1,162.0,174.4,No
CUST-10480,Female,0,31,22,18.25,430.87,No,One year,Mailed check,No internet service,No internet service,No internet service,No internet service,No,No phone service,Yes,0,3,1,62.0,70.3,No
CUST-10481,Female,0,31,57,70.5,3999.83,DSL,Two year,Mailed check,Yes,Yes,No,No,Yes,Yes,No,1,3,0,215.6,393.0,No
CUST-10482,Female,0,63,3,40.99,96.01,DSL,Two year,Electronic check,No,No,No,No,No,No phone service,No,0,4,3,114.0,267.7,No
CUST-10483,Male,0,55,30,99.7,2988.78,Fiber optic,One year,Bank transfer (automatic),Yes,No,Yes,Yes,Yes,No,No,1,4,1,93.9,161.5,No
CUST-10484,Female,0,52,45,89.47,4013.39,Fiber optic,One year,Credit card (automatic),No,Yes,No,No,Yes,Yes,No,0,4,2,78.1,124.7,Yes
CUST-10485,Male,0,18,36,74.41,2688.77,Fiber optic,Month-to-month,Mailed check,No,No,No,No,Yes,No,No,0,4,0,82.9,187.3,Yes
CUST-10486,Female,0,46,72,56.88,4095.02,DSL,One year,Bank transfer (automatic),Yes,No,No,No,Yes,No,No,1,3,0,66.7,86.6,No
CUST-10487,Male,0,21,64,75.12,4807.62,DSL,Month-to-month,Mailed check,Yes,Yes,No,Yes,Yes,No,No,0,4,3,101.7,87.3,No
CUST-10488,Female,1,78,54,53.35,2872.2,DSL,Month-to-month,Electronic check,Yes,No,No,No,Yes,No,No,0,4,1,103.1,180.2,No
CUST-10489,Male,0,34,68,57.41,3886.52,DSL,One year,Mailed check,No,No,Yes,No,No,No phone service,No,0,3,2,124.4,127.4,No
CUST-10490,Male,0,45,50,103.66,5165.81,Fiber optic,Month-to-month,Electronic check,No,Yes,No,Yes,Yes,Yes,No,1,4,0,68.7,62.0,Yes
CUST-10491,Female,0,43,31,66.02,2039.84,DSL,Month-to-month,Bank transfer (automatic),No,No,Yes,Yes,No,No phone service,No,0,3,0,247.1,238.4,No
CUST-10492,Male,0,25,29,91.69,2669.92,Fiber optic,Two year,Mailed check,No,Yes,No,Yes,Yes,No,Yes,0,4,2,50.7,50.1,No
CUST-10493,Male,0,51,59,81.99,4827.64,Fiber optic,Month-to-month,Electronic check,No,No,No,Yes,No,No phone service,No,1,1,4,42.7,81.8,Yes
CUST-10494,Female,0,35,36,81.31,2916.72,DSL,Month-to-month,Mailed check,Yes,Yes,No,Yes,Yes,No,No,0,4,3,142.7,255.4,Yes
CUST-10495,Male,0,48,67,28.36,1895.62,No,Month-to-month,Credit card (automatic),No internet service,No internet service,No internet service,No internet service,Yes,Yes,No,1,2,2,86.8,116.7,No
CUST-10496,Male,0,44,11,22.81,280.36,No,Month-to-month,Electronic check,No internet service,No internet service,No internet service,No internet service,Yes,No,No,1,2,0,48.3,58.6,Yes
CUST-10497,Male,0,33,11,18.25,176.22,No,Month-to-month,Credit card (automatic),No internet service,No internet service,No internet service,No internet service,No,No phone service,Yes,0,2,1,12.5,10.0,No
CUST-10498,Female,0,27,26,76.27,1970.7,Fiber optic,One year,Credit card (automatic),No,No,No,No,Yes,Yes,Yes,0,4,1,171.8,183.8,No
CUST-10499,Male,1,73,53,113.11,5982.35,Fiber optic,Month-to-month,Bank transfer (automatic),No,Yes,Yes,Yes,Yes,Yes,No,0,4,0,122.3,217.5,Yes
CUST-10500,Female,0,29,14,89.78,1285.39,Fiber optic,Two year,Credit card (automatic),No,Yes,No,No,Yes,Yes,No,0,3,3,68.4,119.4,No
CUST-10501,Male,0,39,64,107.85,6896.83,Fiber optic,Month-to-month,Mailed check,Yes,No,Yes,Yes,Yes,No,No,0,5,0,85.1,174.6,No
CUST-10502,Male,0,33,10,78.9,793.02,Fiber optic,Month-to-month,Mailed check,No,No,No,No,Yes,Yes,No,1,3,2,110.7,94.8,Yes
CUST-10503,Male,0,29,31,54.9,1683.79,DSL,One year,Credit card (automatic),No,No,No,Yes,Yes,No,No,0,2,1,209.4,450.6,No
CUST-10504,Female,0,28,36,55.39,1964.8,DSL,One year,Mailed check,Yes,No,No,No,Yes,No,No,0,3,2,24.2,43.3,No
CUST-10505,Male,0,37,10,22.12,211.56,No,One year,Electronic check,No internet service,No internet service,No internet service,No internet service,Yes,No,Yes,0,2,2,64.3,81.3,No
CUST-10506,Male,0,18,26,22.84,602.18,No,Two year,Electronic check,No internet service,No internet service,No internet service,No internet service,No,No phone service,No,0,3,1,169.8,261.6,No
CUST-10507,Female,0,44,20,108.45,2180.49,Fiber optic,Month-to-month,Bank transfer (automatic),No,Yes,Yes,Yes,No,No phone service,No,0,3,2,267.7,577.9,Yes
CUST-10508,Male,0,20,44,18.25,818.23,No,Month-to-month,Mailed check,No internet service,No internet service,No internet service,No internet service,Yes,No,No,1,4,1,177.1,287.9,No
CUST-10509,Female,0,29,62,76.61,4771.46,DSL,Two year,Electronic check,Yes,No,No,Yes,Yes,Yes,Yes,0,4,1,125.3,251.1,No
CUST-10510,Female,1,75,9,42.0,354.94,DSL,Month-to-month,Credit card (automatic),No,No,No,No,Yes,No,Yes,1,2,4,64.1,95.7,Yes
CUST-10511,Male,0,26,71,63.18,4460.75,DSL,Month-to-month,Mailed check,No,No,No,Yes,Yes,Yes,Yes,1,3,2,132.8,229.6,No
CUST-10512,Female,0,54,24,76.43,1851.58,Fiber optic,Month-to-month,Mailed check,Yes,No,No,No,Yes,No,No,0,4,1,68.2,151.1,No
CUST-10513,Male,0,18,12,30.73,364.91,No,One year,Electronic check,No internet service,No internet service,No internet service,No internet service,Yes,Yes,No,0,3,1,123.4,202.9,No
CUST-10514,Female,0,59,60,57.14,3455.23,DSL,Month-to-month,Electronic check,No,No,No,No,Yes,Yes,No,0,3,2,46.9,82.4,No
CUST-10515,Female,0,21,16,23.3,399.41,No,Month-to-month,Electronic check,No internet service,No internet service,No internet service,No internet service,Yes,Yes,No,0,4,1,73.9,112.2,No
CUST-10516,Male,0,32,29,31.14,881.56,No,Month-to-month,Mailed check,No internet service,No internet service,No internet service,No internet service,Yes,Yes,No,0,4,2,96.9,108.9,No
CUST-10517,Female,0,44,32,70.42,2264.91,DSL,One year,Bank transfer (automatic),Yes,Yes,No,No,Yes,Yes,No,0,4,2,198.9,488.3,No
CUST-10518,Female,0,25,35,91.87,3189.48,Fiber optic,Month-to-month,Bank transfer (automatic),No,Yes,Yes,No,Yes,No,No,0,5,1,154.2,128.8,No
CUST-10519,Female,0,40,43,80.48,3454.84,Fiber optic,Month-to-month,Electronic check,No,No,No,No,Yes,Yes,No,0,4,0,98.3,99.4,No
CUST-10520,Female,0,32,53,92.07,4900.21,Fiber optic,One year,Credit card (automatic),Yes,No,Yes,No,Yes,No,No,0,3,2,141.9,285.4,No
CUST-10521,Female,0,44,20,97.31,1943.86,Fiber optic,Two year,Electronic check,Yes,No,No,Yes,Yes,Yes,No,0,4,1,182.8,376.4,No
CUST-10522,Male,0,48,8,24.06,164.5,No,One year,Electronic check,No internet service,No internet service,No internet service,No internet service,Yes,No,Yes,1,1,2,46.5,49.6,Yes
CUST-10523,Female,0,56,42,104.94,4391.9,Fiber optic,One year,Credit card (automatic),No,Yes,Yes,Yes,Yes,No,No,0,3,0,41.5,77.9,No
CUST-10524,Male,0,64,70,24.31,1676.88,No,Month-to-month,Electronic check,No internet service,No internet service,No internet service,No internet service,Yes,No,No,0,5,0,98.6,227.2,No
CUST-10525,Female,0,25,16,68.47,1090.01,DSL,Month-to-month,Bank transfer (automatic),No,No,No,Yes,Yes,Yes,No,1,2,3,153.6,331.9,Yes
CUST-10526,Male,0,47,69,103.77,7171.93,Fiber optic,Month-to-month,Electronic check,Yes,No,Yes,No,Yes,Yes,No,0,3,3,68.0,54.9,No
CUST-10527,Male,1,74,53,63.62,3381.48,DSL,Two year,Electronic check,No,No,Yes,No,Yes,Yes,No,0,4,0,260.8,226.5,No
CUST-10528,Female,0,35,45,61.87,2797.29,DSL,Month-to-month,Bank transfer (automatic),No,No,No,Yes,Yes,No,No,1,2,1,65.5,104.3,Yes
CUST-10529,Female,0,21,51,70.52,3589.55,DSL,Two year,Electronic check,Yes,No,No,Yes,Yes,No,No,1,2,3,187.5,262.2,No
CUST-10530,Female,0,64,6,43.38,246.2,DSL,Two year,Electronic check,No,No,No,No,Yes,No,Yes,0,3,2,189.7,181.8,No
CUST-10531,Male,0,60,33,95.96,3140.1,Fiber optic,Month-to-month,Mailed check,Yes,No,Yes,No,No,No phone service,Yes,0,4,2,54.4,61.3,No
CUST-10532,Female,0,39,15,79.55,1219.74,DSL,Month-to-month,Electronic check,No,No,Yes,Yes,Yes,Yes,No,0,3,1,110.0,264.3,Yes
CUST-10533,Male,1,73,14,91.25,1254.6,DSL,Month-to-month,Credit card (automatic),Yes,Yes,Yes,Yes,Yes,No,Yes,1,2,1,149.2,212.7,No
CUST-10534,Male,1,69,39,62.06,2401.03,DSL,Month-to-month,Credit card (automatic),No,Yes,Yes,No,Yes,No,No,0,3,2,115.4,135.7,Yes
CUST-10535,Male,0,52,63,23.23,1434.99,No,Month-to-month,Bank transfer (automatic),No internet service,No internet service,No internet service,No internet service,Yes,Yes,Yes,0,4,1,86.2,92.7,No
CUST-10536,Female,0,64,5,101.95,498.78,Fiber optic,Two year,Electronic check,Yes,No,No,Yes,Yes,Yes,No,0,4,2,27.0,48.7,No
CUST-10537,Female,0,55,52,89.79,4688.21,Fiber optic,Month-to-month,Mailed check,No,Yes,Yes,No,Yes,No,No,0,4,0,25.0,39.7,No
CUST-10538,Male,0,50,16,82.59,1311.37,DSL,Month-to-month,Bank transfer (automatic),Yes,No,Yes,Yes,Yes,Yes,No,0,5,2,37.3,51.5,No
CUST-10539,Male,1,69,38,18.25,703.46,No,Month-to-month,Electronic check,No internet service,No internet service,No internet service,No internet service,Yes,No,No,0,4,1,40.1,57.2,No
CUST-10540,Female,0,18,53,83.38,4447.07,Fiber optic,Two year,Electronic check,Yes,No,No,No,Yes,No,No,0,4,1,95.1,108.8,No
CUST-10541,Male,0,43,53,69.71,3718.18,Fiber optic,One year,Credit card (automatic),No,No,No,No,Yes,No,Yes,0,4,1,125.0,258.6,No
CUST-10542,Female,1,76,46,71.16,3254.16,Fiber optic,Two year,Mailed check,No,No,No,No,Yes,No,No,1,3,0,54.5,113.0,Yes
CUST-10543,Male,0,33,15,85.01,1266.7,Fiber optic,Two year,Bank transfer (automatic),No,No,Yes,No,Yes,No,Yes,0,4,0,61.0,52.2,No
CUST-10544,Female,0,55,59,88.23,5220.64,Fiber optic,Month-to-month,Electronic check,No,No,No,Yes,Yes,Yes,No,0,4,2,201.3,234.7,No
CUST-10545,Male,1,69,50,95.11,4784.16,Fiber optic,Month-to-month,Bank transfer (automatic),No,Yes,Yes,No,Yes,Yes,Yes,1,2,1,23.8,21.5,Yes
CUST-10546,Female,0,59,9,43.23,402.03,DSL,Month-to-month,Electronic check,No,No,No,No,Yes,No,Yes,0,4,1,106.1,100.7,No
CUST-10547,Male,0,54,26,106.57,2755.95,Fiber optic,Month-to-month,Credit card (automatic),Yes,Yes,No,Yes,No,No phone service,Yes,0,3,3,44.8,108.8,Yes
CUST-10548,Female,0,43,3,91.82,253.43,Fiber optic,One year,Electronic check,Yes,No,No,Yes,Yes,No,No,0,4,3,131.3,206.6,Yes
CUST-10549,Female,0,45,47,82.7,3886.61,Fiber optic,Month-to-month,Credit card (automatic),No,No,Yes,No,Yes,No,No,0,4,1,148.1,168.7,No
CUST-10550,Male,0,29,5,30.6,134.58,No,Month-to-month,Mailed check,No internet service,No internet service,No internet service,No internet service,Yes,Yes,No,0,4,2,208.6,509.3,No
CUST-10551,Male,0,37,62,61.15,3774.96,DSL,One year,Bank transfer (automatic),No,No,No,Yes,Yes,Yes,No,1,4,2,96.5,155.3,No
CUST-10552,Female,1,72,5,30.34,159.77,No,One year,Credit card (automatic),No internet service,No internet service,No internet service,No internet service,Yes,Yes,Yes,0,4,0,27.6,54.2,No
CUST-10553,Male,0,63,10,74.98,750.69,DSL,One year,Electronic check,No,No,Yes,Yes,Yes,Yes,No,0,3,2,80.9,196.4,Yes
CUST-10554,Female,0,52,63,90.88,5702.68,Fiber optic,Month-to-month,Electronic check,No,Yes,Yes,No,Yes,No,No,0,4,0,91.2,217.1,No
CUST-10555,Male,0,46,25,79.69,1971.47,Fiber optic,Two year,Credit card (automatic),No,No,Yes,No,Yes,No,Yes,0,4,3,225.3,549.6,No
CUST-10556,Female,0,29,44,71.54,3118.93,DSL,Month-to-month,Mailed check,No,Yes,No,Yes,Yes,Yes,Yes,0,3,3,62.0,138.1,No
CUST-10557,Female,0,35,25,43.61,1073.43,DSL,Month-to-month,Bank transfer (automatic),No,No,No,No,Yes,No,No,0,4,2,98.1,195.4,Yes
CUST-10558,Female,0,61,30,74.95,2271.74,DSL,One year,Electronic check,No,Yes,Yes,Yes,Yes,No,No,1,2,3,116.4,134.5,No
CUST-10559,Female,0,19,14,60.45,863.88,DSL,Two year,Bank transfer (automatic),No,No,No,Yes,Yes,No,No,0,4,1,142.7,158.5,No
CUST-10560,Female,0,19,43,65.06,2792.47,DSL,Month-to-month,Electronic check,Yes,No,Yes,No,Yes,No,No,0,5,0,165.8,232.0,No
CUST-10561,Female,0,34,28,118.75,3339.52,Fiber optic,Month-to-month,Bank transfer (automatic),Yes,Yes,Yes,Yes,Yes,Yes,No,1,2,2,22.7,52.9,Yes
CUST-10562,Male,0,27,19,18.25,341.17,No,Month-to-month,Electronic check,No internet service,No internet service,No internet service,No internet service,No,No phone service,No,0,4,1,72.1,88.0,Yes
CUST-10563,Male,0,35,42,54.11,2290.15,DSL,Month-to-month,Mailed check,No,No,No,Yes,No,No phone service,No,0,3,1,79.8,92.3,Yes
CUST-10564,Male,0,39,20,84.14,1663.72,Fiber optic,Two year,Electronic check,No,No,Yes,No,Yes,No,No,0,4,2,105.6,187.9,No
CUST-10565,Female,0,36,11,78.24,839.79,DSL,Month-to-month,Bank transfer (automatic),No,No,Yes,Yes,Yes,Yes,Yes,1,3,1,81.4,97.2,Yes
CUST-10566,Female,0,18,54,52.18,2792.4,DSL,One year,Electronic check,No,Yes,No,No,Yes,No,Yes,0,3,0,100.9,180.1,No
CUST-10567,Female,0,41,24,103.12,2459.39,Fiber optic,One year,Mailed check,Yes,Yes,Yes,No,Yes,No,Yes,0,3,0,218.1,416.0,No
CUST-10568,Female,0,53,70,65.05,4532.28,Fiber optic,One year,Bank transfer (automatic),No,No,No,No,Yes,No,No,1,2,1,188.6,264.4,No
CUST-10569,Male,0,42,17,90.77,1561.01,Fiber optic,Month-to-month,Electronic check,No,No,Yes,Yes,Yes,No,Yes,0,4,3,206.6,324.9,No
CUST-10570,Male,0,53,28,116.28,3240.24,Fiber optic,Month-to-month,Credit card (automatic),Yes,Yes,Yes,Yes,Yes,No,No,1,2,0,59.5,94.9,Yes
CUST-10571,Female,0,48,50,99.1,4955.97,Fiber optic,Month-to-month,Bank transfer (automatic),Yes,No,No,Yes,Yes,Yes,No,1,2,2,70.0,70.3,Yes
CUST-10572,Male,0,48,55,87.04,4802.57,Fiber optic,Month-to-month,Bank transfer (automatic),No,No,Yes,No,Yes,Yes,No,0,3,2,75.2,74.5,Yes
CUST-10573,Male,0,19,10,88.06,891.22,Fiber optic,Month-to-month,Electronic check,Yes,No,No,No,Yes,Yes,No,0,5,0,131.3,138.2,Yes
CUST-10574,Female,0,36,21,101.65,2116.93,Fiber optic,Two year,Bank transfer (automatic),No,No,Yes,Yes,Yes,Yes,No,0,4,0,116.4,242.9,No
CUST-10575,Male,0,29,58,29.34,1676.34,No,Month-to-month,Electronic check,No internet service,No internet service,No internet service,No internet service,Yes,Yes,No,0,5,0,160.0,336.9,No
CUST-10576,Female,0,27,34,65.73,2259.53,Fiber optic,One year,Credit card (automatic),No,No,No,No,Yes,No,No,0,4,2,90.7,138.8,No
CUST-10577,Male,0,48,43,103.19,4444.49,Fiber optic,Month-to-month,Electronic check,Yes,No,No,Yes,Yes,Yes,No,0,3,2,112.1,94.8,No
CUST-10578,Female,0,62,11,75.58,843.77,Fiber optic,One year,Electronic check,No,Yes,No,No,Yes,No,No,1,3,0,176.6,145.4,No
CUST-10579,Female,0,39,33,66.54,2188.98,DSL,Two year,Electronic check,Yes,No,No,Yes,Yes,No,No,1,2,2,59.6,144.9,No
CUST-10580,Female,0,40,58,104.1,6022.3,Fiber optic,Month-to-month,Credit card (automatic),Yes,Yes,No,Yes,Yes,No,No,0,4,2,53.4,63.5,No
CUST-10581,Female,0,40,46,80.45,3702.54,Fiber optic,Two year,Bank transfer (automatic),No,No,No,Yes,Yes,No,No,0,4,0,125.2,135.9,No
CUST-10582,Male,0,32,61,98.1,5958.77,Fiber optic,One year,Electronic check,No,No,Yes,Yes,No,No phone service,No,0,3,3,51.0,48.2,No
CUST-10583,Female,0,43,62,30.55,1912.1,No,Two year,Credit card (automatic),No internet service,No internet service,No internet service,No internet service,Yes,Yes,No,0,4,0,85.5,170.1,No
CUST-10584,Female,0,20,1,68.26,77.53,DSL,One year,Electronic check,No,No,Yes,Yes,Yes,No,No,0,5,1,110.7,225.5,No
CUST-10585,Female,1,78,21,74.84,1587.34,Fiber optic,Month-to-month,Bank transfer (automatic),No,No,No,No,Yes,Yes,No,0,4,3,90.9,220.8,Yes
CUST-10586,Male,0,37,62,85.43,5300.82,Fiber optic,Month-to-month,Bank transfer (automatic),Yes,Yes,No,No,Yes,No,Yes,0,3,2,64.0,142.9,No
CUST-10587,Female,1,75,64,95.02,6085.95,Fiber optic,Month-to-month,Credit card (automatic),Yes,No,No,Yes,Yes,No,No,0,3,1,42.3,35.6,No
CUST-10588,Male,0,57,56,90.94,5098.66,Fiber optic,Month-to-month,Mailed check,No,No,Yes,Yes,No,No phone service,No,0,4,2,20.1,43.9,Yes
CUST-10589,Female,0,56,1,62.7,79.75,DSL,Two year,Mailed check,No,No,No,Yes,Yes,Yes,No,0,3,3,179.8,439.5,Yes
CUST-10590,Male,0,25,21,60.1,1245.62,DSL,One year,Bank transfer (automatic),No,No,Yes,No,Yes,Yes,No,0,3,0,37.4,63.3,No
CUST-10591,Male,1,70,22,62.18,1378.85,DSL,Month-to-month,Mailed check,No,Yes,Yes,No,Yes,No,No,0,4,1,101.8,109.8,Yes
CUST-10592,Female,0,58,54,67.3,3637.36,Fiber optic,Two year,Electronic check,No,No,No,No,Yes,No,No,0,3,2,112.3,134.2,No
CUST-10593,Male,0,23,4,60.73,242.63,DSL,One year,Bank transfer (automatic),No,No,Yes,No,No,No phone service,No,1,2,1,88.4,196.6,Yes
CUST-10594,Female,0,44,65,106.81,6945.1,Fiber optic,Month-to-month,Bank transfer (automatic),Yes,No,Yes,Yes,Yes,No,Yes,0,4,0,44.6,109.0,No
CUST-10595,Female,0,53,51,90.7,4612.03,Fiber optic,Month-to-month,Mailed check,No,Yes,No,No,Yes,Yes,Yes,0,4,1,95.7,232.1,No
CUST-10596,Female,0,32,63,66.27,4147.23,DSL,Month-to-month,Electronic check,Yes,No,No,No,Yes,Yes,No,0,3,0,84.1,138.2,No
CUST-10597,Male,0,54,15,86.87,1318.6,Fiber optic,Two year,Electronic check,No,No,Yes,No,Yes,Yes,No,1,2,3,44.4,82.1,Yes
CUST-10598,Male,0,22,36,83.79,3041.41,DSL,Two year,Bank transfer (automatic),Yes,No,Yes,Yes,Yes,No,Yes,0,3,2,37.1,71.9,No
CUST-10599,Female,0,56,29,18.25,528.1,No,Month-to-month,Bank transfer (automatic),No internet service,No internet service,No internet service,No internet service,Yes,No,No,0,5,0,303.5,461.7,No
CUST-10600,Female,0,26,52,84.5,4414.27,Fiber optic,Month-to-month,Credit card (automatic),Yes,No,No,No,Yes,Yes,Yes,1,2,1,118.2,283.2,No
CUST-10601,Male,0,24,46,25.95,1197.02,No,One year,Bank transfer (automatic),No internet service,No internet service,No internet service,No internet service,Yes,Yes,No,0,3,2,205.0,449.4,No
CUST-10602,Female,0,58,69,82.3,5704.52,Fiber optic,Two year,Bank transfer (automatic),No,No,Yes,No,Yes,No,Yes,0,4,2,22.6,23.2,No
CUST-10603,Female,1,77,29,76.24,2211.47,Fiber optic,One year,Electronic check,No,Yes,No,No,No,No phone service,Yes,0,4,0,135.3,138.7,No
CUST-10604,Female,0,27,47,79.39,3713.62,DSL,One year,Electronic check,No,No,Yes,Yes,Yes,Yes,Yes,0,4,1,99.8,175.0,No
CUST-10605,Male,0,43,25,67.72,1715.21,DSL,Month-to-month,Bank transfer (automatic),No,No,Yes,Yes,Yes,No,No,0,3,2,204.0,349.1,Yes
CUST-10606,Male,0,21,16,92.68,1500.9,Fiber optic,Month-to-month,Electronic check,No,Yes,No,Yes,Yes,No,No,0,5,1,86.1,71.6,Yes
CUST-10607,Male,0,55,41,55.34,2262.82,DSL,Month-to-month,Credit card (automatic),No,No,No,No,Yes,Yes,No,0,2,4,21.6,34.0,Yes
CUST-10608,Female,0,41,65,32.02,2101.81,No,Two year,Credit card (automatic),No internet service,No internet service,No internet service,No internet service,Yes,Yes,Yes,0,4,1,116.1,280.0,No
CUST-10609,Female,0,31,69,73.19,5020.65,Fiber optic,Month-to-month,Mailed check,No,No,No,No,Yes,No,No,0,5,0,85.8,133.6,No
CUST-10610,Female,0,58,20,28.37,585.38,No,Two year,Mailed check,No internet service,No internet service,No internet service,No internet service,Yes,Yes,Yes,0,4,0,112.1,217.7,No
CUST-10611,Male,0,18,69,49.91,3455.07,DSL,Month-to-month,Mailed check,No,No,No,No,Yes,No,Yes,1,3,0,48.4,96.6,Yes
CUST-10612,Female,0,34,36,28.3,1011.58,No,Two year,Bank transfer (automatic),No internet service,No internet service,No internet service,No internet service,Yes,Yes,No,0,4,1,108.7,92.6,No
CUST-10613,Female,0,62,58,88.36,5142.38,Fiber optic,Month-to-month,Bank transfer (automatic),No,Yes,No,No,Yes,Yes,No,1,2,2,43.7,55.7,Yes
CUST-10614,Female,0,41,48,63.58,3029.44,DSL,Month-to-month,Electronic check,No,Yes,No,Yes,Yes,No,No,1,3,1,81.1,194.2,Yes
CUST-10615,Female,1,79,2,78.49,139.18,Fiber optic,One year,Credit card (automatic),No,No,Yes,No,Yes,No,No,0,4,1,54.1,90.2,Yes
CUST-10616,Male,0,24,29,24.69,718.02,No,Month-to-month,Bank transfer (automatic),No internet service,No internet service,No internet service,No internet service,Yes,Yes,Yes,1,1,2,288.2,710.1,Yes
CUST-10617,Male,0,26,16,65.92,1077.58,DSL,Two year,Electronic check,No,No,No,Yes,Yes,Yes,No,0,4,1,135.3,314.1,No
CUST-10618,Female,0,60,35,81.15,2818.06,Fiber optic,One year,Electronic check,No,No,Yes,No,Yes,No,Yes,0,3,1,25.9,33.1,No
CUST-10619,Male,0,52,62,78.86,4893.18,Fiber optic,Month-to-month,Mailed check,No,Yes,No,No,Yes,No,Yes,0,4,1,67.9,85.1,No
CUST-10620,Male,0,29,4,24.28,112.31,No,Two year,Electronic check,No internet service,No internet service,No internet service,No internet service,Yes,Yes,Yes,1,2,1,241.2,338.5,Yes
CUST-10621,Female,0,38,68,55.81,3809.68,DSL,Two year,Electronic check,No,No,No,Yes,Yes,No,No,0,3,1,69.3,115.4,No
CUST-10622,Female,0,20,51,98.78,5045.46,Fiber optic,Month-to-month,Electronic check,Yes,No,No,Yes,Yes,Yes,No,1,2,2,100.4,233.4,No
CUST-10623,Male,0,32,33,89.21,2970.39,Fiber optic,Two year,Credit card (automatic),No,Yes,No,No,Yes,Yes,Yes,0,4,1,35.8,59.2,No
CUST-10624,Female,0,38,24,18.88,452.05,No,Month-to-month,Electronic check,No internet service,No internet service,No internet service,No internet service,Yes,No,Yes,0,3,5,120.5,256.9,Yes
CUST-10625,Male,0,27,25,89.19,2252.56,Fiber optic,Month-to-month,Mailed check,Yes,Yes,No,No,No,No phone service,No,0,4,2,52.3,93.3,No
CUST-10626,Female,0,50,28,67.73,1903.62,Fiber optic,One year,Electronic check,No,No,No,No,Yes,No,No,0,4,0,106.8,127.0,No
CUST-10627,Male,0,63,7,24.32,184.49,No,Month-to-month,Bank transfer (automatic),No internet service,No internet service,No internet service,No internet service,Yes,Yes,No,0,3,3,109.0,165.3,Yes
CUST-10628,Female,0,23,36,98.0,3525.89,Fiber optic,Month-to-month,Bank transfer (automatic),Yes,No,No,Yes,Yes,Yes,Yes,0,5,0,68.2,102.4,No
CUST-10629,Male,0,19,10,85.43,834.36,Fiber optic,Month-to-month,Credit card (automatic),No,No,Yes,No,Yes,Yes,No,1,1,4,160.7,399.7,Yes
CUST-10630,Male,0,46,36,67.04,2389.99,Fiber optic,Month-to-month,Bank transfer (automatic),No,No,No,No,Yes,No,No,0,3,2,100.2,173.8,Yes
CUST-10631,Male,0,57,18,26.25,483.44,No,Two year,Bank transfer (automatic),No internet service,No internet service,No internet service,No internet service,Yes,Yes,No,0,3,1,90.3,83.9,No
CUST-10632,Female,0,50,6,84.46,499.35,Fiber optic,One year,Mailed check,No,Yes,No,No,Yes,Yes,Yes,0,2,3,128.8,228.9,No
CUST-10633,Male,0,21,7,66.65,470.6,DSL,Two year,Bank transfer (automatic),No,No,No,Yes,Yes,Yes,No,0,3,1,95.8,168.9,Yes
CUST-10634,Male,0,21,12,25.81,324.48,No,One year,Electronic check,No internet service,No internet service,No internet service,No internet service,Yes,Yes,Yes,0,5,0,350.0,565.9,No
CUST-10635,Female,0,46,41,93.16,3836.75,Fiber optic,Month-to-month,Bank transfer (automatic),No,Yes,Yes,No,No,No phone service,No,1,2,1,31.0,41.7,Yes
CUST-10636,Female,1,69,63,21.44,1351.3,No,Month-to-month,Electronic check,No internet service,No internet service,No internet service,No internet service,Yes,No,Yes,1,2,4,120.4,147.1,Yes
CUST-10637,Male,0,37,25,118.75,2957.62,Fiber optic,Month-to-month,Credit card (automatic),Yes,Yes,Yes,Yes,Yes,Yes,No,1,3,2,113.0,129.9,Yes
CUST-10638,Male,0,58,53,68.49,3646.52,DSL,Two year,Mailed check,No,No,Yes,Yes,Yes,No,Yes,0,3,4,116.6,111.4,No
CUST-10639,Female,0,40,33,92.81,3057.65,Fiber optic,Month-to-month,Mailed check,Yes,No,No,Yes,No,No phone service,No,0,5,0,103.5,149.4,No
CUST-10640,Female,0,62,6,72.62,461.92,DSL,Month-to-month,Bank transfer (automatic),No,Yes,Yes,No,Yes,Yes,No,0,3,1,49.4,100.0,Yes
CUST-10641,Female,0,35,62,99.21,6170.49,Fiber optic,Two year,Bank transfer (automatic),No,Yes,Yes,Yes,Yes,No,No,0,4,1,129.7,231.6,No
CUST-10642,Female,1,73,66,91.45,6050.52,Fiber optic,One year,Mailed check,No,No,Yes,No,Yes,Yes,No,1,2,1,73.1,60.4,No
CUST-10643,Female,1,70,9,29.09,246.28,No,Month-to-month,Mailed check,No internet service,No internet service,No internet service,No internet service,Yes,Yes,Yes,0,4,2,110.8,245.8,No
CUST-10644,Male,0,32,67,118.75,7948.02,Fiber optic,Month-to-month,Electronic check,Yes,Yes,Yes,Yes,Yes,Yes,Yes,0,5,1,35.6,52.7,No
CUST-10645,Female,1,68,16,23.76,401.1,No,Two year,Electronic check,No internet service,No internet service,No internet service,No internet service,Yes,No,No,1,3,1,91.9,183.3,No
CUST-10646,Male,1,79,55,92.09,5036.34,Fiber optic,Two year,Electronic check,Yes,No,No,Yes,Yes,No,No,0,4,0,203.9,427.8,No
CUST-10647,Male,0,54,40,88.03,3538.09,Fiber optic,Month-to-month,Electronic check,No,No,Yes,No,Yes,Yes,Yes,0,3,1,81.5,131.2,Yes
CUST-10648,Male,1,78,26,30.14,777.89,No,Month-to-month,Credit card (automatic),No internet service,No internet service,No internet service,No internet service,Yes,Yes,No,1,4,0,42.7,91.7,Yes
CUST-10649,Female,0,39,38,104.62,3993.52,Fiber optic,Two year,Bank transfer (automatic),No,Yes,Yes,No,Yes,Yes,Yes,1,2,1,48.2,88.5,Yes
CUST-10650,Male,0,22,35,22.37,786.09,No,One year,Electronic check,No internet service,No internet service,No internet service,No internet service,Yes,No,No,0,3,3,103.0,221.9,No
CUST-10651,Male,0,51,68,71.09,4835.73,DSL,Two year,Electronic check,Yes,No,No,Yes,Yes,No,Yes,0,4,0,193.0,378.5,No
CUST-10652,Female,0,56,59,76.13,4503.77,Fiber optic,Month-to-month,Mailed check,Yes,No,No,No,No,No phone service,Yes,0,4,6,141.7,152.8,No
CUST-10653,Male,1,75,14,53.21,763.32,DSL,Two year,Mailed check,No,No,Yes,No,Yes,No,No,0,4,0,45.3,54.8,No
CUST-10654,Male,0,34,47,78.55,3703.46,Fiber optic,Month-to-month,Bank transfer (automatic),No,No,No,Yes,Yes,No,No,1,3,1,83.0,126.3,Yes
CUST-10655,Female,0,41,71,90.03,6389.17,Fiber optic,Month-to-month,Mailed check,Yes,No,No,No,Yes,Yes,Yes,0,2,2,150.8,217.8,No
CUST-10656,Male,0,41,72,55.9,4014.05,DSL,One year,Credit card (automatic),No,No,Yes,No,Yes,No,No,1,3,1,46.0,61.1,No
CUST-10657,Male,1,69,42,87.78,3707.5,Fiber optic,Month-to-month,Electronic check,No,Yes,No,No,Yes,Yes,No,1,3,0,50.1,79.5,Yes
CUST-10658,Male,1,73,51,67.62,3449.87,Fiber optic,Two year,Mailed check,No,No,No,No,Yes,No,Yes,0,4,2,145.4,245.2,No
CUST-10659,Female,0,24,19,30.36,593.85,No,Month-to-month,Credit card (automatic),No internet service,No internet service,No internet service,No internet service,Yes,Yes,No,1,3,3,94.9,222.7,No
CUST-10660,Female,0,42,66,31.45,2105.44,No,Two year,Electronic check,No internet service,No internet service,No internet service,No internet service,Yes,Yes,No,1,2,2,31.5,41.3,No
CUST-10661,Female,0,20,47,71.6,3373.83,DSL,Month-to-month,Mailed check,No,Yes,Yes,No,Yes,Yes,No,0,4,1,88.2,78.8,Yes
CUST-10662,Male,0,32,65,61.93,4012.15,DSL,One year,Electronic check,No,No,Yes,No,Yes,Yes,No,0,4,2,191.7,255.4,No
CUST-10663,Male,0,46,42,43.39,1844.31,DSL,Month-to-month,Mailed check,No,No,No,No,Yes,No,Yes,0,3,1,161.9,326.6,No
CUST-10664,Female,0,46,38,74.8,2828.82,DSL,One year,Electronic check,Yes,Yes,Yes,No,Yes,No,Yes,0,4,1,152.2,220.5,No
CUST-10665,Male,0,27,13,82.32,1055.78,Fiber optic,One year,Credit card (automatic),No,No,No,Yes,Yes,No,No,0,4,2,54.5,61.6,Yes
CUST-10666,Male,0,49,44,22.53,965.76,No,Month-to-month,Credit card (automatic),No internet service,No internet service,No internet service,No internet service,Yes,No,No,0,4,2,9.8,14.3,Yes
CUST-10667,Female,0,40,24,104.93,2493.03,Fiber optic,Month-to-month,Credit card (automatic),No,No,Yes,Yes,Yes,Yes,No,0,4,1,191.5,387.6,No
CUST-10668,Female,0,56,30,52.08,1584.14,DSL,Month-to-month,Mailed check,Yes,No,No,No,Yes,No,Yes,0,3,1,182.2,174.8,No
CUST-10669,Male,0,26,70,18.25,1261.34,No,Two year,Credit card (automatic),No internet service,No internet service,No internet service,No internet service,Yes,No,No,0,3,5,34.7,68.8,No
CUST-10670,Male,0,54,38,43.64,1634.84,DSL,Month-to-month,Bank transfer (automatic),No,No,No,No,Yes,No,Yes,0,3,3,183.8,189.4,Yes
CUST-10671,Male,0,57,23,18.25,410.91,No,Month-to-month,Mailed check,No internet service,No internet service,No internet service,No internet service,No,No phone service,Yes,0,4,0,127.6,314.6,No
CUST-10672,Female,0,31,57,85.92,4910.25,Fiber optic,Month-to-month,Electronic check,No,No,No,Yes,Yes,Yes,No,1,4,2,122.5,190.5,Yes
CUST-10673,Female,0,21,23,87.43,2001.27,Fiber optic,Two year,Bank transfer (automatic),No,No,No,Yes,Yes,Yes,No,1,3,1,167.5,245.5,Yes
CUST-10674,Female,0,37,36,18.94,670.4,No,Month-to-month,Bank transfer (automatic),No internet service,No internet service,No internet service,No internet service,No,No phone service,Yes,1,3,1,125.5,225.3,No
CUST-10675,Female,0,45,57,112.88,6433.44,Fiber optic,Month-to-month,Electronic check,Yes,No,Yes,Yes,Yes,Yes,Yes,0,3,4,45.4,47.5,Yes
CUST-10676,Male,0,31,1,79.23,79.23,DSL,One year,Mailed check,Yes,Yes,Yes,No,Yes,No,No,1,2,2,38.1,52.0,Yes
CUST-10677,Female,0,61,72,77.23,5560.02,Fiber optic,One year,Credit card (automatic),Yes,No,No,No,Yes,No,No,1,2,4,40.1,71.1,No
CUST-10678,Female,0,51,3,66.19,227.97,DSL,Month-to-month,Electronic check,No,Yes,No,No,Yes,Yes,No,0,3,3,154.1,141.4,Yes
CUST-10679,Female,1,79,14,74.34,1058.72,DSL,Two year,Electronic check,No,Yes,Yes,Yes,Yes,No,No,1,3,1,121.4,150.1,No
CUST-10680,Female,0,48,34,118.75,4011.73,Fiber optic,One year,Credit card (automatic),Yes,Yes,Yes,Yes,Yes,Yes,Yes,0,3,1,243.6,400.8,No
CUST-10681,Female,0,50,70,66.33,4652.39,DSL,Month-to-month,Electronic check,No,No,Yes,No,Yes,Yes,Yes,0,3,0,131.5,255.8,No
CUST-10682,Male,1,76,69,76.91,5304.46,DSL,Month-to-month,Credit card (automatic),No,Yes,Yes,Yes,Yes,No,No,1,3,1,77.0,102.4,Yes
CUST-10683,Male,0,45,51,113.84,5825.41,Fiber optic,Two year,Bank transfer (automatic),No,Yes,Yes,Yes,Yes,Yes,No,0,4,1,47.7,88.9,No
CUST-10684,Female,0,42,29,68.67,1967.34,DSL,Month-to-month,Mailed check,No,No,No,Yes,Yes,Yes,No,0,3,1,85.0,104.3,Yes
CUST-10685,Male,0,49,48,64.89,3098.68,DSL,Month-to-month,Electronic check,No,No,Yes,Yes,Yes,No,No,0,4,3,64.8,99.7,Yes
CUST-10686,Female,0,26,16,114.13,1843.55,Fiber optic,Month-to-month,Electronic check,Yes,Yes,Yes,Yes,Yes,No,No,0,4,1,100.0,151.8,Yes
CUST-10687,Female,0,45,57,84.19,4819.78,DSL,One year,Mailed check,Yes,Yes,Yes,Yes,Yes,No,Yes,0,5,1,122.0,105.0,No
CUST-10688,Male,0,48,10,99.8,999.76,Fiber optic,One year,Bank transfer (automatic),No,No,Yes,Yes,Yes,Yes,No,1,4,0,74.1,177.7,Yes
CUST-10689,Male,1,75,19,74.37,1384.21,Fiber optic,One year,Mailed check,No,No,No,No,Yes,Yes,Yes,0,4,1,196.0,407.9,No
CUST-10690,Female,1,77,67,78.24,5265.7,DSL,Month-to-month,Bank transfer (automatic),No,No,Yes,Yes,Yes,Yes,No,0,4,1,90.2,162.2,No
CUST-10691,Female,0,30,36,66.49,2386.61,DSL,One year,Bank transfer (automatic),No,No,Yes,Yes,Yes,No,No,0,3,0,37.1,50.1,No
CUST-10692,Female,0,27,4,25.82,75.66,No,One year,Bank transfer (automatic),No internet service,No internet service,No internet service,No internet service,Yes,Yes,No,0,5,0,82.6,182.0,No
CUST-10693,Male,0,33,33,75.06,2496.11,Fiber optic,Month-to-month,Credit card (automatic),No,No,No,No,Yes,Yes,No,0,5,0,299.2,597.7,No
CUST-10694,Female,1,65,28,97.44,2723.4,Fiber optic,Two year,Bank transfer (automatic),No,Yes,No,Yes,Yes,Yes,No,0,4,1,87.0,90.2,No
CUST-10695,Female,1,73,9,67.25,586.65,Fiber optic,Month-to-month,Credit card (automatic),No,No,No,No,Yes,No,No,1,3,1,76.5,134.6,Yes
CUST-10696,Female,0,20,6,66.98,419.97,DSL,One year,Electronic check,No,No,Yes,No,Yes,Yes,No,0,3,2,76.4,95.4,No
CUST-10697,Male,0,45,49,92.56,4532.9,Fiber optic,Month-to-month,Bank transfer (automatic),Yes,No,No,No,Yes,Yes,Yes,0,4,0,55.7,113.3,No
CUST-10698,Female,0,58,22,54.9,1214.27,DSL,One year,Bank transfer (automatic),No,Yes,No,No,No,No phone service,No,1,2,1,73.7,111.9,Yes
CUST-10699,Female,0,32,48,91.0,4387.39,Fiber optic,Two year,Credit card (automatic),No,No,No,Yes,Yes,Yes,Yes,1,2,4,100.8,124.1,No
CUST-10700,Male,0,30,21,23.18,488.13,No,Two year,Mailed check,No internet service,No internet service,No internet service,No internet service,No,No phone service,Yes,0,4,1,40.8,96.3,No
CUST-10701,Female,0,59,33,64.76,2113.71,DSL,Month-to-month,Electronic check,No,No,Yes,No,Yes,Yes,No,0,4,3,25.6,60.1,Yes
CUST-10702,Female,0,62,56,26.02,1484.95,No,Month-to-month,Mailed check,No internet service,No internet service,No internet service,No internet service,Yes,Yes,No,1,3,1,161.5,354.6,No
CUST-10703,Male,0,34,29,94.51,2727.98,Fiber optic,Month-to-month,Electronic check,No,No,Yes,No,Yes,Yes,Yes,1,3,2,180.5,173.8,Yes
CUST-10704,Female,0,24,53,61.06,3265.83,DSL,Two year,Electronic check,No,No,Yes,No,Yes,No,No,0,4,1,64.4,134.2,No
CUST-10705,Male,1,71,40,62.2,2458.36,DSL,One year,Mailed check,No,No,Yes,No,Yes,Yes,Yes,0,5,1,110.5,103.6,No
CUST-10706,Male,0,55,18,77.03,1385.57,DSL,Month-to-month,Credit card (automatic),No,Yes,Yes,No,Yes,Yes,No,0,5,1,117.6,115.0,Yes
CUST-10707,Female,0,30,47,103.47,4875.39,Fiber optic,Month-to-month,Electronic check,No,No,Yes,Yes,Yes,Yes,No,1,2,1,186.0,200.2,No
CUST-10708,Female,0,34,13,21.5,303.88,No,Two year,Electronic check,No internet service,No internet service,No internet service,No internet service,Yes,No,No,1,3,2,143.9,283.7,Yes
CUST-10709,Female,0,32,27,93.31,2536.19,Fiber optic,Month-to-month,Credit card (automatic),No,No,Yes,No,Yes,Yes,Yes,0,4,3,92.9,135.0,Yes
CUST-10710,Female,0,53,62,83.74,5177.22,Fiber optic,Month-to-month,Electronic check,No,No,No,Yes,Yes,No,Yes,0,3,2,178.2,398.1,No
CUST-10711,Male,0,45,45,57.18,2557.7,DSL,Month-to-month,Credit card (automatic),No,No,Yes,No,No,No phone service,Yes,1,3,1,244.7,506.1,No
CUST-10712,Female,0,32,3,70.46,202.78,DSL,Month-to-month,Electronic check,Yes,No,Yes,No,Yes,No,Yes,0,4,1,102.6,215.9,Yes
CUST-10713,Male,0,63,22,70.65,1530.93,DSL,One year,Mailed check,Yes,Yes,No,No,Yes,Yes,No,0,4,2,165.6,394.5,No
CUST-10714,Female,0,28,27,89.79,2434.5,Fiber optic,Two year,Electronic check,Yes,No,No,No,Yes,Yes,No,0,4,1,94.0,170.2,No
CUST-10715,Female,0,48,55,72.02,3987.58,Fiber optic,Two year,Credit card (automatic),No,No,No,No,Yes,No,No,0,3,2,94.3,212.2,No
CUST-10716,Female,0,21,67,58.7,3941.43,DSL,Month-to-month,Credit card (automatic),Yes,No,No,No,Yes,No,No,0,4,1,39.9,49.3,No
CUST-10717,Male,0,52,33,98.98,3268.34,Fiber optic,Two year,Credit card (automatic),No,No,Yes,Yes,Yes,No,No,0,4,2,85.2,201.1,No
CUST-10718,Female,0,51,2,20.58,41.36,No,Month-to-month,Electronic check,No internet service,No internet service,No internet service,No internet service,Yes,No,Yes,0,4,1,91.8,220.0,No
CUST-10719,Female,0,44,46,27.84,1286.2,No,Month-to-month,Credit card (automatic),No internet service,No internet service,No internet service,No internet service,Yes,Yes,Yes,0,3,2,236.9,346.8,No
CUST-10720,Female,0,27,33,80.01,2652.97,DSL,Two year,Credit card (automatic),No,Yes,Yes,Yes,No,No phone service,No,0,3,2,90.2,123.3,No
CUST-10721,Female,0,47,58,83.59,4865.92,Fiber optic,Month-to-month,Mailed check,No,No,Yes,No,Yes,No,No,1,2,2,75.2,98.3,Yes
CUST-10722,Male,0,62,7,30.13,222.81,No,Month-to-month,Bank transfer (automatic),No internet service,No internet service,No internet service,No internet service,Yes,Yes,No,0,4,1,50.9,82.3,No
CUST-10723,Female,0,37,15,79.81,1209.45,Fiber optic,Two year,Credit card (automatic),No,No,No,Yes,Yes,No,No,1,2,2,203.4,391.6,Yes
CUST-10724,Male,0,46,26,89.87,2363.72,Fiber optic,Month-to-month,Mailed check,Yes,Yes,No,No,Yes,No,Yes,0,3,2,105.5,175.3,No
CUST-10725,Male,0,46,11,68.71,779.77,Fiber optic,One year,Electronic check,No,No,No,No,No,No phone service,No,1,2,0,41.9,71.1,Yes
CUST-10726,Male,0,40,38,99.39,3796.26,Fiber optic,Two year,Credit card (automatic),No,Yes,Yes,Yes,No,No phone service,No,1,4,3,50.0,45.1,Yes
CUST-10727,Male,1,74,27,29.1,758.3,No,Month-to-month,Mailed check,No internet service,No internet service,No internet service,No internet service,Yes,Yes,No,0,4,0,19.9,46.3,No
CUST-10728,Male,0,60,7,80.75,575.38,DSL,Month-to-month,Credit card (automatic),No,No,Yes,Yes,Yes,Yes,No,1,2,0,42.0,46.1,Yes
CUST-10729,Male,0,27,1,32.21,32.21,No,Month-to-month,Mailed check,No internet service,No internet service,No internet service,No internet service,Yes,Yes,No,0,4,0,23.2,47.0,No
CUST-10730,Female,0,58,21,78.17,1648.63,Fiber optic,Month-to-month,Electronic check,No,No,No,No,Yes,Yes,No,0,4,1,99.1,130.3,Yes
CUST-10731,Male,0,29,30,81.66,2460.98,DSL,Month-to-month,Mailed check,No,Yes,Yes,Yes,Yes,No,No,1,2,2,120.6,192.8,Yes
CUST-10732,Male,0,47,8,22.12,189.84,No,One year,Bank transfer (automatic),No internet service,No internet service,No internet service,No internet service,Yes,No,No,0,3,2,21.4,17.4,No
CUST-10733,Male,0,50,3,18.25,76.92,No,Month-to-month,Electronic check,No internet service,No internet service,No internet service,No internet service,Yes,No,No,1,2,4,122.1,267.1,Yes
CUST-10734,Female,1,74,55,70.63,3909.25,DSL,Month-to-month,Mailed check,Yes,No,Yes,No,Yes,Yes,Yes,0,4,3,47.2,114.9,No
CUST-10735,Female,0,31,15,102.48,1543.61,Fiber optic,One year,Electronic check,No,Yes,Yes,No,Yes,Yes,No,0,4,2,145.0,146.4,Yes
CUST-10736,Male,0,39,36,60.83,2213.53,DSL,One year,Bank transfer (automatic),No,Yes,No,No,Yes,Yes,No,0,3,2,105.8,119.3,No
CUST-10737,Female,0,38,6,90.49,558.82,Fiber optic,Two year,Credit card (automatic),No,No,No,Yes,Yes,Yes,No,0,4,2,53.6,49.5,No
CUST-10738,Male,0,18,42,57.24,2386.24,DSL,Month-to-month,Bank transfer (automatic),No,No,No,Yes,Yes,No,Yes,0,5,0,100.1,93.5,No
CUST-10739,Male,0,60,50,58.18,2881.12,DSL,Two year,Bank transfer (automatic),No,Yes,No,No,Yes,No,No,1,2,1,56.3,97.6,No
CUST-10740,Female,0,32,18,76.45,1346.69,DSL,One year,Mailed check,Yes,No,No,Yes,Yes,Yes,No,1,2,0,71.8,77.4,No
CUST-10741,Male,0,53,50,70.47,3528.7,DSL,Month-to-month,Mailed check,No,Yes,Yes,No,Yes,No,Yes,0,4,1,97.9,115.2,No
CUST-10742,Female,0,64,30,77.52,2326.9,DSL,Month-to-month,Mailed check,No,Yes,No,Yes,Yes,Yes,Yes,0,4,1,105.9,166.0,No
CUST-10743,Female,1,75,39,93.0,3638.78,Fiber optic,Month-to-month,Bank transfer (automatic),No,Yes,No,No,Yes,Yes,No,0,3,4,201.0,325.0,Yes
CUST-10744,Male,1,76,12,88.64,1084.25,DSL,One year,Credit card (automatic),Yes,Yes,Yes,No,Yes,Yes,No,1,2,4,129.5,166.9,Yes
CUST-10745,Male,0,63,59,66.11,3880.36,DSL,Month-to-month,Bank transfer (automatic),No,No,Yes,Yes,No,No phone service,No,1,2,1,134.4,331.8,Yes
CUST-10746,Female,0,50,44,74.61,3304.23,Fiber optic,Two year,Credit card (automatic),No,No,No,No,No,No phone service,No,0,4,2,80.5,79.9,No
CUST-10747,Male,1,67,4,102.4,385.48,Fiber optic,One year,Credit card (automatic),No,Yes,Yes,Yes,Yes,No,No,0,3,0,111.0,124.9,No
CUST-10748,Male,1,66,36,71.08,2581.87,Fiber optic,Two year,Electronic check,No,No,No,No,Yes,No,No,1,3,2,163.7,250.4,No
CUST-10749,Male,0,40,48,108.41,5224.71,Fiber optic,Month-to-month,Mailed check,No,Yes,Yes,Yes,No,No phone service,No,0,5,0,165.1,213.5,Yes
CUST-10750,Female,0,60,14,25.14,363.78,No,Month-to-month,Credit card (automatic),No internet service,No internet service,No internet service,No internet service,Yes,Yes,No,1,2,1,236.3,523.6,Yes
CUST-10751,Female,0,19,49,95.57,4670.93,Fiber optic,Month-to-month,Credit card (automatic),No,Yes,Yes,No,Yes,No,No,0,4,2,236.8,260.6,Yes
CUST-10752,Male,0,19,67,61.53,4098.11,DSL,Month-to-month,Mailed check,No,No,Yes,No,Yes,No,No,1,3,2,77.6,156.3,No
CUST-10753,Female,1,77,9,48.54,453.55,DSL,Two year,Bank transfer (automatic),No,No,No,No,No,No phone service,No,0,4,1,47.8,48.5,Yes
CUST-10754,Female,0,46,21,103.19,2150.06,Fiber optic,Month-to-month,Mailed check,Yes,No,No,Yes,Yes,Yes,No,0,2,6,88.1,110.6,Yes
CUST-10755,Female,1,76,72,18.25,1310.46,No,Month-to-month,Electronic check,No internet service,No internet service,No internet service,No internet service,Yes,No,No,0,4,0,41.8,86.0,No
CUST-10756,Female,0,20,16,79.07,1266.97,Fiber optic,Month-to-month,Credit card (automatic),No,Yes,No,No,Yes,No,No,1,3,0,159.1,151.3,Yes
CUST-10757,Female,1,71,16,30.6,500.73,No,Month-to-month,Credit card (automatic),No internet service,No internet service,No internet service,No internet service,Yes,Yes,No,0,4,4,121.4,284.4,Yes
CUST-10758,Male,0,24,28,78.18,2188.29,Fiber optic,Two year,Mailed check,No,No,Yes,No,Yes,No,Yes,0,3,5,30.7,41.3,No
CUST-10759,Male,1,67,51,83.88,4289.55,Fiber optic,One year,Electronic check,Yes,No,No,No,No,No phone service,No,1,2,1,43.5,59.5,Yes
CUST-10760,Male,0,46,56,97.1,5456.44,Fiber optic,One year,Credit card (automatic),No,Yes,Yes,No,Yes,Yes,No,0,5,1,45.8,54.9,No
CUST-10761,Female,0,54,57,92.65,5293.83,Fiber optic,Month-to-month,Mailed check,Yes,No,Yes,No,Yes,No,No,1,3,1,135.9,310.0,Yes
CUST-10762,Female,0,53,52,18.25,936.97,No,Two year,Electronic check,No internet service,No internet service,No internet service,No internet service,No,No phone service,No,0,4,3,46.4,87.6,No
CUST-10763,Male,1,70,46,78.85,3650.76,Fiber optic,One year,Electronic check,No,No,No,Yes,Yes,No,Yes,0,4,1,91.8,80.3,No
CUST-10764,Female,0,62,38,87.86,3341.71,DSL,Month-to-month,Electronic check,Yes,No,Yes,Yes,Yes,Yes,No,0,4,0,55.0,129.6,No
CUST-10765,Male,1,65,48,101.35,4862.72,Fiber optic,Month-to-month,Bank transfer (automatic),No,Yes,Yes,No,Yes,Yes,No,0,3,2,78.4,186.9,Yes
CUST-10766,Male,1,70,41,25.7,1058.2,No,Two year,Electronic check,No internet service,No internet service,No internet service,No internet service,Yes,Yes,No,0,3,1,115.0,199.6,No
CUST-10767,Male,0,51,59,73.19,4317.2,DSL,One year,Electronic check,No,No,Yes,Yes,Yes,Yes,No,0,5,1,196.9,262.9,No
CUST-10768,Female,0,18,67,57.5,3867.81,DSL,One year,Credit card (automatic),No,No,No,Yes,No,No phone service,No,1,3,0,185.1,198.7,No
CUST-10769,Female,0,35,66,81.41,5368.3,Fiber optic,Month-to-month,Credit card (automatic),No,No,No,No,Yes,Yes,No,0,4,2,53.8,66.9,No
CUST-10770,Male,0,57,27,76.01,2068.87,DSL,Month-to-month,Electronic check,No,Yes,Yes,Yes,Yes,No,No,0,4,3,40.4,92.5,Yes
CUST-10771,Male,0,60,32,101.92,3277.05,Fiber optic,One year,Electronic check,No,Yes,No,Yes,Yes,Yes,Yes,1,2,2,87.6,100.8,Yes
CUST-10772,Male,0,32,56,86.86,4850.77,Fiber optic,One year,Bank transfer (automatic),No,Yes,No,No,Yes,Yes,Yes,0,4,2,163.0,171.8,No
CUST-10773,Male,0,34,10,73.43,710.06,DSL,Month-to-month,Electronic check,No,No,Yes,Yes,Yes,No,No,0,4,1,56.3,76.4,No
CUST-10774,Female,0,61,40,18.25,751.06,No,One year,Electronic check,No internet service,No internet service,No internet service,No internet service,Yes,No,No,1,2,3,60.7,79.7,No
CUST-10775,Female,0,27,17,23.4,377.94,No,Month-to-month,Electronic check,No internet service,No internet service,No internet service,No internet service,Yes,Yes,No,0,3,0,28.0,57.6,No
CUST-10776,Male,0,37,58,65.24,3755.79,DSL,One year,Credit card (automatic),No,No,Yes,Yes,Yes,No,Yes,1,2,0,80.6,117.1,No
CUST-10777,Male,1,79,6,47.82,281.06,DSL,Two year,Credit card (automatic),No,No,No,No,Yes,No,No,1,2,1,106.9,122.5,No
CUST-10778,Female,0,25,39,32.23,1242.22,No,Two year,Credit card (automatic),No internet service,No internet service,No internet service,No internet service,Yes,Yes,No,0,5,1,153.4,160.3,No
CUST-10779,Female,1,79,18,66.22,1175.18,DSL,Month-to-month,Bank transfer (automatic),Yes,No,No,No,Yes,Yes,No,0,3,0,150.1,246.6,No
CUST-10780,Male,0,51,72,82.18,5897.3,Fiber optic,Month-to-month,Bank transfer (automatic),Yes,No,No,No,Yes,No,Yes,0,4,0,171.7,414.0,No
CUST-10781,Male,0,49,42,18.25,781.45,No,Two year,Mailed check,No internet service,No internet service,No internet service,No internet service,Yes,No,Yes,0,4,1,108.2,162.8,No
CUST-10782,Male,0,59,4,97.14,405.57,Fiber optic,One year,Mailed check,No,Yes,No,Yes,Yes,Yes,No,0,4,0,56.2,48.5,No
CUST-10783,Female,0,21,20,94.35,1859.78,Fiber optic,Month-to-month,Bank transfer (automatic),No,No,No,Yes,Yes,Yes,Yes,0,4,1,167.1,211.4,No
CUST-10784,Female,0,61,28,46.23,1297.25,DSL,Two year,Bank transfer (automatic),No,No,No,No,Yes,No,No,0,3,2,180.3,244.9,No
CUST-10785,Female,0,56,40,91.68,3645.31,Fiber optic,Month-to-month,Electronic check,Yes,No,No,Yes,Yes,No,No,0,4,2,168.1,311.5,Yes
CUST-10786,Male,0,37,65,83.52,5428.77,Fiber optic,Month-to-month,Electronic check,No,No,No,Yes,Yes,No,No,0,4,0,64.3,146.3,No
CUST-10787,Male,0,41,44,100.79,4425.64,Fiber optic,Month-to-month,Credit card (automatic),Yes,No,Yes,Yes,Yes,No,Yes,0,3,0,32.9,80.2,No
CUST-10788,Female,0,41,23,82.93,1889.5,DSL,Month-to-month,Electronic check,No,Yes,Yes,Yes,No,No phone service,Yes,1,3,1,151.8,182.1,Yes
CUST-10789,Female,0,43,57,21.56,1255.8,No,Month-to-month,Electronic check,No internet service,No internet service,No internet service,No internet service,Yes,No,No,0,3,3,161.0,362.4,No
CUST-10790,Male,0,42,47,69.71,3303.77,Fiber optic,Two year,Mailed check,No,No,No,No,Yes,No,No,0,3,0,191.6,184.2,No
CUST-10791,Female,0,53,13,91.57,1194.25,Fiber optic,Month-to-month,Electronic check,Yes,No,Yes,No,Yes,No,No,0,4,1,147.6,259.5,Yes
CUST-10792,Female,0,24,16,97.22,1536.8,Fiber optic,Month-to-month,Electronic check,No,No,Yes,Yes,Yes,No,Yes,0,3,2,64.6,89.7,Yes
CUST-10793,Male,0,27,55,51.08,2814.4,DSL,Two year,Electronic check,No,No,No,No,Yes,Yes,No,1,4,1,96.4,97.1,No
CUST-10794,Female,0,64,65,51.37,3364.76,DSL,One year,Bank transfer (automatic),No,Yes,No,No,Yes,No,Yes,0,4,4,152.8,172.8,No
CUST-10795,Male,1,71,16,49.86,790.43,DSL,One year,Electronic check,No,No,No,No,Yes,Yes,No,1,2,0,74.3,93.4,No
CUST-10796,Male,0,18,37,83.81,3079.23,Fiber optic,Month-to-month,Bank transfer (automatic),Yes,No,No,No,Yes,Yes,Yes,0,5,0,174.5,352.3,No
CUST-10797,Male,0,42,52,79.08,4123.78,DSL,Two year,Electronic check,Yes,No,Yes,Yes,Yes,No,No,0,3,4,96.6,240.0,No
CUST-10798,Male,0,33,10,66.77,677.08,DSL,Month-to-month,Electronic check,No,No,Yes,No,Yes,Yes,Yes,0,3,1,210.3,179.7,No
CUST-10799,Male,0,22,38,106.34,4011.0,Fiber optic,Month-to-month,Credit card (automatic),No,No,Yes,Yes,Yes,Yes,No,1,2,1,69.9,150.9,Yes
CUST-10800,Male,0,36,44,104.51,4619.66,Fiber optic,Month-to-month,Bank transfer (automatic),Yes,Yes,No,Yes,Yes,No,No,0,3,1,87.3,145.7,Yes
CUST-10801,Male,0,21,54,90.83,4914.46,Fiber optic,Month-to-month,Bank transfer (automatic),Yes,Yes,No,No,Yes,No,No,1,3,1,65.7,65.5,Yes
CUST-10802,Female,0,23,51,23.64,1187.38,No,Month-to-month,Electronic check,No internet service,No internet service,No internet service,No internet service,Yes,No,Yes,1,4,1,99.9,119.4,No
CUST-10803,Male,0,43,52,23.92,1214.03,No,One year,Electronic check,No internet service,No internet service,No internet service,No internet service,Yes,No,No,1,2,2,113.8,173.4,Yes
CUST-10804,Male,0,56,70,67.12,4726.74,DSL,Month-to-month,Credit card (automatic),No,No,Yes,No,Yes,Yes,No,0,4,3,139.7,283.8,No
CUST-10805,Female,0,56,59,23.56,1405.32,No,One year,Electronic check,No internet service,No internet service,No internet service,No internet service,Yes,Yes,No,0,3,0,68.6,83.0,No
CUST-10806,Female,0,26,13,84.92,1095.86,DSL,Month-to-month,Credit card (automatic),Yes,No,Yes,Yes,Yes,Yes,No,0,3,2,73.3,138.3,No
CUST-10807,Female,0,62,41,18.36,748.73,No,Month-to-month,Bank transfer (automatic),No internet service,No internet service,No internet service,No internet service,Yes,No,No,1,3,1,70.4,89.1,Yes
CUST-10808,Male,0,31,12,86.97,1045.97,Fiber optic,Month-to-month,Bank transfer (automatic),No,No,Yes,No,Yes,No,Yes,1,2,3,103.5,227.9,Yes
CUST-10809,Female,0,26,50,66.64,3345.12,DSL,Two year,Bank transfer (automatic),Yes,No,No,Yes,Yes,No,No,0,4,0,179.0,236.2,No
CUST-10810,Male,0,32,57,87.62,4974.72,DSL,Two year,Mailed check,Yes,Yes,No,Yes,Yes,Yes,Yes,1,3,3,143.9,316.3,No
CUST-10811,Male,0,54,50,72.14,3588.74,DSL,Two year,Electronic check,No,No,Yes,Yes,No,No phone service,No,1,3,1,71.9,96.8,No
CUST-10812,Male,0,37,57,89.53,5076.11,Fiber optic,One year,Bank transfer (automatic),No,Yes,No,No,Yes,Yes,No,0,5,2,52.8,91.5,No
CUST-10813,Male,0,25,54,117.18,6356.87,Fiber optic,One year,Credit card (automatic),Yes,Yes,Yes,Yes,Yes,Yes,No,0,4,4,92.3,197.9,No
CUST-10814,Female,0,49,66,105.19,6965.07,Fiber optic,One year,Electronic check,Yes,Yes,Yes,No,Yes,Yes,No,0,3,3,50.8,48.9,No
CUST-10815,Female,0,64,8,95.19,764.7,Fiber optic,One year,Mailed check,Yes,No,Yes,No,Yes,No,Yes,1,2,2,284.5,308.6,Yes
CUST-10816,Male,0,38,63,104.39,6572.39,Fiber optic,Month-to-month,Mailed check,No,No,Yes,Yes,Yes,Yes,No,0,3,2,126.2,306.2,No
CUST-10817,Male,0,58,9,65.36,572.49,DSL,Month-to-month,Mailed check,No,No,Yes,No,Yes,Yes,No,1,4,0,158.7,175.9,No
CUST-10818,Male,0,36,60,25.49,1535.1,No,Month-to-month,Electronic check,No internet service,No internet service,No internet service,No internet service,Yes,Yes,Yes,0,3,0,27.4,63.7,No
CUST-10819,Female,0,46,63,64.87,4098.24,DSL,Month-to-month,Credit card (automatic),No,No,Yes,Yes,Yes,No,No,1,3,0,112.1,187.6,No
CUST-10820,Male,1,66,72,24.64,1785.43,No,Month-to-month,Mailed check,No internet service,No internet service,No internet service,No internet service,Yes,Yes,No,0,4,1,109.0,107.3,No
CUST-10821,Male,0,23,3,28.8,56.79,No,Month-to-month,Credit card (automatic),No internet service,No internet service,No internet service,No internet service,Yes,Yes,No,0,4,0,87.1,140.3,Yes
CUST-10822,Female,0,21,13,82.46,1084.1,Fiber optic,Month-to-month,Credit card (automatic),No,No,Yes,No,No,No phone service,No,1,3,0,54.1,94.8,Yes
CUST-10823,Female,1,70,9,86.41,799.67,Fiber optic,Month-to-month,Electronic check,No,No,No,Yes,Yes,No,No,0,4,3,210.1,223.3,Yes
CUST-10824,Male,1,67,52,96.57,4998.54,Fiber optic,Two year,Electronic check,No,Yes,No,Yes,Yes,No,No,0,4,3,62.3,130.8,No
CUST-10825,Female,1,75,62,20.76,1302.44,No,Month-to-month,Credit card (automatic),No internet service,No internet service,No internet service,No internet service,Yes,No,No,1,3,2,152.5,152.2,No
CUST-10826,Female,0,20,8,73.41,606.67,Fiber optic,Month-to-month,Mailed check,No,No,No,No,No,No phone service,Yes,0,3,2,88.7,86.5,Yes
CUST-10827,Male,0,18,45,70.12,3141.97,DSL,Two year,Electronic check,Yes,No,Yes,No,No,No phone service,No,0,4,2,188.7,334.9,No
CUST-10828,Female,0,61,53,104.52,5552.29,Fiber optic,Month-to-month,Credit card (automatic),No,No,Yes,Yes,Yes,Yes,No,0,4,3,102.6,227.5,Yes
CUST-10829,Male,0,32,63,19.37,1196.12,No,Month-to-month,Mailed check,No internet service,No internet service,No internet service,No internet service,Yes,No,Yes,1,2,2,333.8,615.8,Yes
CUST-10830,Female,0,64,57,110.89,6329.68,Fiber optic,Month-to-month,Electronic check,Yes,No,Yes,Yes,Yes,Yes,No,1,1,1,196.6,172.8,Yes
CUST-10831,Male,0,38,54,25.64,1385.18,No,Month-to-month,Mailed check,No internet service,No internet service,No internet service,No internet service,Yes,Yes,Yes,0,4,2,72.8,112.4,No
CUST-10832,Male,0,63,19,86.37,1662.02,Fiber optic,Month-to-month,Credit card (automatic),No,No,Yes,No,Yes,No,Yes,1,2,3,58.8,119.2,Yes
CUST-10833,Male,0,48,67,101.34,6786.9,Fiber optic,Month-to-month,Electronic check,Yes,Yes,No,No,Yes,Yes,No,0,4,2,190.7,238.0,No
CUST-10834,Female,1,77,46,53.77,2469.11,DSL,Month-to-month,Mailed check,No,No,No,Yes,Yes,No,Yes,0,5,0,137.6,273.0,No
CUST-10835,Male,0,34,10,18.25,208.53,No,Two year,Electronic check,No internet service,No internet service,No internet service,No internet service,Yes,No,No,1,3,4,18.6,27.3,No
CUST-10836,Female,0,36,18,77.81,1426.64,DSL,One year,Credit card (automatic),No,No,Yes,Yes,Yes,Yes,No,0,5,0,107.4,262.3,No
CUST-10837,Male,0,56,12,27.14,297.82,No,One year,Bank transfer (automatic),No internet service,No internet service,No internet service,No internet service,Yes,Yes,Yes,0,4,1,96.2,156.1,No
CUST-10838,Male,0,20,49,60.14,2945.99,DSL,Month-to-month,Mailed check,Yes,No,No,No,Yes,Yes,Yes,0,4,1,120.2,269.8,No
CUST-10839,Female,0,47,23,59.91,1357.59,DSL,Month-to-month,Bank transfer (automatic),No,No,Yes,No,No,No phone service,Yes,1,2,2,56.7,79.0,Yes
CUST-10840,Male,0,52,62,89.02,5505.66,Fiber optic,Two year,Mailed check,No,No,Yes,Yes,Yes,No,Yes,1,3,2,54.0,111.1,Yes
CUST-10841,Male,1,76,11,80.43,894.7,Fiber optic,Month-to-month,Bank transfer (automatic),No,No,Yes,No,No,No phone service,Yes,0,3,2,65.3,88.5,Yes
CUST-10842,Female,0,31,56,84.29,4698.0,Fiber optic,Two year,Credit card (automatic),No,Yes,No,No,Yes,No,No,0,3,1,91.9,118.0,No
CUST-10843,Male,0,52,55,22.61,1214.23,No,Month-to-month,Mailed check,No internet service,No internet service,No internet service,No internet service,Yes,No,No,0,4,3,47.8,52.5,No
CUST-10844,Male,0,45,25,19.01,488.88,No,Two year,Credit card (automatic),No internet service,No internet service,No internet service,No internet service,Yes,No,Yes,0,2,2,126.6,239.1,No
CUST-10845,Male,0,47,9,81.29,740.09,DSL,Month-to-month,Bank transfer (automatic),No,No,Yes,Yes,Yes,Yes,No,1,2,0,118.8,191.7,Yes
CUST-10846,Male,0,43,12,106.01,1296.28,Fiber optic,Month-to-month,Electronic check,Yes,Yes,Yes,No,Yes,No,Yes,1,2,2,258.1,364.7,Yes
CUST-10847,Female,0,24,11,97.53,1075.37,Fiber optic,One year,Credit card (automatic),No,No,Yes,Yes,Yes,Yes,No,1,2,4,114.0,101.9,Yes
CUST-10848,Female,0,56,38,18.25,720.22,No,One year,Electronic check,No internet service,No internet service,No internet service,No internet service,No,No phone service,Yes,0,5,2,40.4,77.6,No
CUST-10849,Male,0,48,28,78.87,2214.92,Fiber optic,Month-to-month,Mailed check,Yes,No,No,No,Yes,No,Yes,0,4,0,46.3,91.0,Yes
CUST-10850,Female,0,22,8,32.29,251.55,No,Two year,Bank transfer (automatic),No internet service,No internet service,No internet service,No internet service,Yes,Yes,No,0,4,0,58.6,78.8,No
CUST-10851,Male,0,52,47,85.44,4022.19,Fiber optic,Month-to-month,Credit card (automatic),No,No,No,Yes,Yes,No,No,0,3,4,278.0,534.0,Yes
CUST-10852,Female,0,64,36,85.48,3092.23,Fiber optic,Month-to-month,Electronic check,No,No,No,Yes,Yes,Yes,No,1,3,4,37.5,86.1,Yes
CUST-10853,Male,0,31,50,28.12,1396.85,No,One year,Credit card (automatic),No internet service,No internet service,No internet service,No internet service,Yes,Yes,No,0,2,3,66.6,92.7,No
CUST-10854,Male,0,53,9,84.2,750.15,Fiber optic,One year,Credit card (automatic),No,No,No,Yes,Yes,No,Yes,0,4,0,202.4,409.6,No
CUST-10855,Male,0,44,60,89.76,5393.4,Fiber optic,Two year,Electronic check,No,Yes,No,Yes,Yes,No,No,0,4,1,230.6,516.0,No
CUST-10856,Male,0,41,72,22.23,1597.9,No,Month-to-month,Credit card (automatic),No internet service,No internet service,No internet service,No internet service,Yes,No,No,0,4,3,133.0,205.4,No
CUST-10857,Male,0,57,67,53.7,3599.52,DSL,Month-to-month,Electronic check,Yes,No,No,No,Yes,No,Yes,0,3,1,96.6,102.6,No
CUST-10858,Male,0,46,53,72.74,3884.14,DSL,One year,Electronic check,Yes,No,Yes,No,Yes,Yes,No,0,3,2,104.5,90.6,No
CUST-10859,Female,1,69,17,77.93,1297.44,DSL,Month-to-month,Credit card (automatic),Yes,No,Yes,Yes,Yes,No,No,0,4,1,72.4,149.0,No
CUST-10860,Male,1,71,53,98.51,5229.9,Fiber optic,Month-to-month,Mailed check,No,No,Yes,Yes,Yes,No,No,0,3,0,35.9,60.6,Yes
CUST-10861,Female,0,25,28,86.05,2434.77,Fiber optic,Month-to-month,Bank transfer (automatic),No,No,No,Yes,No,No phone service,No,1,3,3,204.3,224.5,Yes
CUST-10862,Male,0,32,63,77.14,4843.99,DSL,Month-to-month,Mailed check,Yes,Yes,No,No,Yes,Yes,No,0,4,0,77.1,63.2,No
CUST-10863,Female,0,22,15,86.17,1275.27,Fiber optic,Month-to-month,Electronic check,No,No,Yes,No,Yes,No,No,0,5,0,62.9,95.9,No
CUST-10864,Female,0,21,19,78.78,1488.6,Fiber optic,Month-to-month,Bank transfer (automatic),No,No,Yes,No,No,No phone service,No,1,2,2,163.7,250.5,Yes
CUST-10865,Female,0,28,70,60.96,4241.64,DSL,One year,Electronic check,No,No,Yes,No,Yes,No,No,0,4,1,121.5,298.1,No
CUST-10866,Male,0,35,47,101.12,4756.26,Fiber optic,One year,Electronic check,No,Yes,Yes,Yes,Yes,No,No,0,3,3,165.7,171.9,No
CUST-10867,Male,0,59,71,68.38,4863.71,DSL,Month-to-month,Credit card (automatic),No,No,Yes,No,Yes,Yes,No,0,3,1,91.6,102.3,No
CUST-10868,Female,1,65,48,114.42,5511.35,Fiber optic,Month-to-month,Credit card (automatic),Yes,Yes,Yes,Yes,Yes,No,No,0,3,1,282.2,683.1,No
CUST-10869,Male,0,32,20,87.4,1721.97,Fiber optic,Month-to-month,Mailed check,No,No,Yes,No,Yes,Yes,No,0,4,1,111.2,106.5,Yes
CUST-10870,Female,0,23,37,90.99,3362.8,Fiber optic,Month-to-month,Electronic check,No,Yes,Yes,No,Yes,No,No,1,3,2,74.6,163.3,Yes
CUST-10871,Male,0,33,2,19.33,55.71,No,One year,Mailed check,No internet service,No internet service,No internet service,No internet service,Yes,No,No,0,5,0,95.2,210.3,No
CUST-10872,Female,0,64,64,94.33,6053.22,Fiber optic,Two year,Credit card (automatic),No,Yes,Yes,No,Yes,No,Yes,0,5,1,98.3,115.4,No
CUST-10873,Female,0,57,36,80.06,2856.58,DSL,One year,Electronic check,Yes,No,Yes,Yes,Yes,No,No,0,4,0,56.4,79.8,No
CUST-10874,Male,1,70,5,80.17,371.53,DSL,One year,Electronic check,No,No,Yes,Yes,Yes,Yes,No,1,3,2,82.5,193.9,Yes
CUST-10875,Female,0,60,64,78.97,5071.08,Fiber optic,Month-to-month,Credit card (automatic),No,Yes,No,No,Yes,No,No,0,3,1,129.8,244.4,No
CUST-10876,Male,0,51,7,65.44,,DSL,Month-to-month,Mailed check,No,Yes,No,No,Yes,Yes,No,0,4,2,109.7,244.5,Yes
CUST-10877,Female,0,44,70,30.93,2169.77,No,Two year,Electronic check,No internet service,No internet service,No internet service,No internet service,Yes,Yes,No,0,4,1,132.4,290.6,No
CUST-10878,Female,1,71,22,70.63,1529.51,DSL,Two year,Electronic check,Yes,No,Yes,No,Yes,Yes,Yes,0,4,1,85.5,143.4,No
CUST-10879,Male,0,53,46,88.76,4070.69,Fiber optic,Month-to-month,Credit card (automatic),No,No,No,Yes,Yes,Yes,No,0,3,1,54.4,49.4,No
CUST-10880,Male,0,44,40,60.86,2413.88,DSL,Month-to-month,Mailed check,No,No,Yes,No,Yes,No,Yes,0,3,3,45.5,78.1,No
CUST-10881,Male,0,26,61,67.05,4104.23,DSL,One year,Electronic check,Yes,Yes,No,No,Yes,No,No,0,4,2,162.1,137.3,No
CUST-10882,Female,0,22,46,91.18,4204.64,Fiber optic,Month-to-month,Credit card (automatic),Yes,No,Yes,No,Yes,No,Yes,1,3,2,187.2,253.8,Yes
CUST-10883,Male,0,39,28,96.83,2689.36,Fiber optic,One year,Credit card (automatic),Yes,No,No,Yes,Yes,Yes,No,0,3,0,72.6,73.8,No
CUST-10884,Female,0,48,35,77.97,2702.51,Fiber optic,Two year,Electronic check,No,No,Yes,No,Yes,No,No,0,4,3,65.3,98.9,No
CUST-10885,Female,0,20,1,101.29,101.29,Fiber optic,Month-to-month,Bank transfer (automatic),No,Yes,Yes,Yes,Yes,No,No,0,4,3,57.8,55.4,Yes
CUST-10886,Male,0,47,29,97.45,2807.78,Fiber optic,Two year,Electronic check,No,Yes,Yes,No,Yes,Yes,No,0,4,1,85.6,126.9,No
CUST-10887,Male,1,75,9,55.71,471.88,DSL,Two year,Mailed check,No,No,No,Yes,Yes,No,No,1,3,2,18.4,15.8,Yes
CUST-10888,Female,0,52,9,88.77,784.79,Fiber optic,Two year,Electronic check,No,Yes,No,Yes,Yes,No,No,1,2,1,129.2,173.1,Yes
CUST-10889,Female,0,23,22,18.25,384.41,No,Month-to-month,Electronic check,No internet service,No internet service,No internet service,No internet service,Yes,No,No,0,4,0,79.1,116.8,No
CUST-10890,Male,0,45,63,76.44,4826.82,DSL,Month-to-month,Bank transfer (automatic),Yes,Yes,No,No,Yes,Yes,Yes,1,2,5,154.0,179.5,Yes
CUST-10891,Male,0,49,66,25.5,1704.65,No,One year,Mailed check,No internet service,No internet service,No internet service,No internet service,Yes,Yes,Yes,0,5,2,95.6,232.4,No
CUST-10892,Male,1,74,58,55.62,3210.22,DSL,Month-to-month,Mailed check,Yes,No,No,No,Yes,No,Yes,1,3,1,72.8,94.2,No
CUST-10893,Male,0,54,70,100.99,7052.68,Fiber optic,Month-to-month,Electronic check,No,Yes,Yes,Yes,No,No phone service,No,1,3,0,104.0,191.0,No
CUST-10894,Male,0,42,55,66.92,3673.87,DSL,Month-to-month,Credit card (automatic),No,Yes,Yes,No,Yes,No,Yes,0,5,1,190.5,242.8,No
CUST-10895,Female,0,49,13,18.25,217.6,No,One year,Electronic check,No internet service,No internet service,No internet service,No internet service,Yes,No,No,0,3,0,107.6,231.6,No
CUST-10896,Female,0,52,19,75.87,1468.34,Fiber optic,Month-to-month,Bank transfer (automatic),Yes,No,No,No,Yes,No,Yes,0,4,0,172.0,338.0,No
CUST-10897,Female,0,39,33,74.82,2453.67,Fiber optic,Month-to-month,Electronic check,No,No,No,No,Yes,No,No,0,4,1,97.9,209.3,No
CUST-10898,Female,0,41,65,81.58,5278.3,Fiber optic,Month-to-month,Bank transfer (automatic),No,No,No,Yes,Yes,No,No,0,3,0,61.2,65.9,Yes
CUST-10899,Male,0,56,60,98.93,5939.21,Fiber optic,One year,Electronic check,Yes,No,Yes,No,Yes,Yes,No,0,3,3,41.9,58.5,No
CUST-10900,Male,1,65,12,66.99,806.14,Fiber optic,One year,Electronic check,No,No,No,No,Yes,No,No,0,2,3,147.9,169.2,Yes
CUST-10901,Male,0,49,43,77.95,3359.76,Fiber optic,Month-to-month,Bank transfer (automatic),No,No,No,No,Yes,Yes,No,0,3,2,98.6,197.1,Yes
CUST-10902,Female,0,48,17,79.35,1376.95,Fiber optic,Two year,Electronic check,No,No,No,No,Yes,Yes,Yes,0,3,3,67.7,132.3,Yes
CUST-10903,Female,0,40,68,55.05,3732.81,DSL,Month-to-month,Mailed check,No,No,No,Yes,No,No phone service,No,1,2,1,67.1,164.9,Yes
CUST-10904,Male,0,57,29,91.8,2653.77,Fiber optic,One year,Electronic check,Yes,No,No,Yes,Yes,No,No,1,3,1,32.8,76.6,Yes
CUST-10905,Male,0,50,55,60.37,3310.57,DSL,One year,Electronic check,No,Yes,No,No,Yes,Yes,Yes,1,3,2,109.8,262.7,Yes
CUST-10906,Female,0,42,7,63.28,450.68,DSL,One year,Bank transfer (automatic),No,Yes,No,No,Yes,Yes,Yes,1,3,1,128.6,229.6,No
CUST-10907,Female,0,53,44,67.87,2992.52,DSL,Month-to-month,Electronic check,No,No,No,Yes,Yes,Yes,No,0,3,4,135.7,142.8,Yes
CUST-10908,Male,0,41,5,107.6,539.73,Fiber optic,Two year,Electronic check,Yes,No,Yes,Yes,Yes,Yes,Yes,0,5,0,94.4,225.3,No
CUST-10909,Male,0,48,60,65.18,3902.66,DSL,Two year,Electronic check,No,No,No,Yes,Yes,Yes,No,0,4,2,117.5,268.4,No
CUST-10910,Female,1,76,6,88.99,529.6,Fiber optic,One year,Electronic check,No,No,No,Yes,Yes,Yes,Yes,0,4,2,134.3,201.9,No
CUST-10911,Male,0,63,7,77.74,561.73,Fiber optic,Month-to-month,Electronic check,No,No,No,Yes,Yes,No,No,0,4,2,99.9,173.8,Yes
CUST-10912,Male,0,30,46,61.41,2831.41,DSL,Month-to-month,Electronic check,No,No,Yes,No,Yes,No,No,0,4,1,183.2,177.2,No
CUST-10913,Male,0,27,57,91.6,5234.18,Fiber optic,One year,Electronic check,No,No,Yes,Yes,Yes,No,No,0,5,1,53.3,76.2,No
CUST-10914,Female,0,40,54,92.65,4989.7,Fiber optic,Month-to-month,Credit card (automatic),No,Yes,Yes,No,Yes,No,No,0,4,2,65.1,141.0,No
CUST-10915,Female,0,35,46,78.73,3646.27,Fiber optic,One year,Electronic check,Yes,No,No,No,Yes,No,No,0,4,0,137.3,337.9,No
CUST-10916,Female,0,49,10,87.71,849.21,Fiber optic,Month-to-month,Credit card (automatic),No,No,No,Yes,Yes,Yes,No,0,4,0,25.6,41.6,Yes
CUST-10917,Female,0,50,4,112.27,454.82,Fiber optic,One year,Credit card (automatic),Yes,No,Yes,Yes,Yes,Yes,No,1,3,0,84.8,108.7,Yes
CUST-10918,Female,0,53,67,21.89,1485.37,No,Month-to-month,Electronic check,No internet service,No internet service,No internet service,No internet service,Yes,No,No,0,5,0,158.5,335.5,No
CUST-10919,Female,0,45,25,82.86,2093.48,Fiber optic,Month-to-month,Electronic check,No,Yes,No,No,Yes,No,No,0,4,1,40.8,91.9,No
CUST-10920,Female,0,33,61,66.34,4035.91,DSL,Month-to-month,Electronic check,No,No,No,Yes,Yes,Yes,No,0,5,0,88.4,166.3,No
CUST-10921,Male,0,33,38,65.26,2477.47,DSL,Month-to-month,Bank transfer (automatic),No,No,No,Yes,Yes,Yes,No,0,5,1,77.8,126.1,No
CUST-10922,Male,0,35,32,59.77,1884.73,DSL,Month-to-month,Bank transfer (automatic),No,No,No,Yes,Yes,No,Yes,0,4,1,109.5,253.9,No
CUST-10923,Male,0,25,23,20.17,481.3,No,One year,Bank transfer (automatic),No internet service,No internet service,No internet service,No internet service,Yes,No,Yes,0,3,0,77.3,150.7,No
CUST-10924,Male,0,59,37,24.74,892.85,No,One year,Mailed check,No internet service,No internet service,No internet service,No internet service,No,No phone service,No,1,4,0,83.4,66.9,No
CUST-10925,Male,0,33,3,57.27,167.49,DSL,One year,Electronic check,No,No,No,Yes,Yes,No,Yes,1,2,2,103.6,254.1,Yes
CUST-10926,Male,0,28,13,26.17,369.66,No,One year,Credit card (automatic),No internet service,No internet service,No internet service,No internet service,Yes,Yes,No,0,4,0,40.5,81.5,No
CUST-10927,Male,0,23,34,81.46,2794.7,Fiber optic,Month-to-month,Electronic check,No,No,No,Yes,Yes,No,No,0,5,1,76.8,124.5,No
CUST-10928,Female,0,18,65,44.9,2908.3,DSL,Month-to-month,Credit card (automatic),No,No,No,No,No,No phone service,Yes,0,3,1,54.7,45.2,No
CUST-10929,Female,0,29,8,18.25,129.43,No,Month-to-month,Mailed check,No internet service,No internet service,No internet service,No internet service,Yes,No,No,1,3,3,147.5,129.4,Yes
CUST-10930,Male,0,55,9,75.59,665.41,DSL,One year,Electronic check,Yes,No,Yes,Yes,Yes,No,No,1,2,3,58.3,142.6,Yes
CUST-10931,Male,0,45,28,19.31,551.77,No,Month-to-month,Credit card (automatic),No internet service,No internet service,No internet service,No internet service,Yes,No,No,0,3,0,55.4,119.3,Yes
CUST-10932,Female,0,62,18,93.97,1705.01,Fiber optic,Month-to-month,Mailed check,Yes,Yes,No,No,No,No phone service,No,0,4,1,124.2,119.8,No
CUST-10933,Male,0,34,42,101.56,4248.51,Fiber optic,One year,Bank transfer (automatic),Yes,No,Yes,Yes,Yes,No,No,0,2,1,72.0,149.2,No
CUST-10934,Male,0,18,41,18.62,747.82,No,Two year,Mailed check,No internet service,No internet service,No internet service,No internet service,No,No phone service,No,1,3,0,76.7,83.9,No
CUST-10935,Female,0,49,70,84.58,5910.0,Fiber optic,One year,Credit card (automatic),No,No,No,Yes,Yes,No,Yes,0,3,1,44.4,64.8,Yes
CUST-10936,Male,0,25,33,74.82,2465.05,DSL,One year,Credit card (automatic),No,Yes,Yes,Yes,No,No phone service,No,0,3,3,83.8,139.1,Yes
CUST-10937,Female,1,69,54,107.25,5816.55,Fiber optic,One year,Mailed check,No,Yes,Yes,Yes,Yes,No,No,0,4,3,81.1,189.5,No
CUST-10938,Male,0,60,36,77.2,2750.79,DSL,Month-to-month,Electronic check,No,Yes,Yes,No,Yes,Yes,Yes,0,4,0,77.0,68.4,No
CUST-10939,Female,0,63,56,20.5,1156.29,No,One year,Bank transfer (automatic),No internet service,No internet service,No internet service,No internet service,Yes,No,Yes,1,3,2,112.1,115.3,No
CUST-10940,Female,0,41,17,89.09,1536.23,Fiber optic,Two year,Credit card (automatic),Yes,No,No,Yes,Yes,No,No,1,3,0,50.7,107.1,No
CUST-10941,Female,0,27,10,65.93,672.7,Fiber optic,Month-to-month,Bank transfer (automatic),No,No,No,No,Yes,No,Yes,0,4,2,164.7,410.7,No
CUST-10942,Male,0,64,44,89.32,3913.08,Fiber optic,Month-to-month,Credit card (automatic),No,Yes,Yes,No,Yes,No,No,0,4,1,174.2,369.3,No
CUST-10943,Female,0,56,2,22.61,43.82,No,Month-to-month,Electronic check,No internet service,No internet service,No internet service,No internet service,Yes,No,No,0,4,1,185.6,393.8,No
CUST-10944,Male,0,56,14,71.33,1023.24,DSL,Month-to-month,Credit card (automatic),Yes,No,No,Yes,No,No phone service,No,0,4,0,30.0,51.0,No
CUST-10945,Male,0,27,41,94.38,3846.52,Fiber optic,Two year,Electronic check,No,Yes,No,Yes,Yes,No,No,0,4,1,99.1,137.3,No
CUST-10946,Male,0,53,2,78.28,185.81,Fiber optic,Month-to-month,Mailed check,No,No,No,No,Yes,Yes,No,1,3,0,81.5,84.8,Yes
CUST-10947,Male,1,65,19,32.51,596.31,No,Month-to-month,Mailed check,No internet service,No internet service,No internet service,No internet service,Yes,Yes,Yes,0,4,0,130.6,144.9,No
CUST-10948,Female,0,27,1,23.29,23.29,No,Two year,Bank transfer (automatic),No internet service,No internet service,No internet service,No internet service,Yes,No,Yes,0,4,0,148.1,230.1,No
CUST-10949,Female,1,76,2,79.56,177.89,Fiber optic,Month-to-month,Electronic check,No,No,No,No,Yes,Yes,No,1,3,0,129.1,314.8,Yes
CUST-10950,Male,0,63,27,99.38,2702.96,Fiber optic,Month-to-month,Credit card (automatic),No,Yes,Yes,Yes,Yes,No,No,1,3,1,32.3,59.2,Yes
CUST-10951,Male,0,62,2,62.88,98.04,DSL,Two year,Credit card (automatic),No,No,No,Yes,Yes,Yes,Yes,0,2,3,112.4,255.4,Yes
CUST-10952,Female,0,32,51,67.08,3401.18,DSL,Month-to-month,Credit card (automatic),No,No,Yes,Yes,Yes,No,No,0,3,2,100.5,122.2,No
CUST-10953,Male,0,33,10,18.47,211.61,No,One year,Electronic check,No internet service,No internet service,No internet service,No internet service,No,No phone service,No,0,3,1,144.3,211.8,Yes
CUST-10954,Female,1,65,19,43.89,820.67,DSL,Month-to-month,Electronic check,No,No,No,No,Yes,No,No,0,3,3,113.0,230.9,Yes
CUST-10955,Male,1,68,13,67.39,846.8,DSL,Month-to-month,Mailed check,No,Yes,No,No,Yes,Yes,No,1,3,1,176.6,161.8,Yes
CUST-10956,Male,1,72,48,57.42,2741.4,DSL,Month-to-month,Bank transfer (automatic),Yes,No,No,No,Yes,No,Yes,1,2,4,127.7,162.0,Yes
CUST-10957,Female,0,46,56,21.92,1241.65,No,Month-to-month,Electronic check,No internet service,No internet service,No internet service,No internet service,Yes,No,Yes,0,4,2,127.1,223.6,Yes
CUST-10958,Male,0,48,72,87.27,6308.43,Fiber optic,Two year,Bank transfer (automatic),Yes,No,No,No,Yes,Yes,No,0,5,1,24.5,48.7,No
CUST-10959,Female,0,34,56,100.38,5600.59,Fiber optic,Two year,Mailed check,No,No,Yes,Yes,Yes,Yes,Yes,0,5,0,49.0,75.5,No
CUST-10960,Male,1,75,50,88.2,4393.46,Fiber optic,Two year,Bank transfer (automatic),Yes,No,No,Yes,Yes,No,No,0,3,1,84.1,191.2,No
CUST-10961,Male,0,44,45,27.53,1235.34,No,Month-to-month,Mailed check,No internet service,No internet service,No internet service,No internet service,Yes,Yes,No,0,4,2,77.5,139.0,No
CUST-10962,Male,0,58,59,74.05,4383.85,DSL,Two year,Bank transfer (automatic),Yes,Yes,Yes,No,Yes,No,No,1,3,1,47.8,91.2,No
CUST-10963,Female,0,32,39,88.91,3477.01,Fiber optic,One year,Electronic check,No,No,Yes,No,Yes,Yes,Yes,0,3,1,164.5,207.3,No
CUST-10964,Male,0,61,21,83.56,1744.41,DSL,Month-to-month,Electronic check,No,Yes,Yes,Yes,Yes,Yes,Yes,1,2,1,121.6,165.1,Yes
CUST-10965,Male,1,80,55,90.44,4948.18,Fiber optic,One year,Credit card (automatic),Yes,No,Yes,No,No,No phone service,No,1,2,0,50.3,43.7,Yes
CUST-10966,Male,0,38,57,97.43,5538.69,Fiber optic,Month-to-month,Electronic check,No,No,Yes,Yes,Yes,Yes,No,0,4,0,35.7,33.1,No
CUST-10967,Male,0,58,41,107.06,4372.63,Fiber optic,Month-to-month,Credit card (automatic),Yes,No,Yes,Yes,Yes,Yes,No,1,3,1,96.2,234.6,No
CUST-10968,Female,0,63,70,76.7,5340.26,DSL,Two year,Electronic check,Yes,Yes,No,No,Yes,Yes,No,0,5,1,128.1,222.4,No
CUST-10969,Female,0,62,49,70.41,3478.59,DSL,One year,Mailed check,No,No,Yes,Yes,Yes,No,No,1,4,1,135.2,136.1,No
CUST-10970,Male,0,43,44,28.88,1256.04,No,Month-to-month,Electronic check,No internet service,No internet service,No internet service,No internet service,Yes,Yes,No,0,3,2,119.0,158.2,No
CUST-10971,Female,0,55,35,28.14,1005.09,No,Month-to-month,Credit card (automatic),No internet service,No internet service,No internet service,No internet service,Yes,Yes,No,1,1,5,173.2,325.3,Yes
CUST-10972,Male,0,53,5,100.27,500.44,Fiber optic,Two year,Credit card (automatic),Yes,Yes,No,No,Yes,Yes,No,1,2,5,42.5,96.0,No
CUST-10973,Male,1,76,71,59.36,4242.9,DSL,One year,Electronic check,No,No,No,Yes,Yes,No,No,1,3,2,96.9,88.4,No
CUST-10974,Male,0,20,51,98.35,4994.82,Fiber optic,Month-to-month,Electronic check,No,No,Yes,Yes,Yes,No,Yes,1,3,1,117.4,184.5,No
CUST-10975,Female,0,31,57,89.44,5074.72,Fiber optic,Month-to-month,Bank transfer (automatic),Yes,No,Yes,No,Yes,No,Yes,0,3,2,24.4,22.4,No
CUST-10976,Female,1,75,58,104.85,6051.45,Fiber optic,Month-to-month,Credit card (automatic),No,No,Yes,Yes,Yes,Yes,No,1,2,4,50.7,80.4,Yes
CUST-10977,Female,0,58,36,86.91,3141.87,Fiber optic,Two year,Bank transfer (automatic),No,No,Yes,No,Yes,No,Yes,0,3,3,102.2,207.2,No
CUST-10978,Female,0,44,10,77.29,761.28,Fiber optic,Month-to-month,Credit card (automatic),No,No,No,Yes,Yes,No,Yes,0,3,2,155.7,329.3,Yes
CUST-10979,Female,0,18,50,68.74,3459.22,Fiber optic,Month-to-month,Electronic check,No,No,No,No,Yes,No,No,1,2,2,40.5,51.3,Yes
CUST-10980,Female,0,34,37,64.36,2389.35,DSL,Month-to-month,Bank transfer (automatic),No,No,Yes,No,Yes,Yes,No,0,5,2,56.7,71.1,No
CUST-10981,Female,0,51,20,107.22,2149.05,Fiber optic,Two year,Bank transfer (automatic),Yes,No,Yes,Yes,No,No phone service,No,0,3,3,67.7,167.9,No
CUST-10982,Female,1,67,13,52.14,677.03,DSL,One year,Electronic check,No,No,No,Yes,Yes,No,No,1,4,0,86.0,85.8,No
CUST-10983,Female,0,34,19,90.99,1714.3,Fiber optic,One year,Bank transfer (automatic),No,No,Yes,No,Yes,Yes,Yes,0,4,1,96.6,183.3,Yes
CUST-10984,Male,0,20,56,97.93,5457.96,Fiber optic,Month-to-month,Credit card (automatic),No,No,Yes,Yes,No,No phone service,Yes,0,4,0,120.4,247.1,Yes
CUST-10985,Female,0,51,45,86.48,3888.21,Fiber optic,Month-to-month,Credit card (automatic),No,No,No,Yes,Yes,Yes,No,0,4,3,177.4,375.2,Yes
CUST-10986,Female,0,57,60,118.16,7065.55,Fiber optic,Two year,Electronic check,Yes,Yes,Yes,Yes,Yes,Yes,No,1,2,0,33.9,65.5,No
CUST-10987,Female,0,42,68,105.0,7164.34,Fiber optic,Two year,Electronic check,Yes,No,No,Yes,Yes,Yes,No,1,2,1,63.8,96.1,Yes
CUST-10988,Female,0,19,57,68.26,3910.58,DSL,Two year,Mailed check,No,No,No,Yes,Yes,Yes,No,0,4,2,115.7,115.8,No
CUST-10989,Female,0,51,54,46.97,2543.57,DSL,Two year,Electronic check,No,No,No,No,Yes,No,No,0,3,1,107.9,191.1,No
CUST-10990,Female,0,43,37,100.99,3733.78,Fiber optic,Two year,Credit card (automatic),Yes,Yes,No,Yes,Yes,No,Yes,1,4,0,105.7,190.4,No
CUST-10991,Female,1,80,37,83.54,3088.23,Fiber optic,One year,Electronic check,No,Yes,No,No,Yes,No,No,0,4,2,178.0,339.8,No
CUST-10992,Female,0,26,14,32.23,449.09,No,Two year,Bank transfer (automatic),No internet service,No internet service,No internet service,No internet service,Yes,Yes,No,0,3,2,70.1,166.6,No
CUST-10993,Female,0,47,44,72.32,3196.81,Fiber optic,One year,Electronic check,No,No,No,No,No,No phone service,No,0,4,1,151.4,234.1,No
CUST-10994,Female,0,37,42,78.98,3294.73,Fiber optic,Month-to-month,Bank transfer (automatic),No,Yes,No,No,No,No phone service,Yes,1,3,1,163.0,396.0,Yes
CUST-10995,Female,0,38,1,67.84,69.72,DSL,Month-to-month,Electronic check,No,Yes,No,Yes,No,No phone service,Yes,0,3,2,92.1,107.3,No
CUST-10996,Male,0,46,23,62.99,1467.53,DSL,Two year,Electronic check,Yes,No,Yes,No,Yes,No,No,0,4,2,298.4,367.9,No
CUST-10997,Male,0,42,64,41.58,2661.73,DSL,Month-to-month,Mailed check,No,No,No,No,Yes,No,Yes,0,2,1,82.9,84.1,No
CUST-10998,Female,0,55,28,89.83,2486.06,DSL,Two year,Bank transfer (automatic),Yes,No,Yes,Yes,Yes,Yes,No,0,4,1,90.9,84.3,No
CUST-10999,Female,0,61,4,99.29,381.84,Fiber optic,Month-to-month,Bank transfer (automatic),Yes,No,Yes,Yes,Yes,No,Yes,0,4,4,211.2,335.5,Yes
CUST-11000,Male,1,67,41,97.49,4007.21,Fiber optic,Month-to-month,Electronic check,Yes,Yes,No,Yes,Yes,No,Yes,0,3,1,141.8,266.4,Yes
CUST-11001,Female,1,66,60,78.08,4710.85,Fiber optic,Month-to-month,Electronic check,No,No,No,No,Yes,Yes,Yes,1,2,0,135.8,199.3,No
CUST-11002,Male,1,76,18,69.71,1278.4,DSL,Month-to-month,Bank transfer (automatic),Yes,Yes,No,No,Yes,Yes,No,1,3,0,76.8,133.5,No
CUST-11003,Male,0,61,63,18.25,1169.11,No,Month-to-month,Credit card (automatic),No internet service,No internet service,No internet service,No internet service,No,No phone service,No,0,4,0,119.9,177.7,No
CUST-11004,Male,0,43,61,100.99,6187.4,Fiber optic,Month-to-month,Electronic check,No,No,Yes,Yes,Yes,Yes,No,0,5,0,86.8,76.1,No
CUST-11005,Male,0,54,49,104.22,5093.58,Fiber optic,Two year,Electronic check,No,Yes,Yes,Yes,Yes,No,No,0,3,1,106.7,117.0,No
CUST-11006,Male,0,33,47,109.84,5133.22,Fiber optic,Month-to-month,Electronic check,Yes,No,Yes,Yes,Yes,Yes,No,0,4,0,15.2,19.1,Yes
CUST-11007,Female,0,54,39,77.84,3027.02,Fiber optic,Month-to-month,Electronic check,No,No,No,No,Yes,Yes,No,0,4,0,155.9,293.0,No
CUST-11008,Male,0,29,6,90.71,548.88,Fiber optic,Month-to-month,Electronic check,No,Yes,Yes,No,Yes,No,No,0,3,2,69.7,158.3,Yes
CUST-11009,Female,0,41,53,74.81,3953.92,DSL,One year,Bank transfer (automatic),No,Yes,Yes,Yes,Yes,No,No,0,4,2,165.5,183.6,No
CUST-11010,Female,0,43,25,31.67,764.4,No,One year,Credit card (automatic),No internet service,No internet service,No internet service,No internet service,Yes,Yes,No,0,4,4,37.7,44.7,No
CUST-11011,Male,0,37,65,77.81,5058.08,Fiber optic,One year,Electronic check,No,Yes,No,No,Yes,No,No,0,3,3,135.9,273.9,No
CUST-11012,Male,0,26,5,83.09,397.43,Fiber optic,Month-to-month,Bank transfer (automatic),No,No,Yes,No,Yes,No,No,1,2,0,51.9,125.9,Yes
CUST-11013,Female,0,40,65,104.7,6819.15,Fiber optic,Month-to-month,Bank transfer (automatic),No,Yes,Yes,Yes,Yes,No,No,1,2,2,102.1,143.0,Yes
CUST-11014,Male,0,56,8,66.99,511.27,Fiber optic,One year,Credit card (automatic),No,No,No,No,Yes,No,No,1,2,0,106.5,143.2,Yes
CUST-11015,Male,0,46,39,95.3,3744.19,Fiber optic,Two year,Credit card (automatic),Yes,No,No,Yes,Yes,Yes,No,0,3,2,62.2,88.0,Yes
CUST-11016,Female,0,48,43,48.57,2111.11,DSL,Month-to-month,Credit card (automatic),No,No,No,No,Yes,No,No,0,5,0,66.0,71.9,No
CUST-11017,Female,0,36,5,91.98,482.33,Fiber optic,Month-to-month,Bank transfer (automatic),No,Yes,No,Yes,Yes,No,Yes,0,3,1,114.2,186.9,Yes
CUST-11018,Male,0,37,4,19.14,93.95,No,Month-to-month,Credit card (automatic),No internet service,No internet service,No internet service,No internet service,Yes,No,No,0,4,0,122.0,210.3,No
CUST-11019,Female,0,40,1,79.63,87.65,DSL,Month-to-month,Mailed check,Yes,Yes,Yes,No,Yes,No,No,0,3,1,67.7,72.3,Yes
CUST-11020,Male,0,60,56,40.33,2231.69,DSL,One year,Electronic check,No,No,No,No,Yes,No,No,1,4,1,52.2,61.6,No
CUST-11021,Male,0,44,45,118.75,5353.5,Fiber optic,Month-to-month,Credit card (automatic),Yes,Yes,Yes,Yes,Yes,Yes,No,0,4,1,58.4,66.8,No
CUST-11022,Male,1,78,65,76.09,4960.67,DSL,Month-to-month,Bank transfer (automatic),No,No,Yes,Yes,Yes,Yes,No,1,2,3,62.0,113.4,Yes
CUST-11023,Female,0,38,3,53.52,138.41,DSL,Month-to-month,Electronic check,No,No,No,No,Yes,Yes,No,0,3,3,96.5,193.9,Yes
CUST-11024,Female,0,61,22,80.52,1778.39,Fiber optic,Two year,Credit card (automatic),No,No,No,No,Yes,Yes,Yes,0,3,1,67.9,89.6,No
CUST-11025,Female,0,52,72,70.47,5072.57,Fiber optic,Two year,Electronic check,No,No,No,No,Yes,No,Yes,0,4,1,58.4,122.7,No
CUST-11026,Female,1,79,56,23.62,1321.07,No,Two year,Electronic check,No internet service,No internet service,No internet service,No internet service,Yes,Yes,No,0,5,0,39.5,92.7,No
CUST-11027,Female,0,39,18,94.29,1679.19,Fiber optic,Month-to-month,Bank transfer (automatic),Yes,No,Yes,No,No,No phone service,No,1,1,1,89.2,150.0,Yes
CUST-11028,Male,0,27,25,90.86,2285.87,Fiber optic,One year,Mailed check,Yes,No,No,No,Yes,Yes,Yes,0,5,1,77.3,181.4,No
CUST-11029,Male,0,40,48,69.62,3367.27,Fiber optic,Month-to-month,Mailed check,No,No,No,No,No,No phone service,Yes,0,4,0,147.4,274.9,No
CUST-11030,Male,1,75,31,81.39,2540.36,Fiber optic,Month-to-month,Electronic check,No,No,Yes,No,Yes,No,No,0,3,2,29.7,33.6,No
CUST-11031,Male,0,47,30,89.52,2677.74,Fiber optic,Month-to-month,Credit card (automatic),Yes,No,Yes,No,Yes,No,No,1,1,0,93.1,115.1,Yes
CUST-11032,Female,0,51,66,93.44,6196.09,Fiber optic,One year,Credit card (automatic),Yes,No,Yes,No,Yes,No,No,1,3,1,70.0,126.2,No
CUST-11033,Male,0,30,10,60.82,600.05,DSL,Month-to-month,Electronic check,No,No,No,Yes,Yes,No,Yes,0,4,1,13.2,15.6,Yes
CUST-11034,Female,0,21,71,71.56,5064.83,Fiber optic,Two year,Electronic check,No,No,No,No,No,No phone service,No,1,2,2,63.5,51.2,No
CUST-11035,Male,0,35,59,69.71,4140.98,DSL,Month-to-month,Electronic check,No,Yes,Yes,No,No,No phone service,Yes,0,5,0,124.5,154.6,No
CUST-11036,Female,0,40,51,82.37,4218.26,DSL,Month-to-month,Credit card (automatic),Yes,No,Yes,Yes,Yes,No,No,0,5,1,30.6,27.2,No
CUST-11037,Female,0,50,9,91.26,837.01,Fiber optic,Month-to-month,Credit card (automatic),No,No,Yes,Yes,No,No phone service,Yes,0,3,3,110.8,257.7,Yes
CUST-11038,Male,0,51,54,78.02,4187.73,DSL,Month-to-month,Mailed check,Yes,No,Yes,Yes,Yes,No,No,0,3,2,175.6,345.5,No
CUST-11039,Male,0,51,62,56.36,3475.84,DSL,Month-to-month,Credit card (automatic),No,No,No,Yes,Yes,No,Yes,0,5,0,47.1,40.0,No
CUST-11040,Male,1,79,9,77.59,669.42,DSL,Month-to-month,Bank transfer (automatic),Yes,Yes,No,Yes,Yes,No,No,0,4,1,167.2,147.5,No
CUST-11041,Male,0,52,9,68.49,633.01,DSL,Month-to-month,Mailed check,Yes,Yes,No,No,Yes,Yes,No,0,4,0,87.0,73.9,Yes
CUST-11042,Female,0,34,24,55.88,1327.81,DSL,Month-to-month,Mailed check,No,Yes,No,No,Yes,No,Yes,0,3,1,79.2,170.6,No
CUST-11043,Male,0,45,39,77.89,3015.64,Fiber optic,Month-to-month,Electronic check,No,No,Yes,No,Yes,No,Yes,0,4,1,26.9,57.5,Yes
CUST-11044,Male,0,31,8,70.07,541.47,DSL,Month-to-month,Electronic check,No,Yes,Yes,No,Yes,No,No,0,3,2,31.6,64.9,Yes
CUST-11045,Female,0,51,25,96.63,2424.22,Fiber optic,Month-to-month,Mailed check,Yes,No,No,Yes,Yes,No,No,0,4,2,78.0,82.3,Yes
CUST-11046,Male,0,28,66,64.9,4279.38,DSL,Month-to-month,Electronic check,No,Yes,Yes,No,Yes,No,Yes,0,4,0,118.8,294.3,No
CUST-11047,Male,0,30,10,94.07,967.18,Fiber optic,Month-to-month,Electronic check,No,No,Yes,Yes,Yes,No,No,0,4,1,71.6,160.2,Yes
CUST-11048,Male,0,50,24,31.23,741.47,No,Two year,Electronic check,No internet service,No internet service,No internet service,No internet service,Yes,Yes,No,0,3,3,86.1,163.0,No
CUST-11049,Male,0,19,59,63.15,3745.88,DSL,Month-to-month,Bank transfer (automatic),No,No,Yes,No,Yes,Yes,Yes,0,5,0,53.9,105.4,No
CUST-11050,Male,0,51,31,71.58,2221.77,DSL,Month-to-month,Credit card (automatic),Yes,No,Yes,No,Yes,Yes,Yes,0,4,1,60.9,88.5,Yes
CUST-11051,Female,0,46,11,55.39,621.61,DSL,Two year,Credit card (automatic),No,No,No,No,Yes,Yes,No,0,3,1,64.8,114.7,No
CUST-11052,Male,1,80,6,29.98,160.0,No,Two year,Bank transfer (automatic),No internet service,No internet service,No internet service,No internet service,Yes,Yes,No,0,3,1,133.2,184.6,No
CUST-11053,Male,0,21,70,69.7,4893.94,DSL,Two year,Bank transfer (automatic),No,No,Yes,Yes,Yes,No,Yes,0,5,0,164.3,331.0,No
CUST-11054,Male,1,69,32,84.44,2677.22,Fiber optic,One year,Mailed check,No,Yes,No,No,Yes,No,No,1,2,2,38.9,53.3,No
CUST-11055,Male,0,43,39,24.55,968.92,No,Month-to-month,Electronic check,No internet service,No internet service,No internet service,No internet service,Yes,No,Yes,0,3,4,90.8,219.4,No
CUST-11056,Male,1,78,48,70.62,3387.69,DSL,Month-to-month,Mailed check,No,Yes,No,Yes,Yes,No,No,0,4,1,154.6,378.0,No
CUST-11057,Female,0,20,13,64.93,827.8,DSL,One year,Electronic check,No,Yes,No,Yes,Yes,No,Yes,0,4,1,47.4,58.3,Yes
CUST-11058,Male,0,37,59,25.25,1488.57,No,Two year,Bank transfer (automatic),No internet service,No internet service,No internet service,No internet service,Yes,Yes,No,0,3,0,63.1,138.8,No
CUST-11059,Female,0,27,67,107.36,7214.46,Fiber optic,One year,Electronic check,No,Yes,Yes,Yes,Yes,No,No,1,2,1,48.4,47.1,No
CUST-11060,Female,0,35,56,105.51,5887.84,Fiber optic,Two year,Bank transfer (automatic),No,Yes,Yes,Yes,Yes,No,No,1,3,1,95.5,118.1,Yes
CUST-11061,Male,0,44,41,63.96,2602.54,DSL,Month-to-month,Electronic check,No,No,No,Yes,Yes,Yes,No,0,4,2,75.9,94.7,No
CUST-11062,Male,0,48,56,64.1,3591.64,DSL,Month-to-month,Electronic check,No,No,Yes,No,Yes,Yes,No,0,4,3,85.4,158.7,No
CUST-11063,Male,0,44,35,81.53,2861.07,Fiber optic,Two year,Credit card (automatic),No,No,No,No,Yes,Yes,No,0,3,3,30.4,71.8,Yes
CUST-11064,Male,0,59,38,53.63,2033.15,DSL,One year,Electronic check,No,No,Yes,No,Yes,No,No,0,4,0,120.7,157.5,No
CUST-11065,Female,0,18,67,49.44,3298.46,DSL,Two year,Mailed check,No,No,No,No,No,No phone service,No,0,3,1,84.3,128.4,No
CUST-11066,Male,0,23,34,58.33,1957.25,DSL,One year,Electronic check,No,No,No,Yes,Yes,No,Yes,0,5,2,15.1,22.1,No
CUST-11067,Male,0,28,70,22.91,1576.69,No,Month-to-month,Electronic check,No internet service,No internet service,No internet service,No internet service,Yes,No,No,0,4,1,53.8,77.8,No
CUST-11068,Male,0,51,11,86.71,926.26,Fiber optic,Month-to-month,Bank transfer (automatic),Yes,No,No,No,Yes,Yes,Yes,0,4,1,112.2,199.7,Yes
CUST-11069,Male,0,56,27,53.87,1478.57,DSL,Two year,Bank transfer (automatic),No,No,No,No,Yes,Yes,No,0,4,1,97.7,190.0,No
CUST-11070,Male,0,37,48,55.5,2641.88,DSL,One year,Electronic check,No,No,No,No,Yes,Yes,No,1,3,2,92.3,136.3,Yes
CUST-11071,Male,0,38,24,111.35,2660.11,Fiber optic,Month-to-month,Credit card (automatic),No,Yes,Yes,Yes,Yes,Yes,Yes,0,4,3,41.0,89.0,Yes
CUST-11072,Female,0,38,18,109.88,2006.99,Fiber optic,Month-to-month,Bank transfer (automatic),Yes,Yes,Yes,No,Yes,Yes,Yes,1,2,0,215.1,387.1,No
CUST-11073,Female,0,35,27,100.82,2747.79,Fiber optic,Month-to-month,Electronic check,Yes,No,No,Yes,Yes,Yes,No,0,4,0,148.3,187.1,No
CUST-11074,Male,0,38,54,72.63,3894.59,DSL,Month-to-month,Electronic check,Yes,Yes,Yes,No,Yes,No,No,0,4,2,132.7,190.0,No
CUST-11075,Male,0,36,55,93.63,5152.73,Fiber optic,One year,Bank transfer (automatic),No,No,No,Yes,Yes,Yes,No,1,3,1,132.8,323.8,Yes
CUST-11076,Male,0,21,21,93.67,1975.08,Fiber optic,Month-to-month,Bank transfer (automatic),No,No,No,Yes,Yes,Yes,No,0,4,2,87.7,160.0,Yes
CUST-11077,Female,0,30,59,89.81,5272.04,Fiber optic,Month-to-month,Electronic check,No,Yes,Yes,No,Yes,No,Yes,0,3,2,84.3,139.2,Yes
CUST-11078,Male,0,35,34,70.8,2420.89,DSL,Two year,Electronic check,Yes,No,No,Yes,Yes,No,No,0,4,1,129.9,158.5,No
CUST-11079,Female,1,80,58,57.45,3361.37,DSL,Month-to-month,Electronic check,Yes,No,No,No,Yes,No,No,0,2,2,36.9,63.0,No
CUST-11080,Male,0,42,48,86.83,4163.6,DSL,Two year,Electronic check,No,Yes,Yes,Yes,Yes,Yes,No,0,4,0,118.9,111.6,No
CUST-11081,Male,0,30,54,92.48,4990.89,Fiber optic,Month-to-month,Electronic check,No,No,Yes,Yes,Yes,No,No,0,4,2,84.1,124.5,No
CUST-11082,Male,0,44,18,55.99,1017.38,DSL,Two year,Credit card (automatic),No,No,No,Yes,Yes,No,No,0,3,1,73.0,165.9,No
CUST-11083,Male,0,36,3,65.34,210.21,DSL,Month-to-month,Bank transfer (automatic),No,No,No,Yes,Yes,Yes,Yes,0,4,1,91.3,140.1,No
CUST-11084,Female,0,18,24,97.13,2348.51,Fiber optic,Month-to-month,Bank transfer (automatic),Yes,Yes,No,No,Yes,Yes,Yes,0,4,3,85.1,189.9,No
CUST-11085,Female,0,55,1,103.2,103.2,Fiber optic,Two year,Electronic check,No,Yes,Yes,Yes,Yes,No,No,1,2,3,114.2,99.1,Yes
CUST-11086,Male,0,36,6,18.25,127.54,No,One year,Electronic check,No internet service,No internet service,No internet service,No internet service,Yes,No,No,1,3,1,13.8,14.3,Yes
CUST-11087,Male,1,80,19,67.08,1296.36,DSL,Month-to-month,Electronic check,No,No,Yes,No,Yes,Yes,No,1,1,5,34.4,70.4,Yes
CUST-11088,Female,0,57,43,68.1,2901.01,DSL,Two year,Mailed check,Yes,No,Yes,No,No,No phone service,No,0,4,3,177.8,367.2,No
CUST-11089,Female,1,68,8,106.92,827.71,Fiber optic,Month-to-month,Electronic check,No,No,Yes,Yes,Yes,Yes,No,1,2,1,31.8,60.4,Yes
CUST-11090,Female,0,38,69,18.25,1262.3,No,Two year,Electronic check,No internet service,No internet service,No internet service,No internet service,Yes,No,Yes,0,3,0,173.3,410.1,No
CUST-11091,Female,0,39,52,61.14,3179.09,DSL,Month-to-month,Electronic check,No,No,No,Yes,Yes,Yes,No,1,4,1,57.2,97.1,No
CUST-11092,Male,0,32,47,20.16,976.33,No,Month-to-month,Credit card (automatic),No internet service,No internet service,No internet service,No internet service,Yes,No,Yes,0,4,2,32.1,65.3,No
CUST-11093,Female,0,56,28,18.25,498.66,No,Month-to-month,Bank transfer (automatic),No internet service,No internet service,No internet service,No internet service,No,No phone service,Yes,0,3,1,49.0,61.8,Yes
CUST-11094,Male,0,56,46,29.11,1344.47,No,Month-to-month,Electronic check,No internet service,No internet service,No internet service,No internet service,Yes,Yes,Yes,0,3,2,80.9,149.2,No
CUST-11095,Female,0,49,4,18.25,73.4,No,Month-to-month,Bank transfer (automatic),No internet service,No internet service,No internet service,No internet service,Yes,No,No,0,4,2,67.8,143.4,Yes
CUST-11096,Female,0,21,8,93.83,752.78,Fiber optic,Month-to-month,Bank transfer (automatic),No,No,Yes,Yes,No,No phone service,Yes,0,4,0,70.3,139.6,Yes
CUST-11097,Female,1,65,61,29.11,1785.29,No,Month-to-month,Electronic check,No internet service,No internet service,No internet service,No internet service,Yes,Yes,No,1,3,2,39.8,86.6,Yes
CUST-11098,Female,0,62,17,89.58,1525.12,Fiber optic,Month-to-month,Electronic check,No,No,No,Yes,Yes,Yes,No,0,3,2,110.1,163.5,Yes
CUST-11099,Female,0,49,34,18.25,590.92,No,Month-to-month,Credit card (automatic),No internet service,No internet service,No internet service,No internet service,Yes,No,Yes,0,4,3,36.4,46.6,No
CUST-11100,Male,0,21,20,90.82,1837.02,Fiber optic,Two year,Electronic check,Yes,No,No,No,Yes,Yes,No,0,4,1,102.3,129.8,No
CUST-11101,Male,0,18,34,80.55,2720.77,DSL,One year,Credit card (automatic),No,No,Yes,Yes,Yes,Yes,No,0,5,0,72.7,157.5,No
CUST-11102,Female,0,50,43,77.78,3328.41,Fiber optic,One year,Electronic check,No,Yes,No,No,Yes,No,No,0,4,1,105.1,236.7,No
CUST-11103,Female,0,24,10,70.13,710.18,DSL,Two year,Mailed check,No,Yes,No,Yes,No,No phone service,Yes,0,3,1,24.2,27.9,No
CUST-11104,Male,1,70,30,88.92,2666.27,Fiber optic,One year,Electronic check,No,No,Yes,No,Yes,Yes,Yes,1,2,1,109.7,157.1,Yes
CUST-11105,Female,0,18,25,77.88,1951.47,Fiber optic,Two year,Bank transfer (automatic),No,No,No,No,Yes,Yes,No,0,4,3,88.3,208.8,No
CUST-11106,Female,0,33,57,25.32,1443.09,No,Month-to-month,Credit card (automatic),No internet service,No internet service,No internet service,No internet service,Yes,Yes,Yes,0,4,3,22.0,18.1,No
CUST-11107,Male,0,35,63,70.26,4421.45,DSL,Month-to-month,Mailed check,No,No,Yes,Yes,Yes,No,Yes,0,4,1,92.6,128.8,No
CUST-11108,Female,0,64,71,110.01,7809.71,Fiber optic,Month-to-month,Electronic check,Yes,Yes,Yes,Yes,Yes,No,No,0,3,3,139.2,256.6,Yes
CUST-11109,Female,0,23,47,102.92,4815.71,Fiber optic,Month-to-month,Electronic check,Yes,Yes,No,Yes,No,No phone service,Yes,1,2,2,70.2,73.7,Yes
CUST-11110,Male,0,19,3,74.9,252.86,Fiber optic,Two year,Credit card (automatic),No,No,No,No,Yes,No,No,0,3,1,14.5,28.5,No
CUST-11111,Male,0,26,46,71.53,3294.87,DSL,One year,Bank transfer (automatic),No,No,Yes,Yes,Yes,No,No,0,3,2,112.6,146.1,No
CUST-11112,Male,0,21,36,31.95,1137.41,No,Month-to-month,Electronic check,No internet service,No internet service,No internet service,No internet service,Yes,Yes,No,0,4,2,79.3,190.5,No
CUST-11113,Female,0,62,26,64.64,1693.41,DSL,One year,Credit card (automatic),No,No,Yes,No,Yes,Yes,No,1,2,0,172.5,159.9,Yes
CUST-11114,Male,0,40,10,88.42,907.01,Fiber optic,Month-to-month,Bank transfer (automatic),Yes,No,Yes,No,Yes,No,No,0,3,2,46.5,105.7,Yes
CUST-11115,Male,0,60,34,67.88,2295.71,Fiber optic,Month-to-month,Electronic check,No,No,No,No,Yes,No,No,0,4,0,183.4,334.1,Yes
CUST-11116,Male,0,62,8,18.25,135.47,No,One year,Bank transfer (automatic),No internet service,No internet service,No internet service,No internet service,Yes,No,No,0,3,1,112.2,207.9,No
CUST-11117,Male,0,60,55,82.02,4507.41,Fiber optic,Two year,Mailed check,No,No,No,Yes,Yes,No,Yes,1,2,0,168.6,139.4,No
CUST-11118,Male,0,25,10,66.5,648.04,DSL,Two year,Credit card (automatic),No,No,No,Yes,Yes,Yes,No,0,5,2,22.3,52.2,No
CUST-11119,Male,0,56,57,81.24,4649.27,Fiber optic,One year,Electronic check,No,No,Yes,No,Yes,No,No,0,3,3,84.9,190.5,No
CUST-11120,Female,0,42,45,67.63,3048.4,DSL,Month-to-month,Credit card (automatic),Yes,No,Yes,No,No,No phone service,No,0,4,4,54.0,84.4,Yes
CUST-11121,Female,0,33,50,18.25,885.92,No,Month-to-month,Credit card (automatic),No internet service,No internet service,No internet service,No internet service,No,No phone service,No,0,5,2,350.0,568.4,No
CUST-11122,Male,0,52,64,77.86,5012.84,Fiber optic,Month-to-month,Bank transfer (automatic),No,No,Yes,No,Yes,No,No,0,4,3,159.5,206.4,No
CUST-11123,Male,0,34,2,44.32,93.14,DSL,One year,Electronic check,No,No,No,No,No,No phone service,Yes,0,4,0,71.8,97.6,No
CUST-11124,Male,0,35,45,85.48,3870.0,DSL,Month-to-month,Credit card (automatic),Yes,Yes,No,Yes,Yes,Yes,Yes,0,4,1,23.0,37.1,Yes
CUST-11125,Female,0,44,62,94.83,5879.56,Fiber optic,Month-to-month,Mailed check,No,No,Yes,No,Yes,Yes,Yes,0,4,0,62.9,58.7,No
CUST-11126,Female,0,32,14,80.47,1131.53,Fiber optic,Two year,Credit card (automatic),No,No,Yes,No,Yes,No,Yes,0,4,0,42.6,39.7,No
CUST-11127,Female,0,34,15,70.78,1058.97,DSL,Two year,Electronic check,No,No,Yes,Yes,Yes,No,No,0,3,2,12.2,26.7,No
CUST-11128,Female,1,76,14,105.23,1468.59,Fiber optic,One year,Credit card (automatic),Yes,Yes,Yes,No,Yes,No,No,1,2,1,32.0,46.1,Yes
CUST-11129,Female,0,22,31,18.35,551.95,No,Month-to-month,Credit card (automatic),No internet service,No internet service,No internet service,No internet service,Yes,No,No,0,4,2,169.5,417.9,No
CUST-11130,Female,0,33,29,96.3,2820.43,Fiber optic,Month-to-month,Credit card (automatic),No,Yes,Yes,No,Yes,No,No,0,3,2,125.9,119.4,No
CUST-11131,Female,0,32,27,76.39,2043.44,Fiber optic,Month-to-month,Electronic check,No,No,No,No,Yes,Yes,No,0,4,2,128.2,306.8,Yes
CUST-11132,Female,0,59,9,98.7,889.88,Fiber optic,One year,Mailed check,No,No,Yes,Yes,Yes,No,No,0,4,0,109.5,208.6,No
CUST-11133,Female,1,69,20,99.02,1955.63,Fiber optic,Month-to-month,Electronic check,Yes,No,Yes,Yes,Yes,No,No,0,3,2,212.4,281.1,Yes
CUST-11134,Male,0,51,58,68.34,3993.32,DSL,Two year,Electronic check,No,Yes,Yes,No,No,No phone service,No,1,3,3,73.5,92.1,No
CUST-11135,Male,1,68,49,84.9,4163.44,Fiber optic,Two year,Electronic check,No,No,No,Yes,Yes,No,Yes,0,3,2,198.4,481.0,No
CUST-11136,Male,1,71,57,42.8,2458.47,DSL,Month-to-month,Credit card (automatic),No,No,No,No,Yes,No,No,0,4,1,202.4,278.6,No
CUST-11137,Male,1,80,16,18.25,295.78,No,Month-to-month,Bank transfer (automatic),No internet service,No internet service,No internet service,No internet service,Yes,No,No,1,3,2,83.3,141.2,Yes
CUST-11138,Female,0,27,8,60.24,500.22,DSL,One year,Electronic check,No,No,No,Yes,Yes,Yes,No,0,3,1,101.1,245.0,Yes
CUST-11139,Female,0,22,67,99.74,6684.64,Fiber optic,Two year,Credit card (automatic),No,Yes,Yes,Yes,Yes,No,No,0,4,1,268.1,308.8,No
CUST-11140,Male,0,43,19,20.43,384.87,No,Two year,Bank transfer (automatic),No internet service,No internet service,No internet service,No internet service,Yes,No,Yes,0,4,1,151.6,168.3,No
CUST-11141,Female,0,39,67,85.39,5718.48,Fiber optic,Month-to-month,Credit card (automatic),No,No,Yes,No,Yes,No,Yes,0,4,1,119.9,139.9,No
CUST-11142,Male,0,61,36,80.63,2872.82,DSL,Month-to-month,Credit card (automatic),Yes,Yes,No,Yes,Yes,Yes,Yes,0,3,0,39.5,47.4,No
CUST-11143,Female,0,40,60,118.13,7080.04,Fiber optic,One year,Bank transfer (automatic),Yes,Yes,Yes,Yes,Yes,Yes,No,0,4,2,97.5,194.9,No
CUST-11144,Male,0,30,36,87.05,3160.92,Fiber optic,One year,Electronic check,Yes,No,Yes,No,Yes,No,No,0,4,1,122.3,133.7,No
CUST-11145,Female,0,26,11,18.25,211.28,No,Month-to-month,Credit card (automatic),No internet service,No internet service,No internet service,No internet service,No,No phone service,Yes,1,2,5,134.3,116.6,No
CUST-11146,Female,0,37,51,96.21,4931.87,Fiber optic,Month-to-month,Electronic check,No,Yes,No,Yes,Yes,No,Yes,0,4,0,39.3,79.5,No
CUST-11147,Male,0,45,55,72.76,3983.82,DSL,One year,Bank transfer (automatic),Yes,No,No,Yes,Yes,Yes,No,0,3,4,223.8,545.6,No
CUST-11148,Female,0,61,54,79.41,4287.61,Fiber optic,Month-to-month,Credit card (automatic),Yes,No,No,No,No,No phone service,No,0,4,2,37.5,64.8,No
CUST-11149,Male,0,54,17,63.79,1056.5,DSL,Two year,Electronic check,No,Yes,Yes,No,Yes,No,No,1,2,1,66.7,94.6,Yes
CUST-11150,Male,1,70,62,75.16,4670.54,DSL,Month-to-month,Bank transfer (automatic),No,Yes,Yes,Yes,Yes,No,Yes,0,4,2,209.6,178.7,Yes
CUST-11151,Male,0,61,42,96.82,4083.48,Fiber optic,One year,Mailed check,Yes,No,Yes,No,Yes,Yes,No,1,2,1,185.3,328.0,No
CUST-11152,Male,0,50,24,62.1,1505.27,DSL,One year,Electronic check,No,No,No,Yes,Yes,Yes,No,0,4,0,124.5,169.0,No
CUST-11153,Female,1,75,17,71.3,1187.31,DSL,Month-to-month,Electronic check,Yes,No,No,Yes,Yes,Yes,No,0,5,0,58.0,110.5,No
CUST-11154,Female,0,47,48,99.92,4781.01,DSL,One year,Credit card (automatic),Yes,Yes,Yes,Yes,Yes,Yes,No,0,4,1,53.0,128.5,No
CUST-11155,Female,1,77,70,74.77,5243.25,DSL,One year,Electronic check,Yes,No,No,Yes,Yes,Yes,No,0,5,1,80.1,67.1,No
CUST-11156,Male,0,26,7,67.4,487.34,DSL,Two year,Credit card (automatic),No,Yes,Yes,No,Yes,No,No,1,3,3,78.7,155.4,Yes
CUST-11157,Female,0,62,14,98.75,1368.95,Fiber optic,Month-to-month,Bank transfer (automatic),No,Yes,Yes,No,Yes,Yes,Yes,1,3,0,56.3,109.5,Yes
CUST-11158,Male,0,34,11,72.11,787.58,DSL,One year,Bank transfer (automatic),No,Yes,Yes,No,Yes,Yes,No,0,4,1,144.2,260.8,No
CUST-11159,Female,0,53,12,62.94,746.36,DSL,One year,Credit card (automatic),Yes,No,Yes,No,Yes,No,No,0,3,1,64.1,130.5,No
CUST-11160,Female,0,31,5,87.76,409.07,Fiber optic,Month-to-month,Mailed check,Yes,No,Yes,No,Yes,No,No,0,5,0,168.6,242.1,Yes
CUST-11161,Female,0,36,5,24.85,128.84,No,Two year,Mailed check,No internet service,No internet service,No internet service,No internet service,Yes,Yes,Yes,0,4,2,52.5,53.0,Yes
CUST-11162,Male,0,24,20,83.5,1680.15,Fiber optic,Month-to-month,Electronic check,No,Yes,No,No,Yes,No,No,0,3,2,70.2,56.7,Yes
CUST-11163,Female,0,20,54,97.17,5233.77,Fiber optic,Month-to-month,Bank transfer (automatic),No,Yes,Yes,No,Yes,Yes,No,0,4,0,93.2,137.9,Yes
CUST-11164,Female,1,72,55,88.55,4881.52,Fiber optic,Month-to-month,Mailed check,No,No,No,Yes,Yes,Yes,Yes,0,3,1,59.5,129.1,No
CUST-11165,Male,1,75,58,80.73,4666.9,Fiber optic,Month-to-month,Electronic check,No,Yes,No,No,Yes,No,No,0,4,2,37.6,67.8,No
CUST-11166,Female,0,49,30,70.11,2116.23,Fiber optic,Two year,Bank transfer (automatic),No,No,No,No,Yes,No,No,0,4,0,154.1,161.9,No
CUST-11167,Male,0,64,24,21.66,517.27,No,One year,Mailed check,No internet service,No internet service,No internet service,No internet service,Yes,No,Yes,0,3,2,111.2,149.1,No
CUST-11168,Female,0,28,3,88.94,289.14,Fiber optic,Month-to-month,Credit card (automatic),No,Yes,No,Yes,Yes,No,No,0,4,1,199.4,384.3,No
CUST-11169,Male,0,59,48,75.24,3614.2,DSL,Two year,Mailed check,No,Yes,Yes,No,Yes,Yes,No,0,4,1,151.2,358.9,No
CUST-11170,Male,0,19,71,106.68,7555.36,Fiber optic,Month-to-month,Credit card (automatic),Yes,No,Yes,Yes,Yes,No,No,0,4,1,66.7,150.7,Yes
CUST-11171,Female,1,71,22,55.88,1248.68,DSL,One year,Mailed check,No,No,No,Yes,Yes,No,No,0,5,2,211.1,395.8,No
CUST-11172,Male,0,21,14,24.72,362.74,No,Month-to-month,Credit card (automatic),No internet service,No internet service,No internet service,No internet service,Yes,No,No,0,2,4,134.3,157.3,Yes
CUST-11173,Male,0,34,48,78.78,3756.49,Fiber optic,Month-to-month,Mailed check,No,No,No,No,Yes,Yes,No,0,4,2,32.9,74.9,No
CUST-11174,Male,0,34,29,29.75,835.63,No,Month-to-month,Mailed check,No internet service,No internet service,No internet service,No internet service,Yes,Yes,Yes,0,3,2,148.8,351.9,No
CUST-11175,Male,1,69,50,19.59,957.68,No,One year,Mailed check,No internet service,No internet service,No internet service,No internet service,Yes,No,No,0,2,2,51.9,121.7,No
CUST-11176,Male,0,47,10,48.58,506.52,DSL,Month-to-month,Mailed check,No,No,No,No,Yes,No,No,1,3,0,208.2,367.0,Yes
CUST-11177,Male,0,57,71,103.51,7338.43,Fiber optic,Month-to-month,Credit card (automatic),No,Yes,Yes,Yes,No,No phone service,No,1,3,1,113.8,259.6,Yes
CUST-11178,Female,0,40,27,57.42,1550.63,DSL,Month-to-month,Electronic check,No,No,No,No,Yes,Yes,No,1,2,4,59.9,128.7,Yes
CUST-11179,Male,0,63,28,26.07,736.14,No,Month-to-month,Electronic check,No internet service,No internet service,No internet service,No internet service,Yes,Yes,No,1,3,1,96.2,178.2,Yes
CUST-11180,Male,0,41,9,115.66,1055.55,Fiber optic,Two year,Credit card (automatic),No,Yes,Yes,Yes,Yes,Yes,Yes,0,4,0,39.6,97.8,Yes
CUST-11181,Female,1,68,71,78.39,5585.49,DSL,Month-to-month,Bank transfer (automatic),Yes,Yes,No,Yes,Yes,No,No,1,2,0,63.0,76.6,No
CUST-11182,Female,0,21,26,90.99,2366.69,Fiber optic,Two year,Electronic check,Yes,No,No,No,Yes,Yes,No,0,4,3,37.8,70.3,No
CUST-11183,Female,0,55,8,95.38,757.99,Fiber optic,Month-to-month,Mailed check,Yes,No,No,Yes,Yes,Yes,No,0,3,0,34.6,29.2,Yes
CUST-11184,Female,0,46,2,18.25,18.26,No,One year,Mailed check,No internet service,No internet service,No internet service,No internet service,Yes,No,No,1,3,0,72.6,113.7,Yes
CUST-11185,Female,0,36,57,91.47,5220.24,Fiber optic,Month-to-month,Bank transfer (automatic),No,Yes,No,No,Yes,Yes,Yes,0,4,1,50.0,110.9,No
CUST-11186,Female,0,44,52,98.18,5108.35,Fiber optic,Two year,Credit card (automatic),Yes,No,Yes,No,Yes,Yes,No,0,4,1,51.9,62.3,No
CUST-11187,Female,0,46,58,89.13,5157.01,DSL,Month-to-month,Mailed check,No,Yes,Yes,Yes,Yes,Yes,No,1,3,0,42.8,88.9,Yes
CUST-11188,Male,0,53,3,106.92,317.53,Fiber optic,One year,Bank transfer (automatic),No,No,Yes,Yes,Yes,Yes,No,1,3,0,124.6,260.9,Yes
CUST-11189,Male,0,52,8,98.77,804.54,Fiber optic,Two year,Credit card (automatic),No,No,Yes,Yes,Yes,Yes,Yes,0,4,1,224.4,421.6,No
CUST-11190,Female,0,23,59,74.18,4384.24,DSL,Two year,Credit card (automatic),Yes,No,No,Yes,Yes,Yes,No,0,4,0,123.1,285.5,No
CUST-11191,Male,0,40,2,86.65,172.2,Fiber optic,Month-to-month,Electronic check,No,No,No,Yes,Yes,Yes,No,0,4,1,73.6,115.1,Yes
CUST-11192,Male,1,69,62,78.54,4855.82,Fiber optic,Two year,Mailed check,No,No,Yes,No,Yes,No,No,0,3,2,112.5,129.9,No
CUST-11193,Male,0,63,49,118.75,5828.83,Fiber optic,One year,Bank transfer (automatic),Yes,Yes,Yes,Yes,Yes,Yes,No,0,5,0,37.7,71.9,No
CUST-11194,Female,0,61,20,41.91,845.86,DSL,Month-to-month,Credit card (automatic),No,No,No,No,Yes,No,No,1,3,1,156.4,377.4,Yes
CUST-11195,Female,0,25,29,27.83,804.56,No,Month-to-month,Credit card (automatic),No internet service,No internet service,No internet service,No internet service,Yes,Yes,Yes,0,5,2,71.0,132.9,No
CUST-11196,Male,0,19,17,32.78,541.57,No,Month-to-month,Bank transfer (automatic),No internet service,No internet service,No internet service,No internet service,Yes,Yes,No,0,4,1,43.8,100.5,No
CUST-11197,Female,0,30,22,68.33,1483.75,Fiber optic,Month-to-month,Credit card (automatic),No,No,No,No,Yes,No,No,1,3,1,60.2,136.8,Yes
CUST-11198,Male,0,57,6,66.74,390.8,DSL,One year,Mailed check,No,Yes,No,No,Yes,Yes,No,0,3,0,78.2,63.4,No
CUST-11199,Male,0,38,62,26.96,1696.04,No,One year,Credit card (automatic),No internet service,No internet service,No internet service,No internet service,Yes,Yes,Yes,1,3,0,96.5,89.9,No
CUST-11200,Male,0,48,31,79.63,2483.76,Fiber optic,Month-to-month,Credit card (automatic),No,No,No,Yes,Yes,No,No,1,3,1,86.4,150.2,Yes
CUST-11201,Male,0,53,62,18.36,1161.78,No,Two year,Credit card (automatic),No internet service,No internet service,No internet service,No internet service,Yes,No,No,0,4,1,163.6,368.8,No
CUST-11202,Female,0,55,12,18.25,239.56,No,Month-to-month,Credit card (automatic),No internet service,No internet service,No internet service,No internet service,Yes,No,Yes,1,3,0,122.4,177.7,Yes
CUST-11203,Female,1,70,12,83.79,1003.01,Fiber optic,Two year,Mailed check,No,No,No,Yes,Yes,No,Yes,0,4,0,184.0,425.2,No
CUST-11204,Female,0,53,63,90.09,5677.5,Fiber optic,Two year,Electronic check,No,No,No,Yes,Yes,Yes,No,0,4,2,116.4,162.8,No
CUST-11205,Male,0,40,16,71.14,1118.42,Fiber optic,Two year,Mailed check,No,No,No,No,Yes,No,No,0,4,2,60.9,91.9,No
CUST-11206,Female,1,65,25,90.03,2264.0,Fiber optic,Two year,Credit card (automatic),Yes,No,Yes,No,Yes,No,No,1,2,4,84.6,114.2,No
CUST-11207,Male,1,73,22,29.53,644.98,No,Month-to-month,Credit card (automatic),No internet service,No internet service,No internet service,No internet service,Yes,Yes,No,0,3,2,50.4,78.2,Yes
CUST-11208,Female,0,54,18,18.25,308.18,No,Month-to-month,Electronic check,No internet service,No internet service,No internet service,No internet service,Yes,No,No,0,3,1,21.2,33.5,Yes
CUST-11209,Male,0,64,45,79.52,3554.12,Fiber optic,Month-to-month,Electronic check,No,No,No,No,Yes,Yes,No,0,4,2,162.8,263.3,No
CUST-11210,Male,0,43,68,52.81,3602.85,DSL,Month-to-month,Mailed check,No,No,No,Yes,No,No phone service,Yes,0,2,2,109.0,140.1,Yes
CUST-11211,Male,0,57,12,56.0,670.93,DSL,One year,Mailed check,No,No,No,Yes,No,No phone service,Yes,0,4,0,160.6,233.6,No
CUST-11212,Female,0,24,49,83.1,4042.44,Fiber optic,Month-to-month,Electronic check,No,No,Yes,No,Yes,No,No,0,4,1,159.9,292.2,No
CUST-11213,Female,0,63,33,56.55,1885.62,DSL,Two year,Credit card (automatic),No,No,No,No,Yes,Yes,No,0,3,5,315.5,257.1,No
CUST-11214,Female,0,56,63,23.12,1463.73,No,Two year,Electronic check,No internet service,No internet service,No internet service,No internet service,No,No phone service,No,0,4,0,57.7,99.9,No
CUST-11215,Female,0,39,18,82.27,1453.16,Fiber optic,Month-to-month,Bank transfer (automatic),No,No,Yes,No,Yes,No,No,0,2,3,80.3,66.7,No
CUST-11216,Male,0,56,54,93.83,5055.1,Fiber optic,Month-to-month,Electronic check,No,No,No,Yes,Yes,Yes,No,0,4,0,125.5,230.0,No
CUST-11217,Female,0,40,27,70.06,1904.96,Fiber optic,Month-to-month,Credit card (automatic),No,No,No,No,No,No phone service,Yes,0,3,1,105.5,152.3,No
CUST-11218,Female,0,47,25,80.17,1977.79,Fiber optic,Two year,Bank transfer (automatic),Yes,No,No,No,Yes,No,No,1,2,0,51.0,81.0,No
CUST-11219,Male,0,35,34,106.21,3625.32,Fiber optic,One year,Mailed check,Yes,No,Yes,Yes,No,No phone service,No,0,4,3,41.3,89.9,No
CUST-11220,Male,0,59,60,81.78,4907.09,Fiber optic,Month-to-month,Bank transfer (automatic),No,No,No,No,Yes,Yes,No,0,3,2,289.2,561.9,No
CUST-11221,Male,1,71,54,56.03,3042.59,DSL,Month-to-month,Electronic check,Yes,No,No,No,Yes,No,No,0,4,1,88.6,211.0,No
CUST-11222,Female,0,63,5,81.44,428.51,DSL,Month-to-month,Credit card (automatic),Yes,Yes,No,Yes,Yes,No,No,0,4,3,33.7,41.1,Yes
CUST-11223,Male,0,27,36,79.33,2871.95,Fiber optic,Two year,Credit card (automatic),No,No,Yes,No,Yes,No,No,0,3,2,33.6,49.6,No
CUST-11224,Male,0,56,54,106.24,5711.64,Fiber optic,Month-to-month,Bank transfer (automatic),No,No,Yes,Yes,Yes,Yes,No,1,2,0,197.2,232.2,Yes
CUST-11225,Male,0,47,36,18.25,654.62,No,Month-to-month,Electronic check,No internet service,No internet service,No internet service,No internet service,Yes,No,No,1,3,2,192.6,213.2,No
CUST-11226,Female,1,78,69,28.26,1939.06,No,Two year,Electronic check,No internet service,No internet service,No internet service,No internet service,Yes,Yes,No,0,4,2,192.1,371.5,No
CUST-11227,Male,0,24,39,94.96,3703.95,Fiber optic,Two year,Bank transfer (automatic),Yes,No,No,Yes,Yes,No,No,1,2,1,36.2,69.4,No
CUST-11228,Female,0,24,70,73.02,5139.35,Fiber optic,Two year,Electronic check,No,No,No,No,Yes,No,Yes,0,4,0,103.1,168.7,No
CUST-11229,Female,0,22,4,18.25,50.46,No,Month-to-month,Bank transfer (automatic),No internet service,No internet service,No internet service,No internet service,Yes,No,No,0,5,1,183.0,192.0,No
CUST-11230,Male,0,18,65,106.86,6967.84,Fiber optic,One year,Mailed check,Yes,Yes,Yes,No,Yes,No,No,0,4,2,15.3,27.0,No
CUST-11231,Male,0,63,40,77.81,3141.85,Fiber optic,One year,Electronic check,No,No,No,Yes,Yes,No,Yes,1,2,2,139.3,232.0,No
CUST-11232,Female,0,35,37,95.35,3557.35,Fiber optic,Month-to-month,Electronic check,No,Yes,No,Yes,Yes,Yes,No,0,4,2,132.0,233.2,Yes
CUST-11233,Male,0,30,67,93.42,6276.94,Fiber optic,One year,Credit card (automatic),Yes,Yes,No,No,Yes,No,No,0,4,3,75.9,118.6,No
CUST-11234,Male,0,42,31,117.19,3630.82,Fiber optic,Month-to-month,Credit card (automatic),Yes,Yes,Yes,Yes,Yes,No,No,1,3,2,110.0,103.3,Yes
CUST-11235,Female,0,57,47,82.13,3840.79,Fiber optic,Month-to-month,Electronic check,Yes,No,No,No,No,No phone service,No,1,2,2,34.5,51.7,No
CUST-11236,Female,1,76,27,90.51,2450.26,DSL,Two year,Electronic check,Yes,No,Yes,Yes,Yes,Yes,Yes,0,4,3,83.3,111.3,No
CUST-11237,Male,0,27,51,24.38,1250.0,No,Month-to-month,Mailed check,No internet service,No internet service,No internet service,No internet service,Yes,Yes,No,0,3,3,39.6,49.8,No
CUST-11238,Female,0,49,20,18.25,353.99,No,Two year,Electronic check,No internet service,No internet service,No internet service,No internet service,Yes,No,Yes,0,4,1,32.1,61.8,No
CUST-11239,Male,0,34,13,84.69,1107.98,Fiber optic,Month-to-month,Credit card (automatic),Yes,No,No,No,Yes,No,No,0,3,2,141.4,274.3,No
CUST-11240,Male,1,66,63,101.24,6355.11,Fiber optic,Month-to-month,Bank transfer (automatic),Yes,No,No,Yes,Yes,Yes,No,0,3,2,109.2,268.1,No
CUST-11241,Male,0,32,44,59.2,2612.84,DSL,One year,Credit card (automatic),Yes,No,No,No,Yes,No,No,0,4,1,123.5,232.0,No
CUST-11242,Female,0,32,24,57.06,1393.24,DSL,One year,Credit card (automatic),No,No,No,No,Yes,Yes,No,0,5,5,41.1,53.7,No
CUST-11243,Male,0,57,3,105.53,314.91,Fiber optic,Month-to-month,Bank transfer (automatic),Yes,No,Yes,Yes,No,No phone service,No,0,4,0,56.2,96.0,Yes
CUST-11244,Male,0,37,10,93.28,948.67,Fiber optic,Two year,Bank transfer (automatic),Yes,No,Yes,No,Yes,No,No,1,2,2,76.0,142.8,Yes
CUST-11245,Male,0,32,65,80.6,5247.14,Fiber optic,Month-to-month,Credit card (automatic),No,No,Yes,No,Yes,No,Yes,1,3,3,167.7,251.2,Yes
CUST-11246,Female,0,52,49,96.49,4698.19,Fiber optic,Two year,Bank transfer (automatic),No,Yes,Yes,No,Yes,Yes,Yes,0,3,2,58.2,109.7,No
CUST-11247,Female,0,23,58,89.87,5189.78,Fiber optic,Month-to-month,Electronic check,No,Yes,No,No,Yes,Yes,Yes,0,3,2,48.6,106.5,No
CUST-11248,Female,0,47,2,23.18,62.85,No,Two year,Bank transfer (automatic),No internet service,No internet service,No internet service,No internet service,Yes,No,No,1,3,0,48.8,91.4,No
CUST-11249,Female,0,25,66,104.45,6866.13,Fiber optic,Month-to-month,Mailed check,No,Yes,Yes,Yes,Yes,No,No,0,5,1,91.0,99.2,Yes
CUST-11250,Female,0,48,31,18.25,593.12,No,Two year,Credit card (automatic),No internet service,No internet service,No internet service,No internet service,Yes,No,No,0,4,1,216.6,292.5,No
CUST-11251,Male,0,64,68,18.25,1264.64,No,One year,Mailed check,No internet service,No internet service,No internet service,No internet service,Yes,No,No,0,4,2,50.3,122.6,No
CUST-11252,Female,0,49,37,78.02,2878.48,Fiber optic,Month-to-month,Electronic check,No,No,Yes,No,Yes,No,No,0,4,0,46.3,65.5,No
CUST-11253,Female,0,62,24,68.58,1634.54,DSL,Two year,Electronic check,No,Yes,No,Yes,No,No phone service,No,1,2,2,129.0,285.3,Yes
CUST-11254,Female,0,32,44,57.65,2543.38,DSL,Month-to-month,Credit card (automatic),No,No,No,Yes,No,No phone service,No,0,4,1,107.7,111.8,No
CUST-11255,Male,0,35,41,101.67,4175.18,Fiber optic,Month-to-month,Credit card (automatic),Yes,Yes,Yes,No,Yes,No,Yes,1,3,1,65.3,161.6,No
CUST-11256,Female,0,30,51,82.43,4179.27,Fiber optic,Two year,Bank transfer (automatic),No,No,Yes,No,Yes,No,No,1,3,0,32.8,38.0,No
CUST-11257,Female,0,41,42,64.76,2702.84,DSL,Month-to-month,Electronic check,Yes,No,Yes,No,Yes,No,Yes,0,2,3,86.2,209.8,No
CUST-11258,Male,0,57,40,68.05,2730.19,DSL,Month-to-month,Electronic check,Yes,Yes,No,No,Yes,No,No,1,2,2,30.5,27.0,No
CUST-11259,Female,0,31,48,67.29,3247.97,DSL,Month-to-month,Mailed check,No,No,Yes,Yes,No,No phone service,No,1,2,0,192.4,342.5,No
CUST-11260,Male,0,45,4,56.44,207.28,DSL,Two year,Credit card (automatic),No,Yes,No,No,Yes,No,No,1,3,0,129.3,142.7,No
CUST-11261,Male,0,28,60,88.91,5346.72,Fiber optic,Month-to-month,Credit card (automatic),No,No,No,Yes,Yes,Yes,No,0,4,1,42.3,80.3,Yes
CUST-11262,Male,0,23,39,74.72,2936.31,DSL,Month-to-month,Credit card (automatic),No,Yes,Yes,Yes,Yes,No,No,0,4,4,32.5,75.7,Yes
CUST-11263,Male,0,42,5,77.57,364.92,Fiber optic,One year,Bank transfer (automatic),No,Yes,No,No,No,No phone service,No,0,3,2,164.0,214.3,Yes
CUST-11264,Male,0,18,6,59.65,354.25,DSL,Two year,Credit card (automatic),No,Yes,No,No,Yes,No,No,0,2,5,31.2,46.3,Yes
CUST-11265,Female,0,42,14,18.25,276.53,No,Two year,Electronic check,No internet service,No internet service,No internet service,No internet service,Yes,No,Yes,1,3,0,173.0,152.1,No
CUST-11266,Male,0,19,70,75.05,5245.74,DSL,One year,Electronic check,Yes,No,Yes,Yes,No,No phone service,No,1,3,0,272.5,484.7,No
CUST-11267,Male,1,78,12,64.91,765.09,DSL,One year,Credit card (automatic),No,Yes,No,Yes,Yes,No,No,1,3,1,89.2,162.9,Yes
CUST-11268,Female,1,79,62,60.78,3783.1,DSL,Month-to-month,Electronic check,No,No,No,Yes,Yes,No,No,1,3,2,177.3,328.1,Yes
CUST-11269,Male,0,50,27,61.06,1642.67,DSL,Month-to-month,Bank transfer (automatic),No,Yes,No,No,Yes,Yes,Yes,0,3,2,190.6,448.6,No
CUST-11270,Female,0,49,54,76.17,4125.56,DSL,One year,Bank transfer (automatic),Yes,Yes,No,Yes,Yes,No,Yes,0,5,1,91.3,87.4,No
CUST-11271,Female,0,41,12,108.1,1274.78,Fiber optic,Two year,Electronic check,Yes,Yes,No,Yes,Yes,Yes,No,0,4,2,87.9,140.7,No
CUST-11272,Female,0,44,8,32.89,266.33,No,One year,Electronic check,No internet service,No internet service,No internet service,No internet service,Yes,Yes,Yes,0,4,1,100.3,130.8,Yes
CUST-11273,Male,0,21,16,75.0,1192.77,Fiber optic,Month-to-month,Electronic check,No,No,No,No,Yes,No,No,0,4,1,115.4,140.1,No
CUST-11274,Male,0,41,52,89.83,4701.0,Fiber optic,Month-to-month,Bank transfer (automatic),No,No,Yes,No,Yes,Yes,No,0,3,2,174.5,239.3,Yes
CUST-11275,Male,0,40,26,92.85,2419.58,Fiber optic,One year,Electronic check,No,No,Yes,No,Yes,Yes,No,0,4,2,82.9,198.6,Yes
CUST-11276,Female,0,46,8,89.2,724.53,Fiber optic,One year,Mailed check,No,Yes,No,Yes,Yes,No,Yes,0,4,1,126.3,155.1,No
CUST-11277,Male,0,51,45,63.74,2846.16,DSL,One year,Bank transfer (automatic),No,No,Yes,No,Yes,Yes,No,0,3,1,157.0,148.2,No
CUST-11278,Male,0,38,19,113.79,2191.53,Fiber optic,One year,Electronic check,No,Yes,Yes,Yes,Yes,Yes,No,0,4,1,126.9,190.2,No
CUST-11279,Male,0,47,17,18.25,283.33,No,Month-to-month,Electronic check,No internet service,No internet service,No internet service,No internet service,No,No phone service,No,0,4,3,25.0,31.3,No
CUST-11280,Female,0,43,65,77.25,4995.5,Fiber optic,Two year,Mailed check,No,Yes,No,No,Yes,No,No,0,2,5,125.0,161.8,No
CUST-11281,Female,0,37,29,108.22,3112.92,Fiber optic,One year,Electronic check,No,Yes,Yes,Yes,Yes,No,No,1,3,2,120.2,188.7,Yes
CUST-11282,Male,0,33,14,109.44,1554.4,Fiber optic,Month-to-month,Bank transfer (automatic),Yes,No,Yes,Yes,Yes,Yes,No,1,4,2,102.9,224.9,Yes
CUST-11283,Male,0,20,17,60.59,1043.75,DSL,Month-to-month,Credit card (automatic),No,No,Yes,No,Yes,Yes,No,1,3,1,157.9,350.5,Yes
CUST-11284,Male,1,75,13,22.51,321.01,No,Two year,Electronic check,No internet service,No internet service,No internet service,No internet service,Yes,No,Yes,1,2,3,109.5,177.6,No
CUST-11285,Male,0,57,63,62.43,3907.08,DSL,Two year,Credit card (automatic),No,No,No,Yes,Yes,Yes,Yes,0,5,1,146.2,325.2,No
CUST-11286,Female,1,72,33,81.5,2701.0,Fiber optic,Month-to-month,Mailed check,No,No,No,Yes,Yes,No,No,1,2,1,68.3,73.9,Yes
CUST-11287,Female,1,80,29,18.25,531.25,No,Month-to-month,Bank transfer (automatic),No internet service,No internet service,No internet service,No internet service,No,No phone service,Yes,1,2,0,145.2,182.0,Yes
CUST-11288,Female,0,40,37,75.69,2808.88,Fiber optic,Month-to-month,Credit card (automatic),No,Yes,No,No,Yes,No,No,0,4,1,127.1,136.2,No
CUST-11289,Female,0,61,46,66.6,3064.37,DSL,Month-to-month,Bank transfer (automatic),No,Yes,Yes,No,Yes,No,No,0,5,0,66.9,158.3,No
CUST-11290,Male,0,18,24,80.37,1939.4,Fiber optic,One year,Electronic check,No,No,No,Yes,Yes,No,No,1,3,0,102.4,213.6,No
CUST-11291,Male,1,73,14,90.06,1285.26,Fiber optic,One year,Electronic check,No,No,Yes,No,Yes,Yes,No,0,3,1,85.5,180.0,No
CUST-11292,Male,0,32,5,94.66,478.55,Fiber optic,One year,Bank transfer (automatic),No,No,No,Yes,Yes,Yes,No,1,3,1,97.3,191.4,Yes
CUST-11293,Female,0,34,53,81.07,4320.49,Fiber optic,One year,Electronic check,No,No,No,Yes,Yes,No,Yes,0,3,3,35.8,29.4,Yes
CUST-11294,Male,0,51,30,21.03,647.83,No,Month-to-month,Mailed check,No internet service,No internet service,No internet service,No internet service,No,No phone service,No,0,4,2,98.5,114.2,No
CUST-11295,Female,0,34,60,74.98,4520.7,DSL,Month-to-month,Mailed check,No,Yes,Yes,Yes,Yes,No,Yes,0,5,0,126.2,288.2,No
CUST-11296,Female,0,58,28,23.86,677.64,No,Month-to-month,Electronic check,No internet service,No internet service,No internet service,No internet service,Yes,No,No,1,3,3,183.8,297.5,No
CUST-11297,Male,0,61,26,72.06,1874.68,DSL,Month-to-month,Bank transfer (automatic),No,No,Yes,Yes,Yes,No,Yes,0,4,0,18.7,38.6,No
CUST-11298,Male,0,21,18,67.22,1184.13,DSL,Month-to-month,Bank transfer (automatic),Yes,No,Yes,No,Yes,No,No,0,4,2,113.9,133.2,No
CUST-11299,Male,1,71,36,49.83,1813.97,DSL,One year,Bank transfer (automatic),No,No,No,No,Yes,Yes,Yes,0,4,5,101.2,92.2,Yes
CUST-11300,Female,0,21,8,27.26,202.6,No,Two year,Mailed check,No internet service,No internet service,No internet service,No internet service,Yes,Yes,No,0,3,2,76.2,168.2,No
CUST-11301,Male,1,73,18,79.97,1411.66,Fiber optic,One year,Electronic check,No,No,Yes,No,No,No phone service,No,0,3,1,37.8,45.2,No
CUST-11302,Female,0,63,58,104.95,6088.24,Fiber optic,Two year,Mailed check,No,Yes,No,Yes,Yes,Yes,Yes,0,4,1,34.7,40.8,No
CUST-11303,Male,0,26,32,76.91,2469.07,DSL,One year,Credit card (automatic),No,No,Yes,Yes,Yes,Yes,No,0,3,0,37.5,55.5,No
CUST-11304,Female,0,40,49,19.22,951.49,No,One year,Bank transfer (automatic),No internet service,No internet service,No internet service,No internet service,Yes,No,No,0,3,1,33.0,57.0,No
CUST-11305,Female,0,50,48,18.25,886.18,No,Month-to-month,Credit card (automatic),No internet service,No internet service,No internet service,No internet service,Yes,No,No,0,5,3,78.5,146.5,No
CUST-11306,Male,0,50,71,54.39,3870.91,DSL,Two year,Electronic check,No,No,Yes,No,Yes,No,No,1,2,2,49.8,118.2,No
CUST-11307,Female,0,37,65,94.12,6136.29,Fiber optic,Month-to-month,Credit card (automatic),No,Yes,Yes,No,Yes,No,No,0,4,2,59.2,123.5,No
CUST-11308,Female,0,21,33,100.35,3327.71,Fiber optic,Month-to-month,Bank transfer (automatic),Yes,No,Yes,No,Yes,Yes,Yes,0,4,1,44.0,74.6,No
CUST-11309,Male,1,67,50,18.58,947.77,No,Month-to-month,Credit card (automatic),No internet service,No internet service,No internet service,No internet service,Yes,No,Yes,1,3,1,77.8,81.3,No
CUST-11310,Female,1,80,4,101.97,405.5,Fiber optic,Two year,Electronic check,Yes,No,Yes,Yes,Yes,No,No,1,3,1,95.3,98.3,Yes
CUST-11311,Male,0,51,36,87.01,3106.13,Fiber optic,Two year,Mailed check,Yes,Yes,No,No,Yes,No,No,0,4,2,186.1,190.2,No
CUST-11312,Female,0,44,28,23.34,661.89,No,One year,Credit card (automatic),No internet service,No internet service,No internet service,No internet service,Yes,Yes,No,0,4,0,162.0,401.3,No
CUST-11313,Male,0,38,3,98.77,278.92,Fiber optic,One year,Bank transfer (automatic),No,No,Yes,Yes,Yes,No,No,0,4,1,121.5,264.9,No
CUST-11314,Male,0,41,6,77.53,486.75,DSL,Month-to-month,Electronic check,Yes,No,Yes,No,Yes,Yes,No,1,3,3,165.8,156.9,Yes
CUST-11315,Female,1,72,45,61.28,2770.9,DSL,Two year,Electronic check,No,No,Yes,No,Yes,No,No,0,4,2,127.5,167.9,No
CUST-11316,Female,0,52,23,99.13,2295.94,Fiber optic,One year,Bank transfer (automatic),Yes,No,No,Yes,Yes,Yes,Yes,0,4,2,126.3,170.0,No
CUST-11317,Female,0,42,7,113.69,783.02,Fiber optic,Two year,Credit card (automatic),Yes,Yes,No,Yes,Yes,Yes,Yes,0,4,0,294.3,393.2,No
CUST-11318,Female,1,70,61,97.56,5959.14,Fiber optic,Month-to-month,Mailed check,No,Yes,No,Yes,Yes,Yes,No,0,3,1,151.9,122.8,Yes
CUST-11319,Female,0,34,65,67.1,4363.19,DSL,Month-to-month,Mailed check,Yes,No,No,Yes,Yes,No,Yes,0,4,1,122.9,188.6,No
CUST-11320,Male,1,66,6,64.02,370.23,DSL,Two year,Credit card (automatic),No,Yes,No,Yes,Yes,No,No,0,4,2,179.9,406.0,No
CUST-11321,Female,0,30,24,116.7,2819.53,Fiber optic,Month-to-month,Bank transfer (automatic),Yes,Yes,Yes,Yes,Yes,No,No,0,3,3,24.6,24.2,Yes
CUST-11322,Male,0,20,37,19.98,742.26,No,Two year,Mailed check,No internet service,No internet service,No internet service,No internet service,Yes,No,No,0,4,1,129.9,118.0,No
CUST-11323,Male,0,21,45,102.36,4587.65,Fiber optic,Month-to-month,Electronic check,No,No,Yes,Yes,Yes,Yes,Yes,1,3,0,61.1,116.2,Yes
CUST-11324,Female,0,21,51,97.59,4965.4,Fiber optic,Two year,Bank transfer (automatic),No,No,Yes,Yes,Yes,No,No,0,5,3,186.5,394.2,No
CUST-11325,Male,0,60,45,94.39,4231.18,Fiber optic,Month-to-month,Mailed check,Yes,No,No,Yes,Yes,No,No,0,3,4,88.8,107.8,Yes
CUST-11326,Male,0,45,63,94.66,5952.32,Fiber optic,One year,Electronic check,No,No,Yes,No,Yes,Yes,No,1,3,1,111.5,261.2,Yes
CUST-11327,Male,0,24,29,19.05,533.74,No,Month-to-month,Bank transfer (automatic),No internet service,No internet service,No internet service,No internet service,Yes,No,No,0,4,1,52.0,101.9,No
CUST-11328,Male,0,43,25,77.61,1932.52,Fiber optic,One year,Electronic check,No,No,No,No,Yes,Yes,Yes,0,4,1,134.4,216.5,No
CUST-11329,Female,0,28,10,103.15,1043.14,Fiber optic,Month-to-month,Electronic check,No,No,Yes,Yes,Yes,Yes,No,1,2,1,88.0,190.0,Yes
CUST-11330,Male,0,41,35,19.53,711.11,No,Two year,Mailed check,No internet service,No internet service,No internet service,No internet service,Yes,No,No,0,5,2,23.9,32.3,No
CUST-11331,Female,0,60,55,56.2,3073.63,DSL,One year,Bank transfer (automatic),No,No,Yes,No,Yes,No,No,1,3,0,96.7,121.7,No
CUST-11332,Female,0,27,25,68.41,1698.24,Fiber optic,Month-to-month,Electronic check,No,No,No,No,Yes,No,Yes,0,4,1,63.1,78.6,Yes
CUST-11333,Male,0,54,45,31.32,1379.53,No,Two year,Electronic check,No internet service,No internet service,No internet service,No internet service,Yes,Yes,No,0,3,3,111.6,124.2,No
CUST-11334,Female,0,30,12,67.33,791.48,DSL,Month-to-month,Mailed check,Yes,No,No,Yes,Yes,No,No,0,4,1,276.1,633.1,No
CUST-11335,Female,0,61,4,103.07,,Fiber optic,Month-to-month,Electronic check,Yes,Yes,Yes,No,Yes,No,No,0,5,3,76.6,112.3,Yes
CUST-11336,Female,0,59,67,52.04,3484.38,DSL,Month-to-month,Bank transfer (automatic),Yes,No,No,No,Yes,No,Yes,1,3,2,46.7,106.8,Yes
CUST-11337,Male,0,56,17,18.25,296.23,No,Two year,Credit card (automatic),No internet service,No internet service,No internet service,No internet service,Yes,No,No,0,4,1,150.0,345.3,No
CUST-11338,Female,0,36,65,65.4,4230.02,DSL,Month-to-month,Bank transfer (automatic),Yes,No,No,Yes,Yes,No,Yes,1,2,3,56.8,58.1,Yes
CUST-11339,Female,1,67,53,62.65,3324.23,DSL,Month-to-month,Electronic check,Yes,No,No,No,Yes,Yes,No,1,3,1,80.7,70.1,No
CUST-11340,Female,0,29,57,18.25,1034.8,No,Two year,Electronic check,No internet service,No internet service,No internet service,No internet service,Yes,No,No,0,3,0,46.2,113.0,No
CUST-11341,Male,0,39,28,72.88,2036.22,DSL,Two year,Electronic check,No,No,Yes,Yes,Yes,No,No,0,3,5,108.7,126.0,No
CUST-11342,Female,0,64,16,108.04,1752.34,Fiber optic,Month-to-month,Electronic check,Yes,No,Yes,Yes,No,No phone service,Yes,0,4,0,160.4,232.5,Yes
CUST-11343,Male,0,54,21,89.62,1885.71,Fiber optic,One year,Electronic check,No,Yes,No,No,Yes,Yes,No,0,3,1,136.9,139.8,Yes
CUST-11344,Male,1,75,42,55.16,2310.02,DSL,Two year,Electronic check,No,No,Yes,No,Yes,No,No,0,5,0,83.8,201.9,No
CUST-11345,Male,0,63,54,80.85,4351.13,Fiber optic,Month-to-month,Credit card (automatic),No,No,No,Yes,Yes,No,No,0,3,2,39.3,37.5,No
CUST-11346,Male,0,29,32,22.34,710.6,No,Two year,Credit card (automatic),No internet service,No internet service,No internet service,No internet service,No,No phone service,No,0,3,1,125.9,273.5,No
CUST-11347,Male,0,46,38,79.86,3056.39,Fiber optic,Month-to-month,Bank transfer (automatic),No,No,No,Yes,Yes,No,No,0,4,0,199.6,451.8,No
CUST-11348,Male,0,38,70,76.09,5354.21,DSL,One year,Electronic check,No,Yes,Yes,No,Yes,Yes,No,1,2,3,55.0,130.4,Yes
CUST-11349,Female,0,28,38,79.06,2996.91,DSL,Month-to-month,Credit card (automatic),No,Yes,Yes,No,Yes,Yes,No,0,4,0,185.1,293.0,No
CUST-11350,Male,0,54,54,74.1,3983.94,DSL,One year,Electronic check,No,Yes,Yes,No,Yes,Yes,No,0,5,0,144.2,253.2,No
CUST-11351,Female,0,35,60,82.87,4997.07,Fiber optic,Month-to-month,Electronic check,No,No,Yes,No,Yes,No,Yes,0,4,0,149.8,249.3,No
CUST-11352,Female,0,61,47,94.29,4410.3,Fiber optic,One year,Electronic check,No,No,Yes,No,Yes,Yes,Yes,0,5,3,62.1,106.5,No
CUST-11353,Male,0,44,12,61.41,724.76,DSL,Month-to-month,Mailed check,Yes,No,No,No,Yes,Yes,No,0,3,0,100.6,121.8,No
CUST-11354,Female,0,54,53,22.6,1180.05,No,Month-to-month,Mailed check,No internet service,No internet service,No internet service,No internet service,Yes,No,Yes,0,3,4,75.0,133.6,No
CUST-11355,Female,0,29,33,55.55,1837.1,DSL,Month-to-month,Electronic check,No,No,No,No,Yes,Yes,No,0,5,1,95.0,118.0,No
CUST-11356,Female,0,40,28,74.28,2074.36,Fiber optic,Two year,Electronic check,No,No,No,No,Yes,No,No,1,2,5,24.8,44.5,Yes
CUST-11357,Female,1,71,3,95.59,274.0,Fiber optic,Month-to-month,Credit card (automatic),Yes,No,Yes,No,Yes,No,Yes,0,4,1,70.0,154.0,Yes
CUST-11358,Male,0,55,26,22.49,600.82,No,Month-to-month,Mailed check,No internet service,No internet service,No internet service,No internet service,Yes,No,Yes,0,3,2,66.9,53.9,No
CUST-11359,Female,1,76,54,21.37,1163.83,No,Month-to-month,Electronic check,No internet service,No internet service,No internet service,No internet service,Yes,No,Yes,0,4,2,177.2,401.8,No
CUST-11360,Male,0,42,40,101.41,4086.13,Fiber optic,One year,Mailed check,No,Yes,Yes,Yes,Yes,No,Yes,0,3,0,118.7,184.9,No
CUST-11361,Female,0,21,66,70.71,4655.58,DSL,Month-to-month,Electronic check,No,No,Yes,Yes,Yes,No,No,0,3,1,163.0,299.5,No
CUST-11362,Female,0,47,68,67.76,4628.4,Fiber optic,One year,Bank transfer (automatic),No,No,No,No,Yes,No,No,0,4,3,54.8,67.8,No
CUST-11363,Male,0,47,47,52.4,2450.95,DSL,Month-to-month,Electronic check,No,No,No,No,Yes,Yes,No,0,4,3,219.8,549.0,Yes
CUST-11364,Female,0,30,2,22.1,22.1,No,Month-to-month,Bank transfer (automatic),No internet service,No internet service,No internet service,No internet service,No,No phone service,Yes,0,4,2,166.6,307.5,No
CUST-11365,Female,0,59,42,105.75,4420.55,Fiber optic,One year,Bank transfer (automatic),Yes,No,Yes,Yes,Yes,No,No,0,3,3,136.3,334.5,No
CUST-11366,Female,0,31,34,56.01,1904.85,DSL,Two year,Credit card (automatic),No,No,No,Yes,Yes,No,Yes,0,4,1,92.3,195.1,No
CUST-11367,Male,1,79,21,86.83,1842.03,Fiber optic,Month-to-month,Electronic check,Yes,Yes,No,No,Yes,No,No,0,4,0,65.0,148.8,No
CUST-11368,Female,0,25,44,81.84,3574.4,Fiber optic,Month-to-month,Mailed check,No,No,Yes,No,No,No phone service,Yes,1,2,1,153.7,190.5,Yes
CUST-11369,Male,0,41,2,64.7,149.32,DSL,Month-to-month,Credit card (automatic),No,Yes,No,Yes,No,No phone service,No,0,4,0,46.0,87.2,No
CUST-11370,Female,0,35,59,79.55,4706.41,Fiber optic,One year,Bank transfer (automatic),No,No,No,Yes,Yes,No,Yes,0,4,1,71.6,100.4,No
CUST-11371,Male,0,52,16,65.27,1016.39,DSL,Month-to-month,Credit card (automatic),Yes,No,Yes,No,Yes,No,No,0,4,1,121.8,266.7,Yes
CUST-11372,Male,0,42,20,72.06,1417.58,Fiber optic,Two year,Credit card (automatic),No,No,No,No,Yes,No,Yes,0,4,0,49.8,122.5,No
CUST-11373,Female,0,34,26,74.97,1923.76,DSL,Month-to-month,Bank transfer (automatic),Yes,No,Yes,No,Yes,Yes,Yes,0,4,2,164.8,191.7,No
CUST-11374,Female,1,72,16,88.73,1430.42,Fiber optic,Month-to-month,Electronic check,No,No,No,Yes,Yes,Yes,No,0,4,0,9.5,19.5,Yes
CUST-11375,Male,0,41,70,61.01,4274.36,DSL,Month-to-month,Bank transfer (automatic),No,No,No,Yes,Yes,No,No,0,5,0,210.0,434.0,No
CUST-11376,Male,0,24,23,67.07,1534.14,DSL,One year,Bank transfer (automatic),No,No,No,Yes,Yes,Yes,No,0,4,1,96.7,134.9,No
CUST-11377,Female,0,30,42,27.95,1149.2,No,One year,Bank transfer (automatic),No internet service,No internet service,No internet service,No internet service,Yes,Yes,No,1,3,4,254.4,265.4,No
CUST-11378,Male,1,65,37,19.21,704.35,No,Month-to-month,Bank transfer (automatic),No internet service,No internet service,No internet service,No internet service,No,No phone service,No,1,2,1,102.9,138.1,No
CUST-11379,Female,0,22,72,107.19,7728.61,Fiber optic,Two year,Bank transfer (automatic),Yes,No,Yes,Yes,Yes,No,No,0,4,1,123.3,133.8,No
CUST-11380,Female,0,53,6,74.73,423.98,Fiber optic,Month-to-month,Mailed check,No,No,No,No,Yes,Yes,No,0,3,1,227.8,524.4,Yes
CUST-11381,Female,0,43,37,80.64,3005.08,DSL,One year,Mailed check,Yes,No,Yes,Yes,Yes,No,No,0,3,1,50.7,111.9,No
CUST-11382,Female,0,59,22,58.21,1254.39,DSL,Month-to-month,Electronic check,Yes,No,No,No,Yes,Yes,Yes,0,3,1,89.8,188.6,Yes
CUST-11383,Male,0,62,6,87.07,528.91,Fiber optic,Month-to-month,Credit card (automatic),Yes,No,No,Yes,Yes,No,No,0,3,0,42.0,87.8,No
CUST-11384,Female,0,48,32,98.32,3127.59,Fiber optic,Two year,Credit card (automatic),No,No,Yes,Yes,Yes,No,No,0,3,2,83.1,123.0,No
CUST-11385,Male,0,27,17,53.14,878.88,DSL,Two year,Bank transfer (automatic),No,No,No,No,Yes,Yes,No,0,4,5,202.9,475.2,No
CUST-11386,Female,0,63,38,18.25,684.8,No,Month-to-month,Electronic check,No internet service,No internet service,No internet service,No internet service,Yes,No,No,1,2,0,128.4,279.6,Yes
CUST-11387,Male,0,43,17,22.95,400.17,No,One year,Electronic check,No internet service,No internet service,No internet service,No internet service,Yes,No,No,0,2,3,41.4,96.9,No
CUST-11388,Female,0,39,37,104.85,3856.71,Fiber optic,Month-to-month,Electronic check,No,Yes,Yes,No,Yes,Yes,No,1,3,1,201.1,331.5,Yes
CUST-11389,Male,0,29,23,99.34,2283.36,Fiber optic,One year,Electronic check,No,Yes,Yes,Yes,No,No phone service,Yes,0,4,1,163.5,209.7,Yes
CUST-11390,Male,0,49,49,85.38,4177.99,Fiber optic,Month-to-month,Mailed check,Yes,Yes,No,No,Yes,No,Yes,1,4,3,93.3,177.5,Yes
CUST-11391,Female,0,44,61,48.55,2957.2,DSL,Two year,Electronic check,No,No,No,No,No,No phone service,Yes,0,4,0,132.9,260.5,No
CUST-11392,Female,0,50,49,57.57,2847.54,DSL,Month-to-month,Electronic check,No,No,No,Yes,Yes,No,No,0,2,2,54.9,109.8,Yes
CUST-11393,Female,0,37,61,88.83,5409.57,DSL,Month-to-month,Bank transfer (automatic),Yes,Yes,Yes,No,Yes,Yes,Yes,0,3,3,247.2,360.6,No
CUST-11394,Female,0,56,32,58.95,1915.9,DSL,Month-to-month,Credit card (automatic),No,No,Yes,No,Yes,No,No,1,2,3,47.6,79.8,Yes
CUST-11395,Male,1,79,63,97.71,6158.03,Fiber optic,Month-to-month,Electronic check,Yes,Yes,No,No,Yes,Yes,Yes,0,3,0,131.4,130.0,No
CUST-11396,Female,0,57,7,84.61,612.82,Fiber optic,Month-to-month,Mailed check,No,Yes,No,No,Yes,Yes,Yes,0,3,1,298.3,543.0,Yes
CUST-11397,Male,0,30,22,26.9,582.73,No,Month-to-month,Credit card (automatic),No internet service,No internet service,No internet service,No internet service,Yes,Yes,Yes,0,4,1,93.3,148.3,No
CUST-11398,Male,0,31,6,92.87,532.31,Fiber optic,One year,Credit card (automatic),No,No,Yes,No,Yes,Yes,Yes,0,4,2,45.2,50.8,Yes
CUST-11399,Female,0,61,61,99.34,6034.8,Fiber optic,Month-to-month,Mailed check,No,No,Yes,Yes,Yes,Yes,No,0,3,0,210.7,345.1,Yes
CUST-11400,Male,0,57,14,87.12,1224.13,DSL,One year,Electronic check,Yes,Yes,No,Yes,Yes,Yes,No,0,4,1,54.9,76.4,No
CUST-11401,Male,0,39,16,60.47,993.31,DSL,One year,Electronic check,Yes,No,No,No,Yes,Yes,No,1,3,3,17.7,33.9,Yes
CUST-11402,Male,0,35,3,19.64,33.19,No,Two year,Electronic check,No internet service,No internet service,No internet service,No internet service,Yes,No,No,0,4,2,72.9,158.4,No
CUST-11403,Male,0,46,9,77.85,712.0,Fiber optic,Two year,Mailed check,No,No,Yes,No,Yes,No,No,0,5,0,181.7,271.8,No
CUST-11404,Female,0,60,47,78.55,3695.65,DSL,Two year,Electronic check,Yes,No,Yes,Yes,Yes,No,No,0,4,1,126.0,279.4,No
CUST-11405,Female,0,33,42,98.13,,DSL,One year,Bank transfer (automatic),Yes,Yes,Yes,Yes,Yes,Yes,No,0,3,0,166.5,182.4,No
CUST-11406,Female,0,63,42,20.63,849.39,No,Month-to-month,Electronic check,No internet service,No internet service,No internet service,No internet service,Yes,No,No,0,4,1,68.6,129.0,No
CUST-11407,Female,0,52,23,44.06,987.61,DSL,One year,Bank transfer (automatic),No,No,No,No,No,No phone service,Yes,0,3,3,120.4,184.2,No
CUST-11408,Male,1,70,3,26.7,54.58,No,Two year,Electronic check,No internet service,No internet service,No internet service,No internet service,Yes,Yes,No,0,3,3,346.1,498.3,No
CUST-11409,Male,1,69,1,87.75,87.75,Fiber optic,Month-to-month,Bank transfer (automatic),No,No,No,Yes,Yes,Yes,Yes,1,3,1,48.2,57.3,Yes
CUST-11410,Female,0,21,67,57.67,3846.71,DSL,Month-to-month,Bank transfer (automatic),No,Yes,No,No,Yes,No,No,0,4,1,156.5,189.7,No
CUST-11411,Female,0,22,71,82.83,5858.51,Fiber optic,Month-to-month,Bank transfer (automatic),Yes,No,No,No,Yes,No,No,1,2,2,84.5,133.4,No
CUST-11412,Female,0,27,3,101.83,291.37,Fiber optic,One year,Electronic check,No,No,Yes,Yes,Yes,Yes,No,0,5,1,68.5,152.4,No
CUST-11413,Male,0,46,49,98.83,4844.71,Fiber optic,Month-to-month,Electronic check,Yes,No,Yes,No,Yes,Yes,No,1,3,0,74.6,129.6,Yes
CUST-11414,Female,0,49,67,78.37,5277.76,DSL,One year,Electronic check,Yes,Yes,No,Yes,Yes,No,Yes,0,3,2,140.7,249.4,No
CUST-11415,Female,0,48,55,92.58,5117.24,Fiber optic,One year,Bank transfer (automatic),Yes,No,Yes,No,Yes,No,No,0,3,1,100.9,202.9,No
CUST-11416,Female,0,19,4,29.67,104.98,No,Two year,Electronic check,No internet service,No internet service,No internet service,No internet service,Yes,Yes,No,1,4,1,96.2,124.6,No
CUST-11417,Male,0,29,31,67.06,2052.83,DSL,One year,Mailed check,No,No,Yes,Yes,Yes,No,Yes,0,3,2,24.2,35.0,Yes
CUST-11418,Male,0,44,66,92.88,6159.82,Fiber optic,Two year,Electronic check,No,No,Yes,No,Yes,Yes,No,0,4,2,57.3,128.5,No
CUST-11419,Male,0,22,64,77.17,4937.46,DSL,Month-to-month,Electronic check,Yes,No,Yes,Yes,Yes,No,No,1,3,1,153.5,136.3,No
CUST-11420,Male,0,54,31,87.19,2731.59,Fiber optic,Month-to-month,Bank transfer (automatic),No,Yes,No,No,Yes,Yes,Yes,0,3,1,269.1,450.2,Yes
CUST-11421,Male,0,44,63,98.32,6196.42,Fiber optic,Month-to-month,Mailed check,No,No,Yes,Yes,Yes,Yes,Yes,0,3,0,78.1,133.6,No
CUST-11422,Male,1,79,66,56.55,3755.48,DSL,Month-to-month,Electronic check,No,No,No,No,Yes,Yes,No,1,3,3,181.3,315.2,Yes
CUST-11423,Male,0,50,31,21.44,661.47,No,Month-to-month,Bank transfer (automatic),No internet service,No internet service,No internet service,No internet service,Yes,No,No,0,3,3,75.3,157.7,No
CUST-11424,Male,0,21,47,72.35,3407.77,DSL,One year,Bank transfer (automatic),Yes,No,No,Yes,Yes,Yes,Yes,0,4,1,130.0,203.7,No
CUST-11425,Female,1,73,22,23.52,519.58,No,One year,Electronic check,No internet service,No internet service,No internet service,No internet service,Yes,No,No,0,3,0,125.0,279.3,No
CUST-11426,Female,1,75,46,59.05,2699.49,DSL,One year,Electronic check,No,No,No,Yes,Yes,No,No,0,4,1,125.6,172.9,No
CUST-11427,Male,0,61,58,81.42,4738.19,Fiber optic,Month-to-month,Bank transfer (automatic),No,No,Yes,No,Yes,No,No,1,3,1,178.5,245.8,No
CUST-11428,Male,0,48,61,69.9,4237.19,DSL,Month-to-month,Credit card (automatic),No,No,No,Yes,Yes,Yes,No,0,3,1,345.7,843.1,No
CUST-11429,Female,0,61,46,73.37,3366.76,DSL,One year,Electronic check,Yes,No,Yes,No,Yes,Yes,Yes,0,4,2,91.2,123.3,No
CUST-11430,Male,0,41,1,88.0,110.19,Fiber optic,Month-to-month,Bank transfer (automatic),Yes,No,No,Yes,Yes,No,No,0,3,3,115.3,129.9,Yes
CUST-11431,Male,0,27,25,30.33,758.41,No,Month-to-month,Credit card (automatic),No internet service,No internet service,No internet service,No internet service,Yes,Yes,Yes,0,4,1,71.9,125.0,No
CUST-11432,Male,0,19,61,57.57,3486.43,DSL,Month-to-month,Mailed check,Yes,No,No,No,Yes,No,No,1,2,2,70.9,171.5,Yes
CUST-11433,Female,0,48,14,89.59,1236.71,Fiber optic,Month-to-month,Electronic check,No,No,Yes,Yes,No,No phone service,No,0,4,1,130.5,277.3,Yes
CUST-11434,Female,0,42,45,23.19,1020.13,No,Month-to-month,Bank transfer (automatic),No internet service,No internet service,No internet service,No internet service,Yes,No,No,0,4,0,63.0,97.1,No
CUST-11435,Female,0,21,39,92.76,3604.3,Fiber optic,Month-to-month,Electronic check,No,No,No,Yes,Yes,Yes,No,0,5,3,101.6,168.6,Yes
CUST-11436,Female,0,28,66,32.3,2111.72,No,Month-to-month,Mailed check,No internet service,No internet service,No internet service,No internet service,Yes,Yes,No,0,4,2,122.4,305.6,No
CUST-11437,Female,0,34,32,76.19,2450.8,Fiber optic,One year,Electronic check,No,Yes,No,No,Yes,No,Yes,1,2,1,36.8,74.4,Yes
CUST-11438,Male,0,61,58,46.01,2678.15,DSL,Month-to-month,Electronic check,No,No,No,No,Yes,No,No,1,2,2,58.8,57.1,Yes
CUST-11439,Female,0,19,56,62.19,3460.74,DSL,Month-to-month,Electronic check,Yes,Yes,No,No,Yes,No,Yes,0,3,5,200.2,367.7,No
CUST-11440,Male,0,23,6,51.99,308.64,DSL,Two year,Bank transfer (automatic),No,No,No,No,Yes,Yes,No,0,4,1,132.1,317.2,No
CUST-11441,Male,0,26,67,91.65,6128.3,Fiber optic,One year,Credit card (automatic),No,No,Yes,Yes,No,No phone service,No,0,4,1,350.0,394.9,No
CUST-11442,Female,1,68,50,99.49,4964.73,Fiber optic,Month-to-month,Mailed check,Yes,No,Yes,No,Yes,Yes,No,0,4,1,70.8,149.8,No
CUST-11443,Female,0,37,38,78.13,2973.5,Fiber optic,Two year,Electronic check,No,No,No,Yes,Yes,No,No,1,2,1,161.0,242.4,No
CUST-11444,Male,0,46,3,26.04,102.04,No,Month-to-month,Bank transfer (automatic),No internet service,No internet service,No internet service,No internet service,Yes,Yes,Yes,0,4,0,73.6,76.8,No
CUST-11445,Male,0,38,5,97.71,512.39,Fiber optic,Month-to-month,Mailed check,Yes,Yes,No,Yes,Yes,No,Yes,1,3,2,155.8,346.7,Yes
CUST-11446,Male,0,26,24,74.92,1792.86,DSL,Two year,Bank transfer (automatic),Yes,No,Yes,No,Yes,Yes,No,0,3,1,120.0,226.5,No
CUST-11447,Female,0,45,54,18.25,979.09,No,Two year,Bank transfer (automatic),No internet service,No internet service,No internet service,No internet service,Yes,No,No,0,3,5,68.6,56.4,No
CUST-11448,Female,0,25,34,20.9,711.68,No,Month-to-month,Credit card (automatic),No internet service,No internet service,No internet service,No internet service,Yes,No,Yes,0,4,1,328.6,727.0,No
CUST-11449,Female,0,48,39,89.56,3491.29,Fiber optic,One year,Electronic check,No,No,No,Yes,Yes,Yes,Yes,1,3,0,135.2,231.3,Yes
CUST-11450,Female,0,37,48,25.44,1194.83,No,One year,Electronic check,No internet service,No internet service,No internet service,No internet service,Yes,Yes,Yes,0,4,1,57.0,106.1,No
CUST-11451,Female,1,73,49,86.03,4220.19,Fiber optic,Month-to-month,Electronic check,Yes,Yes,No,No,No,No phone service,No,0,3,0,63.2,111.1,No
CUST-11452,Male,0,25,34,47.53,1621.1,DSL,Month-to-month,Mailed check,No,No,No,No,No,No phone service,No,0,4,2,40.7,59.6,No
CUST-11453,Female,0,38,7,70.33,489.33,DSL,Month-to-month,Credit card (automatic),No,No,Yes,Yes,Yes,No,No,0,4,1,88.8,91.6,Yes
CUST-11454,Male,1,76,18,83.33,1494.78,Fiber optic,Two year,Credit card (automatic),No,Yes,No,No,Yes,Yes,No,0,4,2,167.3,338.3,No
CUST-11455,Male,0,40,70,84.89,5968.64,Fiber optic,Month-to-month,Credit card (automatic),No,Yes,No,No,Yes,No,No,0,3,2,103.0,202.2,No
CUST-11456,Male,0,23,34,54.42,1856.33,DSL,One year,Electronic check,No,No,No,No,Yes,Yes,Yes,1,1,5,216.4,489.2,Yes
CUST-11457,Female,0,20,51,97.07,4969.55,Fiber optic,Month-to-month,Bank transfer (automatic),No,Yes,Yes,No,Yes,Yes,No,0,4,3,297.0,547.9,No
CUST-11458,Female,0,22,68,23.4,1618.43,No,Month-to-month,Mailed check,No internet service,No internet service,No internet service,No internet service,Yes,No,No,0,4,0,42.0,36.8,No
CUST-11459,Female,0,26,14,95.82,1360.09,Fiber optic,One year,Credit card (automatic),No,Yes,No,Yes,Yes,No,Yes,0,5,1,90.6,136.0,Yes
CUST-11460,Male,0,24,69,20.74,1457.64,No,One year,Electronic check,No internet service,No internet service,No internet service,No internet service,Yes,No,No,0,4,0,94.8,92.7,No
CUST-11461,Male,0,21,8,60.86,502.44,DSL,Month-to-month,Electronic check,No,No,No,Yes,Yes,No,No,1,3,2,66.7,121.0,Yes
CUST-11462,Male,0,56,15,18.25,253.96,No,Month-to-month,Credit card (automatic),No internet service,No internet service,No internet service,No internet service,Yes,No,No,0,2,0,76.4,87.5,Yes
CUST-11463,Male,0,22,59,49.45,2901.17,DSL,One year,Bank transfer (automatic),No,No,No,No,Yes,No,No,0,3,1,99.7,239.7,No
CUST-11464,Male,0,28,11,23.57,240.9,No,Month-to-month,Credit card (automatic),No internet service,No internet service,No internet service,No internet service,Yes,Yes,No,1,3,2,15.0,16.0,Yes
CUST-11465,Male,0,32,20,101.42,2017.73,Fiber optic,Month-to-month,Electronic check,No,Yes,No,Yes,Yes,Yes,No,0,3,2,137.8,305.4,No
CUST-11466,Female,0,51,55,85.46,4691.6,DSL,One year,Credit card (automatic),Yes,No,Yes,Yes,Yes,Yes,No,0,3,2,75.4,138.4,No
CUST-11467,Female,0,30,36,99.39,3596.71,Fiber optic,Month-to-month,Bank transfer (automatic),Yes,No,Yes,Yes,No,No phone service,No,1,2,1,132.4,175.3,Yes
CUST-11468,Female,0,24,14,74.29,1031.71,Fiber optic,Month-to-month,Bank transfer (automatic),No,No,No,No,Yes,No,Yes,0,5,2,280.6,602.0,No
CUST-11469,Female,0,57,58,75.35,4383.93,DSL,Month-to-month,Bank transfer (automatic),Yes,No,Yes,Yes,Yes,No,No,0,3,0,125.7,307.0,No
CUST-11470,Male,0,23,38,80.54,3084.75,DSL,Two year,Bank transfer (automatic),No,No,Yes,Yes,Yes,Yes,Yes,1,2,3,66.1,69.1,No
CUST-11471,Male,0,56,1,68.3,68.3,Fiber optic,Month-to-month,Mailed check,No,No,No,No,Yes,No,No,0,3,1,142.8,318.0,No
CUST-11472,Female,0,47,65,55.41,3571.67,DSL,One year,Electronic check,No,No,No,No,Yes,Yes,No,0,3,0,152.3,332.0,No
CUST-11473,Male,1,78,1,54.54,77.86,DSL,Month-to-month,Mailed check,No,No,Yes,No,Yes,No,Yes,1,3,2,68.8,144.0,Yes
CUST-11474,Female,0,42,60,94.83,5674.1,Fiber optic,Month-to-month,Bank transfer (automatic),No,No,Yes,Yes,No,No phone service,No,1,3,0,147.3,185.6,No
CUST-11475,Female,0,45,25,80.0,1979.21,DSL,Month-to-month,Electronic check,No,No,Yes,Yes,Yes,Yes,No,0,3,3,94.3,199.0,Yes
CUST-11476,Female,0,37,10,57.66,564.31,DSL,Month-to-month,Electronic check,No,No,Yes,No,Yes,No,No,0,4,0,107.4,100.4,No
CUST-11477,Male,0,56,50,80.07,3984.66,Fiber optic,Two year,Bank transfer (automatic),No,No,No,Yes,Yes,No,No,0,4,2,155.0,151.8,No
CUST-11478,Female,0,20,12,54.33,669.58,DSL,Month-to-month,Electronic check,No,No,No,Yes,Yes,No,No,0,4,0,127.6,168.6,Yes
CUST-11479,Female,0,22,32,41.75,1344.07,DSL,One year,Electronic check,No,No,No,No,Yes,No,No,0,3,2,142.3,176.1,No
CUST-11480,Female,0,18,33,23.39,751.91,No,Month-to-month,Credit card (automatic),No internet service,No internet service,No internet service,No internet service,Yes,No,Yes,0,4,1,79.1,127.3,No
CUST-11481,Male,0,32,72,115.11,8292.93,Fiber optic,Month-to-month,Electronic check,Yes,Yes,Yes,Yes,Yes,No,Yes,0,3,2,43.8,77.2,No
CUST-11482,Male,0,43,26,28.09,712.83,No,Month-to-month,Electronic check,No internet service,No internet service,No internet service,No internet service,Yes,Yes,Yes,0,3,2,82.2,107.8,No
CUST-11483,Female,0,20,42,85.5,3572.85,Fiber optic,One year,Mailed check,No,Yes,No,No,Yes,Yes,Yes,0,5,0,80.0,158.6,No
CUST-11484,Male,1,80,50,81.34,4072.73,Fiber optic,Two year,Mailed check,No,No,No,Yes,Yes,No,Yes,0,4,2,110.4,89.6,No
CUST-11485,Male,0,58,61,103.2,6305.08,Fiber optic,Two year,Mailed check,Yes,Yes,No,Yes,Yes,No,No,0,3,2,68.3,81.2,No
CUST-11486,Male,0,64,41,18.25,739.02,No,Month-to-month,Credit card (automatic),No internet service,No internet service,No internet service,No internet service,Yes,No,No,0,4,0,18.5,25.9,No
CUST-11487,Male,0,59,57,85.61,4895.57,DSL,One year,Bank transfer (automatic),No,Yes,Yes,Yes,Yes,Yes,No,0,3,1,170.5,250.6,No
CUST-11488,Male,0,51,2,91.4,203.03,Fiber optic,Month-to-month,Mailed check,No,No,Yes,Yes,Yes,No,No,1,3,1,99.0,140.5,Yes
CUST-11489,Male,0,22,70,101.47,7127.88,Fiber optic,One year,Mailed check,No,Yes,No,Yes,Yes,Yes,No,0,4,1,235.4,193.2,No
CUST-11490,Male,0,48,31,103.06,3202.42,Fiber optic,Two year,Mailed check,No,No,Yes,Yes,Yes,Yes,No,1,3,1,67.6,161.9,No
CUST-11491,Male,0,30,23,67.99,1546.97,Fiber optic,Month-to-month,Electronic check,No,No,No,No,Yes,No,No,0,4,2,73.7,154.6,Yes
CUST-11492,Male,0,60,54,82.42,4465.59,DSL,Month-to-month,Credit card (automatic),No,Yes,Yes,Yes,Yes,Yes,No,0,5,0,36.6,29.6,No
CUST-11493,Male,0,18,28,83.83,2323.71,DSL,One year,Electronic check,Yes,No,Yes,Yes,Yes,Yes,No,0,4,1,75.6,105.6,No
CUST-11494,Female,0,39,19,18.25,327.62,No,One year,Bank transfer (automatic),No internet service,No internet service,No internet service,No internet service,Yes,No,Yes,0,4,1,118.6,184.1,No
CUST-11495,Female,0,32,48,28.68,1396.61,No,Month-to-month,Bank transfer (automatic),No internet service,No internet service,No internet service,No internet service,Yes,Yes,No,1,3,0,195.0,227.8,Yes
CUST-11496,Male,1,72,2,75.69,176.03,DSL,Two year,Credit card (automatic),No,Yes,Yes,Yes,Yes,No,No,0,4,0,87.3,205.8,No
CUST-11497,Female,0,35,11,69.82,742.02,Fiber optic,One year,Electronic check,No,No,No,No,Yes,No,No,0,4,1,67.5,137.7,No
CUST-11498,Female,0,26,44,81.15,3559.33,Fiber optic,Month-to-month,Mailed check,No,Yes,No,No,No,No phone service,No,1,2,1,125.5,284.6,Yes
CUST-11499,Male,0,18,59,82.8,4892.95,DSL,Month-to-month,Electronic check,Yes,No,Yes,Yes,Yes,No,No,0,3,2,46.3,95.1,No
CUST-11500,Male,1,80,59,64.45,3828.87,DSL,One year,Credit card (automatic),Yes,No,No,Yes,Yes,No,No,0,3,0,28.7,40.3,No
CUST-11501,Male,0,26,38,75.86,2886.92,DSL,Month-to-month,Mailed check,No,Yes,Yes,Yes,Yes,No,No,0,4,2,40.1,64.6,Yes
CUST-11502,Female,0,40,25,18.25,475.51,No,Month-to-month,Electronic check,No internet service,No internet service,No internet service,No internet service,Yes,No,No,1,1,1,51.8,46.8,Yes
CUST-11503,Female,0,60,21,18.6,415.97,No,One year,Bank transfer (automatic),No internet service,No internet service,No internet service,No internet service,Yes,No,No,0,5,0,44.9,68.1,Yes
CUST-11504,Male,0,62,42,83.49,3507.72,Fiber optic,One year,Electronic check,No,No,Yes,No,Yes,No,No,0,3,1,170.9,369.6,No
CUST-11505,Male,0,19,36,89.72,3244.35,Fiber optic,One year,Electronic check,No,Yes,No,No,Yes,Yes,Yes,1,3,1,154.4,319.8,Yes
CUST-11506,Male,0,31,9,18.25,173.99,No,Month-to-month,Mailed check,No internet service,No internet service,No internet service,No internet service,No,No phone service,No,0,3,2,79.6,169.9,Yes
CUST-11507,Female,1,73,12,18.25,229.28,No,One year,Electronic check,No internet service,No internet service,No internet service,No internet service,Yes,No,Yes,1,2,0,133.4,168.1,Yes
CUST-11508,Female,0,57,10,93.49,935.92,Fiber optic,Two year,Credit card (automatic),No,No,Yes,Yes,Yes,No,No,1,3,1,94.7,91.7,No
CUST-11509,Female,0,35,59,51.41,3040.58,DSL,Month-to-month,Mailed check,Yes,No,No,No,Yes,No,No,0,2,1,63.5,100.5,No
CUST-11510,Female,0,33,5,60.13,303.91,DSL,One year,Bank transfer (automatic),No,No,Yes,No,Yes,No,No,0,4,1,161.5,261.1,No
CUST-11511,Male,0,46,33,64.84,2147.98,DSL,Two year,Credit card (automatic),No,No,Yes,Yes,Yes,No,No,0,3,3,125.7,234.0,Yes
CUST-11512,Male,1,80,69,82.52,5694.19,Fiber optic,One year,Mailed check,Yes,No,No,No,Yes,No,No,0,4,1,108.8,104.5,No
CUST-11513,Male,0,28,63,18.25,1133.1,No,One year,Mailed check,No internet service,No internet service,No internet service,No internet service,No,No phone service,No,1,3,1,122.8,106.3,No
CUST-11514,Male,0,23,29,82.07,2391.65,DSL,Month-to-month,Electronic check,No,Yes,Yes,Yes,Yes,No,No,0,4,0,104.5,216.3,No
CUST-11515,Female,0,20,18,71.27,1275.9,Fiber optic,Month-to-month,Credit card (automatic),No,No,No,No,No,No phone service,No,0,4,3,51.0,96.4,Yes
CUST-11516,Female,0,31,6,63.22,356.98,DSL,One year,Credit card (automatic),No,No,No,Yes,Yes,Yes,No,0,5,0,102.5,120.3,No
CUST-11517,Male,0,19,53,56.06,2992.26,DSL,One year,Electronic check,No,No,No,Yes,Yes,No,No,0,4,2,105.6,235.2,No
CUST-11518,Male,0,49,32,29.74,932.56,No,Two year,Electronic check,No internet service,No internet service,No internet service,No internet service,Yes,Yes,No,0,4,1,46.1,64.1,No
CUST-11519,Female,0,48,42,90.86,3818.56,Fiber optic,Month-to-month,Credit card (automatic),No,No,Yes,Yes,Yes,No,No,0,3,2,188.2,304.1,No
CUST-11520,Male,1,65,47,23.9,1136.57,No,Month-to-month,Mailed check,No internet service,No internet service,No internet service,No internet service,Yes,No,No,0,4,0,84.0,85.2,No
CUST-11521,Female,0,39,31,91.83,2855.59,Fiber optic,Month-to-month,Mailed check,Yes,No,Yes,No,Yes,No,No,0,4,1,104.0,255.2,No
CUST-11522,Male,1,72,62,81.6,5038.85,DSL,One year,Bank transfer (automatic),Yes,No,Yes,Yes,Yes,No,No,0,5,1,84.1,171.0,No
CUST-11523,Male,0,48,56,67.07,3737.57,DSL,Month-to-month,Bank transfer (automatic),No,Yes,No,Yes,Yes,No,No,0,3,4,106.5,128.7,Yes
CUST-11524,Male,0,50,11,69.52,743.65,Fiber optic,One year,Credit card (automatic),No,No,No,No,No,No phone service,Yes,0,3,2,91.6,221.1,No
CUST-11525,Male,0,41,26,64.7,1656.55,DSL,Month-to-month,Credit card (automatic),No,No,Yes,No,Yes,Yes,Yes,1,2,4,156.6,227.0,Yes
CUST-11526,Male,0,18,27,18.63,490.01,No,Month-to-month,Credit card (automatic),No internet service,No internet service,No internet service,No internet service,Yes,No,No,0,3,1,350.0,533.1,No
CUST-11527,Male,0,61,57,77.33,4409.26,DSL,Month-to-month,Credit card (automatic),No,Yes,No,Yes,Yes,Yes,No,0,5,3,24.5,26.5,No
CUST-11528,Male,0,32,27,56.46,1504.8,DSL,Two year,Electronic check,No,No,No,No,Yes,Yes,No,0,4,0,38.9,59.3,No
CUST-11529,Female,0,54,59,107.54,6373.11,Fiber optic,One year,Electronic check,Yes,No,Yes,Yes,Yes,No,No,1,3,0,91.4,224.3,No
CUST-11530,Female,0,44,62,90.21,5604.95,Fiber optic,Two year,Credit card (automatic),No,No,Yes,Yes,Yes,No,No,1,3,2,84.4,129.7,Yes
CUST-11531,Female,0,55,20,94.61,1897.21,Fiber optic,One year,Electronic check,No,Yes,No,Yes,Yes,No,No,0,4,1,142.2,283.0,No
CUST-11532,Female,0,44,3,18.25,65.64,No,Month-to-month,Credit card (automatic),No internet service,No internet service,No internet service,No internet service,Yes,No,No,1,3,0,64.2,158.2,Yes
CUST-11533,Female,0,61,16,60.12,958.08,DSL,Month-to-month,Credit card (automatic),No,No,No,Yes,Yes,Yes,No,0,3,3,197.6,367.3,No
CUST-11534,Male,0,29,44,18.25,801.19,No,Two year,Mailed check,No internet service,No internet service,No internet service,No internet service,Yes,No,No,1,3,0,133.4,171.3,Yes
CUST-11535,Male,0,20,30,97.93,2961.22,Fiber optic,One year,Mailed check,Yes,No,Yes,No,Yes,Yes,No,0,3,3,222.8,308.4,No
CUST-11536,Female,0,47,40,80.1,3217.32,DSL,Month-to-month,Electronic check,No,No,Yes,Yes,Yes,Yes,Yes,0,4,0,76.7,92.2,Yes
CUST-11537,Male,1,78,65,84.42,5492.59,Fiber optic,One year,Electronic check,No,No,No,Yes,Yes,No,Yes,1,4,1,74.7,180.0,No
CUST-11538,Female,0,40,29,58.85,1733.66,DSL,Month-to-month,Bank transfer (automatic),Yes,No,No,No,Yes,Yes,No,0,4,0,187.2,434.0,No
CUST-11539,Female,0,19,30,88.26,2657.56,Fiber optic,Month-to-month,Electronic check,No,No,No,Yes,Yes,Yes,No,0,4,0,172.0,323.6,No
CUST-11540,Male,0,24,32,99.51,3178.24,Fiber optic,Month-to-month,Credit card (automatic),No,No,Yes,Yes,Yes,Yes,No,0,5,1,69.5,64.9,No
CUST-11541,Male,0,51,10,89.95,872.35,DSL,Two year,Electronic check,Yes,Yes,Yes,Yes,Yes,No,No,0,3,2,146.5,314.4,Yes
CUST-11542,Male,0,49,51,102.42,5216.86,Fiber optic,Month-to-month,Credit card (automatic),Yes,Yes,Yes,No,Yes,No,Yes,1,3,1,90.1,197.3,Yes
CUST-11543,Female,0,56,8,70.79,591.81,DSL,Month-to-month,Electronic check,No,No,Yes,Yes,Yes,No,No,1,2,1,153.3,318.2,Yes
CUST-11544,Male,1,76,51,61.11,3089.29,DSL,Month-to-month,Mailed check,No,No,Yes,No,Yes,No,No,0,3,3,47.0,51.3,No
CUST-11545,Female,0,60,36,62.21,2220.63,DSL,Month-to-month,Electronic check,Yes,No,No,No,Yes,Yes,No,1,3,1,63.1,80.8,Yes
CUST-11546,Female,0,60,55,29.56,1644.32,No,Month-to-month,Electronic check,No internet service,No internet service,No internet service,No internet service,Yes,Yes,Yes,0,4,1,89.0,194.1,No
CUST-11547,Female,0,31,35,96.18,3358.2,Fiber optic,Month-to-month,Bank transfer (automatic),No,Yes,No,Yes,No,No phone service,No,0,3,2,67.6,105.1,Yes
CUST-11548,Male,0,20,36,75.42,2696.27,DSL,Month-to-month,Credit card (automatic),No,Yes,Yes,No,Yes,Yes,No,0,3,0,79.6,96.4,No
CUST-11549,Male,0,63,56,18.25,1040.94,No,Two year,Electronic check,No internet service,No internet service,No internet service,No internet service,Yes,No,No,0,5,0,29.2,55.2,No
CUST-11550,Female,0,49,36,56.03,2020.59,DSL,Month-to-month,Electronic check,No,No,Yes,No,Yes,No,No,0,4,2,100.2,181.3,No
CUST-11551,Male,0,60,61,72.55,4428.46,Fiber optic,Month-to-month,Bank transfer (automatic),No,No,No,No,Yes,No,Yes,0,3,0,203.0,341.6,No
CUST-11552,Male,1,66,62,30.2,1860.03,No,Month-to-month,Credit card (automatic),No internet service,No internet service,No internet service,No internet service,Yes,Yes,No,0,3,1,91.2,126.3,No
CUST-11553,Male,0,34,25,104.48,2622.51,Fiber optic,One year,Electronic check,No,No,Yes,Yes,Yes,Yes,No,1,4,1,127.7,270.3,No
CUST-11554,Female,0,20,64,102.43,6577.23,Fiber optic,Two year,Electronic check,No,Yes,No,Yes,Yes,Yes,No,0,5,0,60.4,106.8,No
CUST-11555,Female,0,27,60,86.2,5187.01,Fiber optic,Month-to-month,Electronic check,No,No,Yes,No,Yes,No,No,0,3,4,195.3,443.6,No
CUST-11556,Male,0,64,57,92.64,5287.23,Fiber optic,Two year,Electronic check,No,No,Yes,No,Yes,Yes,No,0,3,2,142.4,314.8,No
CUST-11557,Female,0,57,70,107.55,7519.53,Fiber optic,One year,Electronic check,No,Yes,Yes,Yes,Yes,No,No,1,3,2,63.5,152.6,Yes
CUST-11558,Male,0,35,52,100.74,5259.77,Fiber optic,One year,Mailed check,No,Yes,No,Yes,Yes,Yes,No,0,4,0,110.8,228.2,No
CUST-11559,Male,0,20,56,93.44,5236.61,Fiber optic,Month-to-month,Mailed check,Yes,No,Yes,No,Yes,No,No,1,3,2,127.7,132.2,No
CUST-11560,Male,0,56,63,96.68,6114.22,Fiber optic,Month-to-month,Mailed check,Yes,No,No,Yes,No,No phone service,No,0,4,2,130.8,185.9,Yes
CUST-11561,Male,0,27,68,91.7,6220.85,Fiber optic,One year,Electronic check,No,Yes,No,No,Yes,Yes,No,0,4,0,302.4,628.9,No
CUST-11562,Female,1,68,20,77.77,1564.66,DSL,Two year,Mailed check,No,Yes,No,Yes,Yes,Yes,No,0,4,0,129.9,133.7,No
CUST-11563,Female,0,63,54,89.86,4878.55,Fiber optic,One year,Electronic check,Yes,No,No,No,Yes,Yes,Yes,0,3,3,62.6,122.1,No
CUST-11564,Female,1,74,1,100.59,100.59,Fiber optic,Month-to-month,Electronic check,No,No,Yes,Yes,Yes,Yes,No,0,4,2,52.3,71.0,Yes
CUST-11565,Male,1,70,10,78.48,811.88,Fiber optic,Month-to-month,Mailed check,No,No,No,No,Yes,Yes,No,0,4,0,60.4,72.5,No
CUST-11566,Male,0,50,23,77.55,1777.2,Fiber optic,One year,Electronic check,No,No,Yes,No,No,No phone service,No,0,5,1,75.7,130.7,No
CUST-11567,Male,0,53,51,93.16,4747.42,Fiber optic,One year,Credit card (automatic),No,No,Yes,Yes,Yes,No,No,0,5,2,71.0,67.7,No
CUST-11568,Female,0,43,24,74.12,1797.27,Fiber optic,Month-to-month,Electronic check,No,No,No,No,Yes,Yes,No,1,2,1,86.2,170.6,Yes
CUST-11569,Male,0,44,13,79.29,1016.42,DSL,Month-to-month,Bank transfer (automatic),No,No,Yes,Yes,Yes,Yes,No,0,3,3,30.1,44.9,Yes
CUST-11570,Female,0,55,29,82.92,2417.03,DSL,Month-to-month,Mailed check,Yes,No,Yes,Yes,Yes,No,No,0,4,2,76.6,139.1,No
CUST-11571,Female,0,39,58,18.25,1046.4,No,One year,Mailed check,No internet service,No internet service,No internet service,No internet service,Yes,No,No,0,4,0,79.2,75.1,No
CUST-11572,Female,1,66,43,72.46,3121.41,DSL,One year,Bank transfer (automatic),No,Yes,Yes,No,Yes,Yes,Yes,0,4,3,156.4,241.7,No
CUST-11573,Female,0,39,10,48.57,502.26,DSL,Two year,Electronic check,No,No,No,No,Yes,No,No,0,5,1,67.0,143.0,No
CUST-11574,Female,0,22,31,80.86,2478.23,Fiber optic,One year,Electronic check,Yes,No,No,No,Yes,No,Yes,0,4,3,164.0,329.1,No
CUST-11575,Female,0,52,14,77.88,1065.63,DSL,Month-to-month,Electronic check,No,No,Yes,Yes,Yes,Yes,No,0,3,3,116.5,199.8,Yes
CUST-11576,Male,1,70,34,102.63,3515.48,Fiber optic,One year,Mailed check,Yes,Yes,No,Yes,Yes,No,No,0,4,1,107.9,121.6,No
CUST-11577,Male,0,52,17,74.18,1280.01,DSL,Two year,Mailed check,No,No,Yes,Yes,Yes,Yes,Yes,1,1,1,96.4,173.8,Yes
CUST-11578,Female,1,76,21,79.43,1690.65,Fiber optic,Two year,Bank transfer (automatic),No,No,Yes,No,No,No phone service,Yes,0,3,2,28.1,54.8,Yes
CUST-11579,Female,0,35,67,91.5,6126.84,DSL,Two year,Electronic check,Yes,No,Yes,Yes,Yes,Yes,Yes,1,2,2,176.8,309.6,No
CUST-11580,Male,0,60,58,22.23,1302.32,No,Month-to-month,Credit card (automatic),No internet service,No internet service,No internet service,No internet service,Yes,No,Yes,0,3,0,92.5,192.8,No
CUST-11581,Female,0,29,8,23.9,221.1,No,One year,Electronic check,No internet service,No internet service,No internet service,No internet service,Yes,Yes,No,0,4,1,174.4,250.9,No
CUST-11582,Female,0,20,38,75.23,2854.69,Fiber optic,Two year,Electronic check,No,No,No,No,Yes,Yes,No,0,3,2,125.8,185.1,No
CUST-11583,Male,0,35,26,105.27,2757.83,Fiber optic,One year,Credit card (automatic),Yes,No,Yes,Yes,Yes,No,Yes,0,4,1,85.7,205.8,No
CUST-11584,Female,0,55,64,18.25,1142.76,No,Month-to-month,Electronic check,No internet service,No internet service,No internet service,No internet service,Yes,No,Yes,0,4,3,74.1,173.9,No
CUST-11585,Female,0,24,30,64.52,1938.23,DSL,Two year,Credit card (automatic),No,Yes,Yes,No,Yes,No,No,1,3,0,92.9,103.0,No
CUST-11586,Female,0,50,9,64.02,566.17,DSL,Month-to-month,Electronic check,Yes,No,No,Yes,Yes,No,Yes,0,3,2,145.3,176.9,No
CUST-11587,Male,0,23,32,63.86,2044.91,DSL,Month-to-month,Electronic check,Yes,No,Yes,No,Yes,No,No,1,3,1,175.2,309.2,Yes
CUST-11588,Male,1,80,11,70.13,748.27,DSL,Month-to-month,Electronic check,No,No,Yes,Yes,Yes,No,Yes,0,3,1,108.6,189.9,Yes
CUST-11589,Male,0,62,34,32.06,1082.1,No,One year,Mailed check,No internet service,No internet service,No internet service,No internet service,Yes,Yes,No,0,4,1,215.6,201.3,No
CUST-11590,Female,0,39,18,73.61,1299.57,DSL,Month-to-month,Mailed check,Yes,No,Yes,No,Yes,Yes,No,1,3,1,131.7,310.0,Yes
CUST-11591,Female,0,56,19,71.22,1350.37,DSL,Month-to-month,Electronic check,Yes,No,Yes,No,Yes,Yes,Yes,0,4,0,164.7,348.5,Yes
CUST-11592,Male,0,26,54,71.24,3843.47,DSL,One year,Electronic check,Yes,No,No,Yes,Yes,Yes,Yes,0,3,3,68.7,148.0,No
CUST-11593,Female,0,52,37,32.34,1186.36,No,One year,Electronic check,No internet service,No internet service,No internet service,No internet service,Yes,Yes,No,0,4,1,98.4,194.4,No
CUST-11594,Female,0,40,12,67.29,834.38,DSL,One year,Electronic check,No,Yes,No,Yes,Yes,No,No,0,4,2,67.0,72.6,Yes
CUST-11595,Female,0,29,4,64.66,233.62,DSL,Month-to-month,Credit card (automatic),No,No,No,Yes,Yes,Yes,No,0,5,0,61.6,87.4,No
CUST-11596,Female,0,41,43,31.91,1391.62,No,One year,Mailed check,No internet service,No internet service,No internet service,No internet service,Yes,Yes,Yes,0,3,1,151.5,205.3,No
CUST-11597,Female,0,57,27,57.07,1532.19,DSL,Month-to-month,Bank transfer (automatic),No,No,No,Yes,Yes,No,No,0,3,3,107.9,267.6,Yes
CUST-11598,Male,0,26,51,81.81,4154.27,Fiber optic,Month-to-month,Electronic check,No,No,Yes,No,Yes,No,No,0,4,2,350.0,347.3,Yes
CUST-11599,Female,0,30,5,71.27,342.7,DSL,Month-to-month,Electronic check,Yes,No,No,Yes,Yes,No,No,0,3,1,93.8,163.5,Yes
CUST-11600,Male,0,57,6,44.74,292.55,DSL,Two year,Mailed check,No,No,No,No,Yes,No,Yes,0,3,0,186.6,394.2,No
CUST-11601,Female,0,59,56,80.91,4550.45,Fiber optic,Month-to-month,Credit card (automatic),No,No,Yes,No,Yes,No,No,0,4,1,79.4,118.5,No
CUST-11602,Male,0,34,68,57.82,3902.71,DSL,Month-to-month,Credit card (automatic),No,No,Yes,No,Yes,No,No,0,4,0,175.7,297.9,No
CUST-11603,Female,0,24,44,81.77,3576.72,DSL,Month-to-month,Mailed check,Yes,Yes,Yes,No,No,No phone service,No,0,3,1,153.6,166.2,No
CUST-11604,Male,1,75,15,61.64,935.1,DSL,Month-to-month,Electronic check,No,No,No,Yes,Yes,No,No,0,4,1,63.2,72.9,Yes
CUST-11605,Female,0,41,42,69.76,2918.96,DSL,Two year,Electronic check,Yes,No,Yes,No,Yes,No,Yes,1,3,0,146.4,290.2,No
CUST-11606,Male,0,19,11,54.99,630.04,DSL,Two year,Bank transfer (automatic),Yes,No,No,No,No,No phone service,Yes,0,4,0,203.9,414.1,No
CUST-11607,Female,0,52,11,23.81,279.1,No,Month-to-month,Electronic check,No internet service,No internet service,No internet service,No internet service,Yes,No,Yes,0,3,3,78.1,136.6,Yes
CUST-11608,Male,0,45,66,79.19,5249.04,Fiber optic,Month-to-month,Credit card (automatic),No,Yes,No,No,Yes,No,Yes,0,3,0,89.8,210.1,No
CUST-11609,Female,0,36,27,105.4,2827.37,Fiber optic,Month-to-month,Bank transfer (automatic),No,Yes,Yes,Yes,Yes,No,Yes,0,4,0,137.1,196.5,Yes
CUST-11610,Male,0,50,58,106.79,6172.86,Fiber optic,One year,Credit card (automatic),Yes,Yes,Yes,No,Yes,Yes,Yes,0,4,0,131.1,266.6,No
CUST-11611,Male,0,38,72,58.61,4245.84,DSL,Month-to-month,Mailed check,No,No,No,Yes,Yes,No,Yes,1,2,1,125.1,254.3,Yes
CUST-11612,Female,0,27,21,87.76,1837.21,Fiber optic,Month-to-month,Bank transfer (automatic),Yes,Yes,No,No,Yes,No,Yes,0,3,0,183.2,290.8,No
CUST-11613,Female,0,63,21,96.72,2026.06,Fiber optic,Month-to-month,Electronic check,No,No,Yes,Yes,Yes,No,No,0,4,1,111.0,245.1,Yes
CUST-11614,Male,0,62,72,76.14,5493.15,DSL,Month-to-month,Mailed check,No,No,Yes,Yes,Yes,Yes,Yes,1,3,0,66.1,111.9,No
CUST-11615,Female,0,26,1,86.98,86.98,Fiber optic,Month-to-month,Electronic check,No,Yes,No,No,Yes,Yes,Yes,1,3,1,91.4,170.4,Yes
CUST-11616,Male,0,55,58,67.47,3935.77,DSL,Month-to-month,Bank transfer (automatic),No,No,No,Yes,Yes,Yes,No,0,4,0,97.4,85.2,No
CUST-11617,Male,0,23,13,44.25,602.79,DSL,Month-to-month,Mailed check,No,No,No,No,Yes,No,Yes,0,3,2,101.1,199.5,No
CUST-11618,Male,0,59,6,59.14,344.79,DSL,Month-to-month,Bank transfer (automatic),No,No,Yes,No,Yes,No,Yes,0,2,3,108.8,207.5,Yes
CUST-11619,Female,0,52,58,113.55,6568.38,Fiber optic,Two year,Bank transfer (automatic),Yes,Yes,No,Yes,Yes,Yes,Yes,0,2,1,51.0,119.4,Yes
CUST-11620,Male,0,35,17,41.37,677.81,DSL,Month-to-month,Bank transfer (automatic),No,No,No,No,Yes,No,No,1,3,2,12.5,13.0,Yes
CUST-11621,Male,0,36,12,77.79,916.34,Fiber optic,Month-to-month,Electronic check,No,No,No,No,Yes,Yes,No,1,2,1,115.9,130.2,Yes
CUST-11622,Female,0,22,52,32.45,1665.77,No,Two year,Credit card (automatic),No internet service,No internet service,No internet service,No internet service,Yes,Yes,Yes,0,4,1,44.6,72.2,No
CUST-11623,Female,0,42,70,23.12,1590.15,No,Two year,Electronic check,No internet service,No internet service,No internet service,No internet service,Yes,No,No,0,4,3,57.2,79.5,No
CUST-11624,Female,0,28,52,86.74,4483.28,Fiber optic,Month-to-month,Credit card (automatic),No,No,Yes,No,Yes,No,No,0,4,3,163.2,169.4,No
CUST-11625,Female,0,27,37,105.6,3907.76,Fiber optic,One year,Mailed check,Yes,Yes,No,Yes,Yes,No,No,0,4,1,42.3,44.8,No
CUST-11626,Male,0,34,3,76.1,240.77,Fiber optic,Month-to-month,Credit card (automatic),No,No,No,No,Yes,Yes,No,0,4,4,39.5,79.6,Yes
CUST-11627,Male,0,53,8,100.79,835.32,Fiber optic,One year,Mailed check,Yes,No,Yes,Yes,Yes,No,No,0,3,3,210.7,436.7,No
CUST-11628,Male,0,43,10,64.11,620.44,DSL,Two year,Bank transfer (automatic),No,Yes,No,Yes,Yes,No,Yes,0,3,1,92.5,214.2,No
CUST-11629,Male,0,48,47,94.17,4437.88,DSL,Month-to-month,Mailed check,Yes,Yes,Yes,Yes,Yes,Yes,No,0,4,2,180.4,239.5,No
CUST-11630,Female,0,49,41,75.76,3109.4,Fiber optic,Month-to-month,Bank transfer (automatic),Yes,No,No,No,Yes,No,No,0,4,1,146.7,230.5,No
CUST-11631,Male,0,38,64,61.07,3907.17,DSL,Month-to-month,Electronic check,No,No,No,Yes,Yes,No,No,1,1,1,38.1,39.5,Yes
CUST-11632,Male,0,35,42,20.03,854.57,No,One year,Bank transfer (automatic),No internet service,No internet service,No internet service,No internet service,No,No phone service,No,0,4,1,123.3,124.6,No
CUST-11633,Female,0,35,43,71.01,3037.75,DSL,One year,Electronic check,No,Yes,Yes,No,Yes,Yes,Yes,0,3,0,54.9,45.0,No
CUST-11634,Male,0,18,9,94.63,840.35,Fiber optic,One year,Bank transfer (automatic),No,Yes,Yes,No,Yes,No,Yes,1,2,0,89.8,97.7,Yes
CUST-11635,Male,1,77,14,51.26,710.72,DSL,Month-to-month,Electronic check,No,No,No,No,Yes,Yes,No,0,2,7,121.3,154.7,Yes
CUST-11636,Male,0,25,4,50.71,183.78,DSL,Month-to-month,Electronic check,No,Yes,No,No,Yes,No,No,0,3,1,125.1,220.3,Yes
CUST-11637,Male,1,79,2,18.25,35.22,No,One year,Credit card (automatic),No internet service,No internet service,No internet service,No internet service,Yes,No,No,0,4,2,63.8,118.4,No
CUST-11638,Male,0,32,1,91.58,91.58,Fiber optic,Month-to-month,Credit card (automatic),No,No,Yes,No,Yes,Yes,No,0,4,3,27.3,47.3,Yes
CUST-11639,Male,0,51,65,84.94,5510.19,Fiber optic,Month-to-month,Bank transfer (automatic),No,No,Yes,No,Yes,No,Yes,0,3,4,102.7,87.8,Yes
CUST-11640,Female,0,53,46,52.54,2393.63,DSL,Month-to-month,Credit card (automatic),Yes,No,No,No,Yes,No,No,0,5,1,184.3,310.6,No
CUST-11641,Female,0,18,59,57.77,3380.58,DSL,One year,Electronic check,No,No,Yes,No,Yes,No,No,0,4,0,191.9,300.7,No
CUST-11642,Male,0,38,7,50.01,341.38,DSL,One year,Electronic check,Yes,No,No,No,No,No phone service,No,0,4,1,156.6,330.7,No
CUST-11643,Male,0,59,66,99.78,6592.53,Fiber optic,Two year,Electronic check,No,No,Yes,Yes,Yes,Yes,No,0,3,1,43.6,102.2,No
CUST-11644,Female,0,18,15,63.82,936.41,DSL,Month-to-month,Electronic check,Yes,No,No,Yes,Yes,No,No,0,4,2,162.8,313.9,Yes
CUST-11645,Male,1,69,72,65.77,4765.05,Fiber optic,Two year,Electronic check,No,No,No,No,Yes,No,Yes,1,2,1,27.6,55.5,No
CUST-11646,Male,1,75,47,89.84,4208.94,Fiber optic,One year,Bank transfer (automatic),No,No,No,Yes,Yes,Yes,Yes,1,3,0,118.2,172.6,No
CUST-11647,Male,0,64,40,76.31,3023.76,DSL,Month-to-month,Electronic check,Yes,No,Yes,No,Yes,Yes,Yes,1,2,2,48.2,87.0,No
CUST-11648,Female,0,53,42,75.46,3141.0,Fiber optic,Month-to-month,Electronic check,Yes,No,No,No,Yes,No,No,0,3,3,51.0,88.2,No
CUST-11649,Male,0,56,51,78.38,4007.37,Fiber optic,Month-to-month,Bank transfer (automatic),No,No,Yes,No,No,No phone service,No,0,4,0,58.2,142.8,No
CUST-11650,Female,0,47,35,59.32,2086.39,DSL,Two year,Electronic check,Yes,No,No,No,Yes,No,Yes,0,3,1,38.8,79.3,No
CUST-11651,Male,0,24,41,72.23,2985.59,DSL,Month-to-month,Mailed check,Yes,No,Yes,No,Yes,Yes,No,1,3,4,130.1,165.3,Yes
CUST-11652,Female,0,39,57,84.6,4797.65,Fiber optic,Month-to-month,Electronic check,No,No,No,Yes,Yes,No,Yes,0,3,1,272.1,628.1,No
CUST-11653,Female,0,62,38,55.48,2100.82,DSL,Month-to-month,Credit card (automatic),No,No,No,No,Yes,Yes,Yes,0,4,0,150.8,258.1,No
CUST-11654,Male,0,27,72,90.22,6519.2,Fiber optic,Two year,Electronic check,Yes,No,Yes,No,Yes,No,No,0,4,0,170.8,182.7,No
CUST-11655,Female,1,71,8,91.04,746.18,Fiber optic,Month-to-month,Credit card (automatic),No,No,Yes,Yes,Yes,No,No,0,4,1,56.6,125.5,No
CUST-11656,Male,0,44,63,42.44,2657.73,DSL,Month-to-month,Mailed check,No,No,No,No,Yes,No,No,0,4,1,52.3,88.7,No
CUST-11657,Female,1,79,4,90.66,386.04,Fiber optic,Month-to-month,Electronic check,No,No,Yes,No,Yes,Yes,No,0,4,1,233.6,218.3,Yes
CUST-11658,Male,0,31,48,18.81,913.73,No,Month-to-month,Electronic check,No internet service,No internet service,No internet service,No internet service,Yes,No,No,1,4,1,129.3,189.4,No
CUST-11659,Male,0,63,52,91.96,4767.78,Fiber optic,Month-to-month,Bank transfer (automatic),Yes,No,Yes,No,Yes,No,No,0,5,2,166.8,271.7,No
CUST-11660,Female,0,28,38,48.12,1801.25,DSL,Month-to-month,Credit card (automatic),No,No,No,No,Yes,No,No,0,4,3,42.0,53.4,No
CUST-11661,Male,0,23,5,20.02,99.95,No,Two year,Electronic check,No internet service,No internet service,No internet service,No internet service,Yes,No,No,0,3,1,141.1,183.3,No
CUST-11662,Male,0,38,70,24.95,1759.28,No,Two year,Electronic check,No internet service,No internet service,No internet service,No internet service,No,No phone service,No,0,3,2,186.3,190.3,No
CUST-11663,Female,0,50,24,103.66,2473.96,Fiber optic,One year,Mailed check,No,No,Yes,Yes,Yes,Yes,No,0,3,4,36.7,73.7,Yes
CUST-11664,Male,0,36,17,18.25,290.37,No,Month-to-month,Mailed check,No internet service,No internet service,No internet service,No internet service,Yes,No,No,0,3,3,29.1,25.9,Yes
CUST-11665,Male,0,56,26,28.0,702.52,No,One year,Credit card (automatic),No internet service,No internet service,No internet service,No internet service,Yes,Yes,Yes,0,4,1,61.8,79.1,No
CUST-11666,Female,0,41,3,95.13,305.91,Fiber optic,Month-to-month,Mailed check,Yes,No,Yes,No,Yes,No,Yes,0,4,1,263.5,305.5,No
CUST-11667,Female,0,35,2,64.18,101.64,DSL,Month-to-month,Electronic check,No,Yes,No,Yes,No,No phone service,No,1,3,0,174.3,272.4,Yes
CUST-11668,Male,0,52,2,102.29,211.14,Fiber optic,Two year,Credit card (automatic),Yes,No,No,Yes,Yes,Yes,No,0,4,0,37.5,80.1,No
CUST-11669,Male,0,60,22,70.33,1563.05,DSL,Two year,Mailed check,Yes,No,No,Yes,Yes,Yes,No,1,3,2,60.2,78.7,No
CUST-11670,Female,0,54,71,79.43,5656.36,DSL,One year,Bank transfer (automatic),Yes,No,No,Yes,Yes,Yes,No,1,3,1,73.7,168.3,No
CUST-11671,Female,0,36,4,93.63,383.74,Fiber optic,Two year,Bank transfer (automatic),Yes,No,No,Yes,Yes,No,No,0,3,3,127.5,289.9,No
CUST-11672,Male,1,73,38,61.63,2351.11,DSL,Two year,Electronic check,No,No,Yes,No,Yes,Yes,No,0,4,1,175.6,262.2,No
CUST-11673,Female,0,51,70,85.74,6000.25,Fiber optic,One year,Electronic check,No,No,No,Yes,No,No phone service,No,0,4,2,148.2,327.5,No
CUST-11674,Male,0,39,52,18.25,944.0,No,One year,Electronic check,No internet service,No internet service,No internet service,No internet service,Yes,No,Yes,1,3,0,74.4,97.4,Yes
CUST-11675,Male,0,21,31,81.06,2491.1,Fiber optic,One year,Credit card (automatic),No,No,No,Yes,Yes,No,No,0,3,2,54.8,67.9,No
CUST-11676,Male,0,27,26,65.37,1701.74,DSL,Month-to-month,Credit card (automatic),No,Yes,No,No,Yes,Yes,No,0,4,0,181.1,412.5,Yes
CUST-11677,Male,0,19,36,106.37,3803.58,Fiber optic,Month-to-month,Electronic check,No,No,Yes,Yes,Yes,Yes,No,0,2,4,34.0,66.2,Yes
CUST-11678,Male,0,25,26,90.49,2350.83,Fiber optic,One year,Bank transfer (automatic),No,Yes,Yes,No,Yes,No,Yes,0,3,1,79.9,97.1,No
CUST-11679,Female,0,50,28,80.31,2262.53,DSL,Month-to-month,Bank transfer (automatic),No,No,Yes,Yes,Yes,Yes,Yes,0,3,3,33.9,28.6,Yes
CUST-11680,Female,0,55,5,74.97,371.42,Fiber optic,Month-to-month,Electronic check,No,No,No,No,Yes,Yes,No,0,4,0,66.4,137.7,No
CUST-11681,Female,0,60,18,82.35,1482.8,DSL,Month-to-month,Mailed check,Yes,No,Yes,Yes,Yes,Yes,Yes,0,3,1,161.3,214.5,No
CUST-11682,Female,0,45,15,23.29,369.88,No,Month-to-month,Bank transfer (automatic),No internet service,No internet service,No internet service,No internet service,Yes,Yes,No,0,4,2,86.0,83.1,No
CUST-11683,Male,0,27,57,91.58,5228.85,Fiber optic,Two year,Electronic check,No,No,Yes,No,Yes,Yes,No,0,3,1,44.6,57.5,No
CUST-11684,Male,1,69,5,18.25,68.91,No,One year,Credit card (automatic),No internet service,No internet service,No internet service,No internet service,Yes,No,Yes,1,2,1,173.4,266.5,No
CUST-11685,Male,0,18,37,87.5,3240.08,Fiber optic,Month-to-month,Bank transfer (automatic),No,Yes,Yes,No,Yes,No,No,1,3,1,104.3,122.1,Yes
CUST-11686,Male,0,51,22,86.77,1900.81,Fiber optic,Two year,Electronic check,No,No,Yes,No,Yes,No,No,1,3,0,112.6,101.6,Yes
CUST-11687,Female,0,20,52,85.42,4424.25,Fiber optic,Two year,Credit card (automatic),No,Yes,No,No,Yes,Yes,No,0,2,2,132.9,181.6,No
CUST-11688,Male,0,26,15,19.63,303.33,No,Month-to-month,Electronic check,No internet service,No internet service,No internet service,No internet service,Yes,No,No,1,2,5,84.5,139.6,Yes
CUST-11689,Male,1,79,17,101.13,1712.4,Fiber optic,Two year,Credit card (automatic),No,Yes,No,Yes,Yes,Yes,No,0,3,3,65.3,140.5,No
CUST-11690,Female,0,59,51,18.25,946.79,No,Month-to-month,Electronic check,No internet service,No internet service,No internet service,No internet service,Yes,No,No,0,3,2,38.8,82.6,Yes
CUST-11691,Female,1,73,45,18.57,840.84,No,Month-to-month,Bank transfer (automatic),No internet service,No internet service,No internet service,No internet service,Yes,No,No,0,3,3,134.4,144.2,No
CUST-11692,Female,0,29,63,101.48,6369.5,Fiber optic,Month-to-month,Bank transfer (automatic),Yes,No,No,Yes,Yes,Yes,No,1,3,1,111.9,178.8,No
CUST-11693,Female,0,35,28,68.4,1906.22,DSL,One year,Electronic check,Yes,No,No,Yes,No,No phone service,Yes,0,4,0,60.3,137.0,No
CUST-11694,Male,0,38,59,78.42,4612.97,DSL,Month-to-month,Mailed check,No,Yes,Yes,No,Yes,Yes,No,0,5,1,33.5,29.7,No
CUST-11695,Male,0,38,21,89.37,1855.77,Fiber optic,One year,Mailed check,Yes,Yes,No,No,No,No phone service,No,0,4,0,160.9,261.4,No
CUST-11696,Female,1,80,42,105.9,4465.81,Fiber optic,One year,Bank transfer (automatic),No,No,Yes,Yes,Yes,Yes,No,0,4,1,87.2,144.2,No
CUST-11697,Male,0,20,69,111.82,7708.29,Fiber optic,Month-to-month,Electronic check,Yes,Yes,Yes,No,Yes,Yes,No,1,3,1,235.5,520.5,No
CUST-11698,Male,0,22,17,77.62,1326.34,DSL,Month-to-month,Credit card (automatic),Yes,Yes,No,Yes,Yes,No,No,1,3,2,139.4,229.3,No
CUST-11699,Male,0,42,68,81.17,5542.48,DSL,Month-to-month,Bank transfer (automatic),Yes,Yes,No,Yes,Yes,Yes,Yes,1,2,1,73.7,71.6,No
CUST-11700,Female,0,25,7,70.75,497.83,Fiber optic,Month-to-month,Electronic check,No,No,No,No,No,No phone service,No,0,4,2,75.1,148.2,Yes
CUST-11701,Male,0,34,40,70.95,2823.48,Fiber optic,One year,Bank transfer (automatic),No,No,No,No,Yes,No,Yes,0,4,0,62.0,109.5,No
CUST-11702,Female,0,26,40,30.59,1241.04,No,One year,Mailed check,No internet service,No internet service,No internet service,No internet service,Yes,Yes,No,0,3,5,85.1,135.6,No
CUST-11703,Male,0,49,43,84.19,3616.32,Fiber optic,One year,Credit card (automatic),No,No,No,Yes,Yes,No,No,0,3,2,78.8,101.5,No
CUST-11704,Male,0,23,51,77.3,3946.13,DSL,Month-to-month,Electronic check,No,No,Yes,Yes,Yes,Yes,No,0,4,1,203.2,189.0,No
CUST-11705,Male,1,67,23,100.93,2345.51,Fiber optic,One year,Electronic check,Yes,No,No,Yes,Yes,Yes,No,0,4,1,138.5,327.0,No
CUST-11706,Female,0,38,32,22.72,726.4,No,Two year,Electronic check,No internet service,No internet service,No internet service,No internet service,Yes,No,No,0,4,2,199.1,444.2,No
CUST-11707,Male,0,24,31,18.51,563.89,No,Two year,Credit card (automatic),No internet service,No internet service,No internet service,No internet service,Yes,No,No,1,1,1,229.3,549.8,No
CUST-11708,Female,0,24,17,90.35,1549.59,Fiber optic,Two year,Mailed check,No,No,Yes,Yes,Yes,No,No,1,2,1,74.4,178.5,Yes
CUST-11709,Female,0,64,58,85.74,4950.93,Fiber optic,One year,Electronic check,No,No,No,Yes,Yes,No,No,0,4,1,33.2,36.4,No
CUST-11710,Female,0,56,35,49.65,1762.57,DSL,Month-to-month,Mailed check,No,No,No,No,Yes,No,No,0,4,2,39.2,52.8,No
CUST-11711,Male,0,44,30,113.29,3423.63,Fiber optic,One year,Electronic check,Yes,Yes,Yes,Yes,Yes,No,No,0,4,2,165.1,266.1,No
CUST-11712,Male,0,25,64,106.9,6846.36,Fiber optic,Two year,Electronic check,No,No,Yes,Yes,Yes,Yes,No,0,3,2,70.1,104.5,No
CUST-11713,Male,1,65,53,75.23,3966.45,DSL,Month-to-month,Bank transfer (automatic),No,No,Yes,Yes,Yes,Yes,Yes,1,3,0,34.3,83.7,Yes
CUST-11714,Male,0,45,51,75.67,3856.3,Fiber optic,Month-to-month,Electronic check,No,Yes,No,No,Yes,No,Yes,0,3,2,72.8,94.7,No
CUST-11715,Female,0,32,37,70.72,2612.04,Fiber optic,Month-to-month,Mailed check,No,No,No,No,Yes,No,No,0,5,2,81.5,82.0,Yes
CUST-11716,Female,0,19,6,60.68,351.98,DSL,One year,Mailed check,No,No,No,Yes,Yes,No,No,0,4,2,23.0,36.6,No
CUST-11717,Female,0,24,34,86.17,2910.29,DSL,Month-to-month,Mailed check,Yes,Yes,Yes,No,Yes,Yes,No,1,2,3,37.0,61.6,Yes
CUST-11718,Male,0,64,56,87.09,4862.86,Fiber optic,Month-to-month,Electronic check,Yes,No,Yes,No,Yes,No,No,0,3,0,87.4,130.7,No
CUST-11719,Female,1,77,25,40.12,1006.33,DSL,Two year,Bank transfer (automatic),No,No,No,No,Yes,No,No,1,2,4,67.8,145.1,Yes
CUST-11720,Male,1,76,13,57.24,755.26,DSL,One year,Electronic check,No,Yes,No,No,No,No phone service,Yes,0,4,3,100.5,164.8,Yes
CUST-11721,Female,1,71,63,48.45,3081.13,DSL,Month-to-month,Mailed check,No,No,No,No,Yes,No,No,0,3,3,142.8,188.5,Yes
CUST-11722,Male,1,66,66,99.53,6551.93,Fiber optic,Month-to-month,Electronic check,No,No,Yes,Yes,Yes,Yes,No,0,4,3,75.8,123.3,Yes
CUST-11723,Male,0,24,5,81.7,390.74,Fiber optic,Month-to-month,Mailed check,No,No,Yes,No,Yes,No,Yes,1,2,2,104.1,242.5,Yes
CUST-11724,Female,0,20,11,24.61,247.73,No,Month-to-month,Mailed check,No internet service,No internet service,No internet service,No internet service,Yes,No,No,0,3,1,219.1,496.2,No
CUST-11725,Female,0,31,44,19.61,889.18,No,Month-to-month,Bank transfer (automatic),No internet service,No internet service,No internet service,No internet service,Yes,No,No,0,4,1,75.5,144.5,No
CUST-11726,Female,0,61,69,53.36,3674.75,DSL,Month-to-month,Bank transfer (automatic),No,No,No,Yes,Yes,No,No,0,3,3,59.4,113.2,No
CUST-11727,Female,0,63,2,74.12,173.68,Fiber optic,One year,Mailed check,No,No,No,No,Yes,No,No,0,4,1,35.9,65.5,No
CUST-11728,Male,0,53,40,86.95,3501.37,DSL,One year,Electronic check,No,Yes,Yes,Yes,Yes,Yes,No,1,1,4,105.2,125.1,No
CUST-11729,Female,0,30,37,18.44,654.92,No,Month-to-month,Bank transfer (automatic),No internet service,No internet service,No internet service,No internet service,Yes,No,No,0,4,1,56.2,103.8,No
CUST-11730,Female,0,33,49,77.97,3807.32,Fiber optic,Month-to-month,Credit card (automatic),No,No,Yes,No,Yes,No,No,0,3,2,148.2,269.8,No
CUST-11731,Female,0,33,36,99.58,3573.03,Fiber optic,Two year,Electronic check,Yes,No,Yes,No,Yes,Yes,No,0,4,0,46.2,81.6,No
CUST-11732,Male,0,22,70,57.7,4025.64,DSL,Month-to-month,Electronic check,No,Yes,No,No,No,No phone service,Yes,0,4,3,163.3,354.2,No
CUST-11733,Male,0,42,34,30.17,1021.3,No,Month-to-month,Electronic check,No internet service,No internet service,No internet service,No internet service,Yes,Yes,No,0,5,1,185.5,162.7,No
CUST-11734,Female,0,55,58,81.97,4754.22,Fiber optic,One year,Mailed check,No,No,Yes,No,No,No phone service,No,0,3,3,70.3,110.9,No
CUST-11735,Male,0,55,37,67.2,2501.89,DSL,One year,Electronic check,No,No,Yes,No,Yes,Yes,No,0,4,1,84.6,75.4,No
CUST-11736,Female,0,55,60,53.51,3196.66,DSL,Month-to-month,Credit card (automatic),Yes,No,No,No,Yes,No,No,0,3,2,23.6,50.8,No
CUST-11737,Male,0,56,12,81.35,964.12,DSL,One year,Mailed check,No,Yes,Yes,Yes,Yes,No,No,0,4,2,52.7,63.0,No
CUST-11738,Male,0,58,32,72.86,2337.44,DSL,One year,Electronic check,No,No,Yes,Yes,Yes,Yes,Yes,1,2,1,164.3,233.6,Yes
CUST-11739,Male,0,43,4,75.99,284.72,DSL,Two year,Credit card (automatic),No,Yes,Yes,Yes,Yes,No,No,0,3,2,126.2,171.3,No
CUST-11740,Male,0,30,33,105.78,3489.13,Fiber optic,Month-to-month,Electronic check,Yes,Yes,No,Yes,Yes,No,No,1,3,2,65.7,157.2,Yes
CUST-11741,Female,0,61,43,79.94,3422.48,Fiber optic,One year,Electronic check,No,No,No,Yes,Yes,No,No,0,3,4,62.3,85.7,No
CUST-11742,Female,0,43,9,64.06,558.42,DSL,Month-to-month,Electronic check,Yes,No,No,Yes,Yes,No,No,1,3,3,144.8,128.6,Yes
CUST-11743,Female,0,18,51,77.89,3990.13,Fiber optic,One year,Electronic check,No,No,No,Yes,Yes,No,No,0,4,0,209.1,180.6,Yes
CUST-11744,Male,0,25,20,75.93,1531.03,DSL,One year,Bank transfer (automatic),No,No,Yes,Yes,Yes,Yes,Yes,0,4,1,153.1,178.8,No
CUST-11745,Female,0,21,39,62.67,2429.12,DSL,Month-to-month,Electronic check,Yes,No,No,Yes,Yes,No,Yes,0,4,1,102.5,97.6,No
CUST-11746,Female,0,38,23,81.97,1880.22,Fiber optic,Two year,Bank transfer (automatic),No,No,No,Yes,No,No phone service,No,0,4,1,89.4,192.2,No
CUST-11747,Female,0,39,41,71.19,2898.04,DSL,Month-to-month,Bank transfer (automatic),No,Yes,Yes,No,Yes,No,Yes,0,4,2,95.7,186.3,Yes
CUST-11748,Male,0,54,44,69.87,3047.47,DSL,Month-to-month,Electronic check,Yes,No,Yes,No,No,No phone service,No,0,2,1,214.1,453.6,No
CUST-11749,Male,0,20,35,85.41,2994.46,Fiber optic,Month-to-month,Mailed check,No,No,No,Yes,Yes,Yes,No,0,3,3,183.5,312.9,Yes
CUST-11750,Male,0,36,23,53.0,1210.81,DSL,One year,Mailed check,Yes,No,No,No,Yes,No,No,0,4,1,141.4,227.0,No
CUST-11751,Female,0,18,58,24.88,1425.48,No,Month-to-month,Credit card (automatic),No internet service,No internet service,No internet service,No internet service,Yes,Yes,No,0,5,0,75.9,107.4,No
CUST-11752,Female,0,46,48,65.67,3129.04,Fiber optic,Two year,Electronic check,No,No,No,No,Yes,No,No,0,4,4,90.3,197.1,No
CUST-11753,Female,0,40,58,63.09,3670.02,DSL,Two year,Electronic check,Yes,No,No,Yes,Yes,No,Yes,0,3,3,154.9,124.4,No
CUST-11754,Male,0,50,57,108.08,6146.85,Fiber optic,Two year,Credit card (automatic),No,Yes,Yes,Yes,Yes,No,No,1,2,2,107.7,180.5,Yes
CUST-11755,Male,0,58,39,68.1,2680.34,Fiber optic,Month-to-month,Electronic check,No,No,No,No,Yes,No,No,1,3,2,66.4,95.3,Yes
CUST-11756,Female,0,40,28,92.92,2583.33,Fiber optic,One year,Electronic check,No,No,Yes,Yes,Yes,No,No,0,4,1,90.1,95.7,No
CUST-11757,Male,0,22,64,56.86,,DSL,Month-to-month,Bank transfer (automatic),No,No,No,Yes,Yes,No,Yes,0,2,1,50.7,101.9,No
CUST-11758,Male,0,24,62,84.45,5257.0,Fiber optic,Two year,Electronic check,No,No,No,Yes,Yes,No,No,0,3,3,62.1,78.0,No
CUST-11759,Male,0,23,62,96.98,6017.11,Fiber optic,One year,Mailed check,No,No,Yes,Yes,Yes,No,No,0,4,1,47.2,71.3,No
CUST-11760,Male,1,65,26,49.64,1267.14,DSL,Month-to-month,Credit card (automatic),No,No,No,No,Yes,No,Yes,0,3,2,20.1,26.0,No
CUST-11761,Female,0,30,51,89.11,4547.58,Fiber optic,One year,Mailed check,No,Yes,Yes,No,Yes,No,No,0,3,2,103.0,189.1,No
CUST-11762,Male,0,29,50,100.01,4988.99,Fiber optic,Month-to-month,Mailed check,No,No,Yes,Yes,Yes,Yes,No,0,4,3,35.5,29.1,Yes
CUST-11763,Male,0,21,36,80.13,2898.9,Fiber optic,Month-to-month,Electronic check,No,No,Yes,No,Yes,No,No,1,2,2,129.7,248.3,No
CUST-11764,Male,0,25,26,101.45,2612.37,Fiber optic,Month-to-month,Credit card (automatic),No,No,Yes,Yes,Yes,Yes,No,0,5,0,145.5,218.6,Yes
CUST-11765,Male,0,54,33,60.07,2007.38,DSL,Two year,Bank transfer (automatic),No,No,Yes,No,No,No phone service,No,0,5,2,58.3,117.4,No
CUST-11766,Female,0,48,68,91.39,6213.21,Fiber optic,Two year,Electronic check,No,No,Yes,Yes,Yes,No,No,0,4,2,97.1,216.2,No
CUST-11767,Female,0,54,8,118.75,964.06,Fiber optic,One year,Electronic check,Yes,Yes,Yes,Yes,Yes,Yes,No,1,2,3,57.5,96.3,Yes
CUST-11768,Male,1,74,66,18.25,1216.78,No,Two year,Bank transfer (automatic),No internet service,No internet service,No internet service,No internet service,Yes,No,No,0,4,1,110.0,250.5,No
CUST-11769,Male,0,43,23,30.1,673.0,No,Month-to-month,Mailed check,No internet service,No internet service,No internet service,No internet service,Yes,Yes,Yes,0,4,2,47.8,49.1,No
CUST-11770,Male,0,60,70,22.99,1632.11,No,Two year,Mailed check,No internet service,No internet service,No internet service,No internet service,No,No phone service,Yes,1,2,2,74.9,64.3,No
CUST-11771,Male,1,65,55,31.54,1718.66,No,Month-to-month,Mailed check,No internet service,No internet service,No internet service,No internet service,Yes,Yes,Yes,1,2,0,60.4,139.2,Yes
CUST-11772,Male,0,57,43,57.1,2436.73,DSL,One year,Electronic check,No,No,Yes,No,Yes,No,Yes,0,3,0,36.3,36.3,No
CUST-11773,Male,1,74,21,63.29,1330.33,DSL,One year,Electronic check,No,No,No,Yes,Yes,Yes,No,1,2,1,38.6,42.8,Yes
CUST-11774,Female,0,62,22,67.72,1518.91,DSL,Month-to-month,Credit card (automatic),Yes,Yes,No,No,No,No phone service,Yes,0,4,5,104.4,105.0,No
CUST-11775,Male,0,46,9,63.21,557.69,DSL,Month-to-month,Mailed check,No,No,Yes,No,Yes,Yes,No,0,4,1,138.0,150.6,No
CUST-11776,Female,0,22,34,73.48,2526.19,DSL,Month-to-month,Mailed check,No,No,Yes,Yes,Yes,Yes,No,0,4,0,46.7,108.7,No
CUST-11777,Female,0,45,59,83.35,4913.76,Fiber optic,Two year,Electronic check,No,Yes,No,No,Yes,No,No,0,4,1,51.6,115.7,No
CUST-11778,Male,1,75,26,27.11,724.94,No,Month-to-month,Electronic check,No internet service,No internet service,No internet service,No internet service,Yes,Yes,No,0,5,1,153.0,191.5,No
CUST-11779,Female,0,34,1,79.71,81.51,DSL,Month-to-month,Electronic check,Yes,No,Yes,Yes,Yes,No,No,1,4,0,85.2,170.2,No
CUST-11780,Female,0,40,5,24.18,103.22,No,One year,Electronic check,No internet service,No internet service,No internet service,No internet service,Yes,No,No,1,3,0,117.2,250.8,Yes
CUST-11781,Female,0,62,41,98.36,4055.56,Fiber optic,Month-to-month,Mailed check,No,No,Yes,Yes,Yes,Yes,No,0,3,3,143.8,152.9,No
CUST-11782,Female,0,26,63,92.57,5806.23,Fiber optic,Month-to-month,Mailed check,Yes,No,No,Yes,Yes,No,No,1,2,1,169.1,200.9,Yes
CUST-11783,Female,0,19,22,94.59,2091.95,Fiber optic,One year,Electronic check,No,No,Yes,Yes,No,No phone service,No,0,3,0,70.3,113.3,Yes
CUST-11784,Female,0,49,68,70.62,4822.01,DSL,Month-to-month,Credit card (automatic),No,Yes,Yes,No,Yes,No,No,0,4,1,92.6,174.3,No
CUST-11785,Male,0,48,48,80.41,3879.6,Fiber optic,One year,Mailed check,No,No,Yes,No,Yes,No,No,0,4,1,47.8,72.4,No
CUST-11786,Female,0,24,66,97.01,6411.98,Fiber optic,Month-to-month,Bank transfer (automatic),Yes,Yes,No,No,Yes,Yes,No,0,2,1,79.5,169.4,No
CUST-11787,Female,0,47,16,92.19,1460.1,Fiber optic,Month-to-month,Electronic check,Yes,No,No,Yes,Yes,No,Yes,0,3,0,166.3,413.0,Yes
CUST-11788,Female,0,20,53,76.67,4065.41,Fiber optic,One year,Electronic check,No,Yes,No,No,Yes,No,No,1,2,3,243.9,553.7,Yes
CUST-11789,Male,0,26,65,66.71,4343.92,DSL,Month-to-month,Mailed check,Yes,No,No,Yes,Yes,No,No,0,4,3,143.0,321.4,No
CUST-11790,Female,0,27,64,19.36,1262.42,No,Two year,Electronic check,No internet service,No internet service,No internet service,No internet service,Yes,No,No,0,3,1,24.8,28.3,No
CUST-11791,Male,0,63,68,86.97,5893.54,Fiber optic,Two year,Electronic check,No,No,Yes,No,Yes,Yes,No,1,3,2,30.0,70.1,No
CUST-11792,Female,0,64,63,66.33,4176.69,DSL,Month-to-month,Electronic check,No,Yes,No,No,Yes,Yes,No,1,3,0,82.9,206.0,Yes
CUST-11793,Male,0,43,62,111.31,6891.21,Fiber optic,Month-to-month,Electronic check,No,Yes,Yes,Yes,Yes,Yes,No,0,3,1,66.2,116.6,No
CUST-11794,Male,0,18,71,80.06,5679.92,Fiber optic,Month-to-month,Mailed check,No,No,No,Yes,Yes,No,Yes,0,2,5,53.3,111.5,Yes
CUST-11795,Female,0,47,45,63.3,2829.48,DSL,Month-to-month,Bank transfer (automatic),No,Yes,No,Yes,Yes,No,No,0,4,1,102.0,185.5,No
CUST-11796,Female,0,55,52,50.9,2629.85,DSL,Month-to-month,Electronic check,No,Yes,No,No,Yes,No,Yes,0,3,1,156.6,389.4,No
CUST-11797,Male,0,32,65,24.6,1615.19,No,Two year,Electronic check,No internet service,No internet service,No internet service,No internet service,No,No phone service,Yes,1,2,1,94.3,172.4,No
CUST-11798,Female,0,42,2,83.95,166.6,DSL,Month-to-month,Credit card (automatic),No,Yes,Yes,Yes,No,No phone service,No,1,3,1,62.2,99.9,Yes
CUST-11799,Male,0,23,49,31.98,1567.87,No,Month-to-month,Electronic check,No internet service,No internet service,No internet service,No internet service,Yes,Yes,Yes,0,3,3,55.3,58.9,No
CUST-11800,Male,0,35,22,81.59,1818.83,Fiber optic,Month-to-month,Bank transfer (automatic),No,No,No,Yes,Yes,No,No,1,2,1,51.0,114.0,Yes
CUST-11801,Male,1,65,29,81.08,2335.72,Fiber optic,Month-to-month,Credit card (automatic),No,No,No,No,Yes,Yes,No,0,4,2,9.8,11.2,Yes
CUST-11802,Male,0,20,35,95.34,3326.66,Fiber optic,One year,Electronic check,Yes,No,No,Yes,Yes,No,No,1,2,0,190.0,371.0,Yes
CUST-11803,Male,0,34,24,65.0,1548.52,DSL,Month-to-month,Electronic check,No,Yes,No,Yes,Yes,No,No,0,4,1,101.7,123.7,No
CUST-11804,Female,1,66,30,94.86,2855.35,Fiber optic,Month-to-month,Credit card (automatic),No,No,Yes,Yes,No,No phone service,Yes,0,4,1,110.4,219.4,No
CUST-11805,Male,0,57,42,86.57,3639.69,Fiber optic,Month-to-month,Electronic check,No,No,Yes,No,Yes,No,No,0,3,2,152.5,133.9,No
CUST-11806,Male,0,34,71,72.8,5167.09,DSL,Two year,Electronic check,Yes,No,Yes,No,Yes,Yes,No,0,4,0,175.4,192.6,No
CUST-11807,Female,0,42,50,71.63,3591.58,Fiber optic,Month-to-month,Mailed check,No,No,No,No,Yes,No,No,0,4,0,97.1,196.4,No
CUST-11808,Male,0,58,71,91.63,6504.77,Fiber optic,Two year,Electronic check,No,No,Yes,No,Yes,Yes,Yes,1,3,1,136.7,246.7,Yes
CUST-11809,Female,1,77,60,99.53,5990.76,Fiber optic,Month-to-month,Credit card (automatic),No,Yes,No,Yes,Yes,Yes,No,1,2,2,29.4,51.3,Yes
CUST-11810,Female,1,76,30,87.9,2631.61,Fiber optic,Two year,Electronic check,Yes,No,No,No,Yes,Yes,Yes,0,2,6,223.1,214.0,No
CUST-11811,Female,0,42,12,54.56,678.16,DSL,One year,Mailed check,No,Yes,No,No,Yes,No,No,0,3,3,185.3,419.7,No
CUST-11812,Male,0,53,49,87.21,4250.47,DSL,Month-to-month,Mailed check,Yes,No,Yes,Yes,Yes,Yes,No,0,4,1,29.9,56.2,No
CUST-11813,Male,1,74,46,108.49,4966.18,Fiber optic,Two year,Mailed check,Yes,No,Yes,Yes,Yes,Yes,No,0,3,1,65.2,116.2,No
CUST-11814,Male,0,46,43,106.95,4608.19,Fiber optic,One year,Mailed check,No,Yes,Yes,Yes,Yes,No,No,1,2,1,35.0,85.1,Yes
CUST-11815,Female,0,28,2,29.61,52.6,No,Month-to-month,Credit card (automatic),No internet service,No internet service,No internet service,No internet service,Yes,Yes,Yes,0,4,3,206.4,358.6,No
CUST-11816,Male,1,73,54,69.74,3763.3,DSL,Month-to-month,Credit card (automatic),No,No,No,Yes,Yes,Yes,No,1,3,0,135.5,294.4,No
CUST-11817,Female,0,31,35,42.46,1497.86,DSL,One year,Electronic check,No,No,No,No,Yes,No,No,0,3,3,46.5,54.2,No
CUST-11818,Male,0,63,52,61.46,3178.79,DSL,One year,Mailed check,No,No,No,Yes,Yes,Yes,Yes,0,4,0,103.2,140.4,No
CUST-11819,Female,0,55,33,88.43,2890.83,Fiber optic,One year,Electronic check,No,No,Yes,No,Yes,Yes,No,1,2,0,69.2,133.0,Yes
CUST-11820,Male,1,66,72,20.1,1443.53,No,One year,Mailed check,No internet service,No internet service,No internet service,No internet service,Yes,No,No,0,3,0,106.4,199.1,No
CUST-11821,Male,0,19,51,74.05,3800.23,DSL,One year,Electronic check,No,No,Yes,Yes,Yes,Yes,No,0,3,1,227.4,215.3,No
CUST-11822,Male,0,25,26,93.61,2430.9,Fiber optic,One year,Bank transfer (automatic),No,No,Yes,Yes,Yes,No,No,0,4,0,56.5,50.4,Yes
CUST-11823,Female,0,53,62,89.43,5548.98,Fiber optic,One year,Electronic check,No,Yes,No,No,Yes,Yes,No,0,3,1,123.7,143.9,No
CUST-11824,Female,0,27,61,77.56,4713.66,Fiber optic,Month-to-month,Bank transfer (automatic),No,No,No,Yes,Yes,No,No,0,4,1,47.0,80.3,No
CUST-11825,Male,0,24,26,102.58,2664.92,Fiber optic,Two year,Electronic check,Yes,No,No,Yes,Yes,Yes,Yes,0,4,1,64.6,136.6,No
CUST-11826,Male,0,53,37,24.4,901.64,No,Month-to-month,Credit card (automatic),No internet service,No internet service,No internet service,No internet service,Yes,No,Yes,0,4,0,147.2,215.1,Yes
CUST-11827,Female,0,33,30,18.25,531.61,No,Month-to-month,Mailed check,No internet service,No internet service,No internet service,No internet service,Yes,No,No,0,4,0,53.5,65.7,No
CUST-11828,Female,0,31,11,80.76,868.19,Fiber optic,One year,Credit card (automatic),No,No,No,No,Yes,Yes,Yes,0,4,0,174.9,315.6,No
CUST-11829,Female,1,76,53,77.18,4081.56,Fiber optic,Month-to-month,Bank transfer (automatic),No,No,No,No,Yes,Yes,No,1,2,1,23.9,23.1,No
CUST-11830,Male,0,42,41,76.64,3114.57,DSL,Month-to-month,Credit card (automatic),Yes,No,No,Yes,Yes,Yes,No,1,3,1,98.5,107.5,No
CUST-11831,Female,1,77,5,92.43,442.14,Fiber optic,Month-to-month,Bank transfer (automatic),No,No,No,Yes,Yes,Yes,No,0,3,1,15.6,24.5,Yes
CUST-11832,Male,0,21,66,74.95,4960.58,DSL,One year,Bank transfer (automatic),No,No,Yes,Yes,Yes,Yes,No,0,3,0,56.6,138.3,Yes
CUST-11833,Female,0,46,13,69.87,917.26,DSL,Two year,Electronic check,Yes,No,Yes,No,Yes,No,No,0,3,4,93.1,126.1,No
CUST-11834,Male,0,23,63,71.05,4464.92,DSL,One year,Mailed check,Yes,No,No,Yes,Yes,Yes,Yes,0,2,5,112.6,253.0,No
CUST-11835,Female,0,18,25,91.87,2299.82,DSL,Month-to-month,Electronic check,Yes,No,Yes,Yes,Yes,Yes,No,0,2,5,112.1,275.8,Yes
CUST-11836,Female,1,72,44,43.37,1928.04,DSL,Month-to-month,Electronic check,No,No,No,No,Yes,No,No,0,3,0,142.2,312.6,Yes
CUST-11837,Female,0,18,14,18.25,275.85,No,Month-to-month,Bank transfer (automatic),No internet service,No internet service,No internet service,No internet service,Yes,No,Yes,0,4,0,143.7,222.9,Yes
CUST-11838,Female,0,57,69,96.39,6660.17,Fiber optic,Month-to-month,Electronic check,No,Yes,Yes,No,Yes,Yes,No,1,3,0,170.5,371.5,Yes
CUST-11839,Female,0,20,59,23.12,1341.52,No,Month-to-month,Mailed check,No internet service,No internet service,No internet service,No internet service,Yes,No,Yes,1,2,2,137.6,120.6,No
CUST-11840,Male,0,18,56,70.86,3947.93,Fiber optic,Month-to-month,Electronic check,No,No,No,No,Yes,No,No,0,4,1,256.6,582.2,No
CUST-11841,Female,0,18,52,84.52,4382.54,Fiber optic,Month-to-month,Electronic check,No,Yes,No,No,No,No phone service,No,0,4,0,161.7,263.9,No
CUST-11842,Female,0,56,66,91.48,6047.92,Fiber optic,Month-to-month,Electronic check,No,No,No,Yes,Yes,Yes,No,0,3,1,191.1,299.1,Yes
CUST-11843,Female,0,38,68,65.41,4433.36,DSL,One year,Electronic check,No,Yes,Yes,No,No,No phone service,Yes,0,4,1,96.2,196.8,No
CUST-11844,Male,0,62,12,93.36,1118.19,Fiber optic,Two year,Electronic check,No,No,Yes,No,Yes,Yes,Yes,0,4,1,109.2,260.2,No
CUST-11845,Female,0,47,68,25.81,1774.61,No,Two year,Mailed check,No internet service,No internet service,No internet service,No internet service,Yes,Yes,No,0,4,1,120.4,148.4,No
CUST-11846,Male,0,49,43,50.91,2212.64,DSL,One year,Electronic check,No,No,No,No,Yes,Yes,No,1,2,1,159.3,242.2,No
CUST-11847,Female,0,50,6,85.28,531.99,Fiber optic,Month-to-month,Credit card (automatic),No,No,No,Yes,Yes,Yes,No,1,2,1,256.7,489.3,Yes
CUST-11848,Female,0,39,15,72.52,1064.79,DSL,One year,Credit card (automatic),No,Yes,Yes,No,Yes,Yes,No,0,4,1,61.5,112.6,No
CUST-11849,Male,0,47,42,18.25,791.15,No,Month-to-month,Electronic check,No internet service,No internet service,No internet service,No internet service,Yes,No,No,0,4,1,112.6,135.0,No
CUST-11850,Female,0,63,31,64.98,2025.43,DSL,One year,Electronic check,No,Yes,Yes,No,Yes,No,No,0,4,1,116.5,96.7,No
CUST-11851,Male,0,21,53,68.69,3647.7,Fiber optic,One year,Electronic check,No,No,No,No,Yes,No,No,0,5,0,44.1,47.5,No
CUST-11852,Male,0,40,6,20.77,109.47,No,One year,Credit card (automatic),No internet service,No internet service,No internet service,No internet service,Yes,No,Yes,0,3,2,121.5,105.4,No
CUST-11853,Female,1,74,33,54.16,1812.97,DSL,Two year,Bank transfer (automatic),No,No,Yes,No,Yes,No,Yes,0,3,1,12.9,11.6,No
CUST-11854,Male,0,42,29,95.37,2736.77,Fiber optic,One year,Bank transfer (automatic),No,No,Yes,Yes,Yes,No,Yes,1,4,1,42.8,52.1,No
CUST-11855,Female,0,29,21,90.33,1871.86,Fiber optic,One year,Credit card (automatic),No,No,Yes,Yes,Yes,No,No,0,2,3,172.4,350.1,No
CUST-11856,Female,1,80,54,79.31,4261.96,DSL,Month-to-month,Credit card (automatic),Yes,No,No,Yes,Yes,Yes,Yes,0,3,1,24.4,30.2,No
CUST-11857,Male,1,72,56,23.26,1314.21,No,Two year,Credit card (automatic),No internet service,No internet service,No internet service,No internet service,Yes,Yes,Yes,0,5,0,91.4,108.1,No
CUST-11858,Male,0,27,21,96.08,2025.05,Fiber optic,Month-to-month,Bank transfer (automatic),No,Yes,Yes,No,Yes,No,No,1,3,3,24.6,46.3,Yes
CUST-11859,Male,1,80,55,102.47,5662.53,Fiber optic,Two year,Credit card (automatic),No,No,Yes,Yes,Yes,Yes,No,0,5,1,40.1,70.5,No
CUST-11860,Male,0,46,58,30.1,1736.74,No,Month-to-month,Credit card (automatic),No internet service,No internet service,No internet service,No internet service,Yes,Yes,No,0,4,2,111.9,186.2,No
CUST-11861,Female,0,29,64,75.98,4853.58,Fiber optic,Month-to-month,Mailed check,No,No,No,No,Yes,Yes,No,0,3,3,73.7,139.9,Yes
CUST-11862,Female,0,18,46,18.25,849.67,No,Two year,Credit card (automatic),No internet service,No internet service,No internet service,No internet service,Yes,No,No,0,4,1,133.5,187.8,No
CUST-11863,Male,0,18,22,92.47,2014.79,Fiber optic,Month-to-month,Bank transfer (automatic),Yes,No,No,No,Yes,Yes,No,1,3,0,41.9,34.6,Yes
CUST-11864,Female,0,27,60,74.41,4462.44,DSL,Two year,Mailed check,Yes,No,No,Yes,Yes,Yes,No,0,4,1,131.1,200.7,No
CUST-11865,Female,0,35,11,101.81,1090.84,Fiber optic,Month-to-month,Mailed check,No,No,Yes,Yes,Yes,Yes,No,0,4,1,134.9,192.0,No
CUST-11866,Female,0,64,47,24.86,1173.94,No,Two year,Bank transfer (automatic),No internet service,No internet service,No internet service,No internet service,Yes,No,Yes,0,2,3,44.8,94.6,No
CUST-11867,Female,0,19,31,85.36,2663.2,DSL,One year,Mailed check,No,Yes,Yes,Yes,Yes,Yes,No,0,3,2,124.9,119.1,No
CUST-11868,Male,1,72,18,24.0,414.23,No,One year,Credit card (automatic),No internet service,No internet service,No internet service,No internet service,Yes,Yes,No,0,4,1,56.8,120.9,No
CUST-11869,Male,0,39,22,67.87,1481.57,DSL,Month-to-month,Electronic check,Yes,No,No,Yes,Yes,No,No,0,3,1,51.3,103.0,No
CUST-11870,Female,1,73,56,94.55,5272.71,Fiber optic,Month-to-month,Credit card (automatic),No,No,Yes,Yes,Yes,No,No,1,1,3,101.6,139.0,Yes
CUST-11871,Male,1,78,17,96.73,1651.35,Fiber optic,Two year,Electronic check,No,No,Yes,Yes,Yes,No,Yes,1,3,0,82.0,153.1,Yes
CUST-11872,Male,0,43,38,71.55,2722.74,DSL,Month-to-month,Electronic check,Yes,No,Yes,No,Yes,No,No,1,2,3,114.0,193.3,Yes
CUST-11873,Male,0,26,25,73.08,1846.58,DSL,Month-to-month,Credit card (automatic),Yes,No,Yes,No,Yes,Yes,Yes,0,5,1,115.8,134.5,No
CUST-11874,Female,0,38,32,22.22,739.26,No,One year,Electronic check,No internet service,No internet service,No internet service,No internet service,Yes,No,No,1,3,2,140.0,327.2,No
CUST-11875,Female,1,69,15,109.35,1669.27,Fiber optic,Month-to-month,Credit card (automatic),Yes,Yes,Yes,No,Yes,Yes,No,0,4,0,99.2,111.4,Yes
CUST-11876,Female,0,60,13,69.84,884.35,DSL,Month-to-month,Electronic check,Yes,No,Yes,No,Yes,No,No,1,3,0,94.6,97.9,Yes
CUST-11877,Male,0,23,58,24.64,1432.31,No,Month-to-month,Credit card (automatic),No internet service,No internet service,No internet service,No internet service,Yes,Yes,No,0,4,0,141.3,211.5,No
CUST-11878,Female,0,31,50,112.01,5617.88,Fiber optic,Month-to-month,Electronic check,No,Yes,Yes,Yes,Yes,Yes,Yes,0,3,0,69.9,144.2,Yes
CUST-11879,Female,0,50,11,23.77,271.01,No,Two year,Electronic check,No internet service,No internet service,No internet service,No internet service,Yes,Yes,No,1,3,2,100.7,118.5,No
CUST-11880,Male,0,24,13,100.61,1331.75,Fiber optic,Month-to-month,Credit card (automatic),No,Yes,No,Yes,Yes,Yes,No,0,4,1,100.6,228.7,No
CUST-11881,Female,0,41,50,53.69,2681.0,DSL,Two year,Electronic check,No,No,No,Yes,Yes,No,No,0,4,3,102.7,183.0,No
CUST-11882,Female,0,26,38,96.6,3666.43,Fiber optic,Month-to-month,Credit card (automatic),No,Yes,Yes,No,Yes,No,No,0,4,1,249.0,279.7,No
CUST-11883,Male,0,28,1,70.54,70.54,Fiber optic,Month-to-month,Credit card (automatic),No,No,No,No,Yes,No,Yes,1,3,2,83.8,144.4,Yes
CUST-11884,Male,1,79,39,102.29,3960.25,Fiber optic,One year,Electronic check,No,No,Yes,Yes,Yes,Yes,No,0,4,1,9.8,11.7,No
CUST-11885,Male,0,19,27,32.72,895.0,No,Month-to-month,Mailed check,No internet service,No internet service,No internet service,No internet service,Yes,Yes,No,1,3,0,101.4,116.0,No
CUST-11886,Female,1,74,36,19.98,717.57,No,One year,Electronic check,No internet service,No internet service,No internet service,No internet service,Yes,No,No,0,4,0,64.4,68.3,No
CUST-11887,Female,0,52,32,83.77,2690.25,Fiber optic,Two year,Electronic check,No,No,No,Yes,Yes,No,Yes,1,3,2,98.5,177.3,No
CUST-11888,Female,0,53,41,23.47,946.56,No,Month-to-month,Mailed check,No internet service,No internet service,No internet service,No internet service,Yes,Yes,No,0,5,1,177.1,144.7,No
CUST-11889,Male,0,45,15,71.08,1087.99,DSL,One year,Bank transfer (automatic),No,No,Yes,Yes,Yes,No,No,0,4,0,101.4,245.4,Yes
CUST-11890,Male,0,56,31,18.25,589.92,No,Month-to-month,Credit card (automatic),No internet service,No internet service,No internet service,No internet service,Yes,No,Yes,0,4,1,59.8,50.6,No
CUST-11891,Female,1,75,6,92.8,566.54,Fiber optic,Month-to-month,Electronic check,No,No,Yes,No,Yes,Yes,Yes,1,2,1,41.2,98.1,Yes
CUST-11892,Female,0,21,52,103.77,5382.71,Fiber optic,Month-to-month,Electronic check,Yes,No,No,Yes,Yes,Yes,Yes,0,4,1,133.9,182.7,Yes
CUST-11893,Male,1,76,22,53.15,1152.27,DSL,Two year,Bank transfer (automatic),Yes,No,No,No,No,No phone service,No,1,2,1,138.4,244.8,No
CUST-11894,Male,0,23,31,103.78,3224.71,Fiber optic,Month-to-month,Electronic check,Yes,No,No,Yes,Yes,Yes,No,1,2,2,264.8,437.0,Yes
CUST-11895,Male,0,47,46,66.83,3100.63,DSL,Two year,Bank transfer (automatic),Yes,No,Yes,No,Yes,No,Yes,0,4,1,159.3,210.8,Yes
CUST-11896,Male,0,63,67,90.72,6082.93,Fiber optic,Month-to-month,Mailed check,No,No,No,Yes,Yes,Yes,No,1,3,1,73.9,98.3,Yes
CUST-11897,Female,0,52,43,77.11,3336.09,Fiber optic,Month-to-month,Credit card (automatic),No,No,No,No,Yes,Yes,Yes,0,4,1,35.1,36.1,No
CUST-11898,Male,0,60,1,91.77,95.69,Fiber optic,Month-to-month,Bank transfer (automatic),Yes,No,No,Yes,No,No phone service,No,0,3,2,136.2,187.0,Yes
CUST-11899,Female,1,65,44,24.08,1070.0,No,Two year,Mailed check,No internet service,No internet service,No internet service,No internet service,No,No phone service,No,0,4,2,77.2,145.0,No
CUST-11900,Female,0,49,57,96.47,5502.86,Fiber optic,One year,Bank transfer (automatic),Yes,No,No,Yes,Yes,No,No,0,4,0,177.0,319.7,No
CUST-11901,Female,0,59,9,89.46,809.66,Fiber optic,Month-to-month,Credit card (automatic),No,No,No,Yes,Yes,Yes,No,0,3,0,148.0,333.4,Yes
CUST-11902,Male,0,59,5,55.14,290.06,DSL,Two year,Credit card (automatic),Yes,No,No,No,Yes,No,Yes,0,3,4,77.7,91.7,No
CUST-11903,Male,0,20,9,71.16,634.21,DSL,Month-to-month,Electronic check,No,Yes,No,Yes,Yes,Yes,Yes,0,4,3,76.4,82.1,Yes
CUST-11904,Male,1,68,45,65.26,2960.94,DSL,Two year,Mailed check,Yes,No,No,Yes,Yes,No,No,0,4,1,76.7,166.3,No
CUST-11905,Male,0,32,24,45.13,1104.93,DSL,Two year,Mailed check,No,No,No,No,Yes,No,Yes,0,3,1,101.1,219.6,No
CUST-11906,Female,0,34,42,67.03,2828.78,Fiber optic,One year,Mailed check,No,No,No,No,Yes,No,No,0,4,1,204.7,417.3,No
CUST-11907,Male,0,44,22,100.77,2231.55,Fiber optic,Two year,Electronic check,No,Yes,Yes,No,Yes,Yes,No,0,4,2,65.6,68.1,No
CUST-11908,Male,0,35,60,78.85,4725.79,DSL,Month-to-month,Bank transfer (automatic),No,No,Yes,Yes,Yes,Yes,No,0,3,2,49.6,115.4,Yes
CUST-11909,Female,0,36,37,21.5,815.45,No,One year,Electronic check,No internet service,No internet service,No internet service,No internet service,Yes,No,Yes,0,3,1,96.5,142.6,No
CUST-11910,Male,0,29,39,64.43,2538.73,DSL,One year,Electronic check,No,No,Yes,No,Yes,Yes,No,0,4,1,102.6,144.2,No
CUST-11911,Female,0,41,53,72.69,3870.28,Fiber optic,Month-to-month,Electronic check,No,No,No,No,Yes,No,No,0,4,2,75.6,79.4,No
CUST-11912,Female,0,22,28,90.2,2503.58,Fiber optic,One year,Electronic check,No,Yes,No,Yes,Yes,No,No,0,4,1,57.5,63.5,Yes
CUST-11913,Female,0,41,15,81.69,1242.55,Fiber optic,Month-to-month,Electronic check,No,No,Yes,No,Yes,No,No,1,2,1,130.2,125.7,Yes
CUST-11914,Female,0,44,60,50.7,3039.87,DSL,Month-to-month,Bank transfer (automatic),No,No,No,No,Yes,Yes,No,0,4,1,201.3,343.8,No
CUST-11915,Female,0,47,60,91.04,5468.92,Fiber optic,Month-to-month,Credit card (automatic),Yes,Yes,No,No,No,No phone service,No,0,4,2,80.9,116.8,Yes
CUST-11916,Female,0,32,6,103.41,649.93,Fiber optic,Month-to-month,Mailed check,Yes,No,Yes,Yes,Yes,No,No,1,3,1,103.7,109.6,Yes
CUST-11917,Female,0,64,52,79.17,4108.4,Fiber optic,Month-to-month,Electronic check,No,No,Yes,No,Yes,No,No,0,4,0,79.3,154.8,No
CUST-11918,Female,0,55,12,55.08,651.87,DSL,Two year,Credit card (automatic),No,No,Yes,No,Yes,No,No,0,3,2,203.1,275.1,Yes
CUST-11919,Male,0,61,19,91.79,1729.8,Fiber optic,Month-to-month,Electronic check,No,No,Yes,Yes,Yes,No,Yes,0,4,2,89.5,174.4,Yes
CUST-11920,Male,0,51,2,91.11,159.85,DSL,One year,Electronic check,No,Yes,Yes,Yes,Yes,Yes,Yes,0,2,2,188.1,406.2,Yes
CUST-11921,Male,0,44,55,45.22,2467.19,DSL,Month-to-month,Electronic check,No,No,No,No,No,No phone service,Yes,1,3,0,85.3,159.2,Yes
CUST-11922,Male,1,74,15,93.53,1403.81,Fiber optic,Month-to-month,Mailed check,Yes,No,No,Yes,No,No phone service,Yes,0,4,2,56.5,46.1,Yes
CUST-11923,Female,0,58,64,71.35,4590.99,DSL,Month-to-month,Credit card (automatic),No,Yes,Yes,No,Yes,No,No,0,4,0,68.2,87.4,No
CUST-11924,Male,0,49,69,90.82,6285.17,Fiber optic,Month-to-month,Credit card (automatic),No,No,Yes,Yes,No,No phone service,No,0,4,2,174.1,146.8,No
CUST-11925,Female,0,21,15,74.37,1096.5,Fiber optic,One year,Mailed check,No,No,No,No,Yes,No,No,1,3,2,117.4,165.2,No
CUST-11926,Male,1,80,43,75.4,3245.9,DSL,One year,Mailed check,Yes,No,Yes,No,Yes,Yes,No,1,2,2,73.2,163.0,No
CUST-11927,Male,0,25,17,56.56,982.34,DSL,Month-to-month,Electronic check,No,No,No,No,Yes,Yes,No,1,2,1,62.1,135.1,Yes
CUST-11928,Male,1,67,24,61.68,1482.69,DSL,Month-to-month,Mailed check,No,No,No,Yes,Yes,Yes,No,0,4,2,75.6,81.4,No
CUST-11929,Female,0,59,30,66.73,2026.59,DSL,Two year,Credit card (automatic),No,No,Yes,Yes,No,No phone service,No,1,2,2,95.6,186.3,Yes
CUST-11930,Male,0,24,67,18.25,1247.22,No,Month-to-month,Mailed check,No internet service,No internet service,No internet service,No internet service,Yes,No,No,0,3,2,126.9,290.8,No
CUST-11931,Female,0,39,51,81.53,4148.92,Fiber optic,Month-to-month,Electronic check,Yes,No,No,No,Yes,No,No,0,5,0,95.0,215.6,No
CUST-11932,Female,0,63,60,61.41,3707.04,DSL,One year,Electronic check,No,No,Yes,No,Yes,Yes,No,0,4,2,116.8,253.1,No
CUST-11933,Male,1,72,3,47.93,148.9,DSL,Month-to-month,Mailed check,No,No,No,No,Yes,No,No,0,4,1,127.0,153.8,Yes
CUST-11934,Male,0,54,5,89.5,446.29,Fiber optic,Two year,Bank transfer (automatic),No,Yes,Yes,No,Yes,No,No,0,3,2,145.7,358.0,No
CUST-11935,Male,0,33,28,101.55,2859.86,Fiber optic,One year,Mailed check,Yes,No,Yes,Yes,Yes,No,No,0,2,2,71.2,144.0,Yes
CUST-11936,Female,0,32,11,54.81,620.29,DSL,Month-to-month,Bank transfer (automatic),No,No,Yes,No,Yes,No,No,1,3,4,126.1,249.9,Yes
CUST-11937,Male,0,22,72,84.46,6091.65,Fiber optic,Month-to-month,Bank transfer (automatic),No,No,No,Yes,Yes,No,No,0,3,0,215.1,508.1,No
CUST-11938,Female,0,20,72,86.24,6227.93,Fiber optic,One year,Bank transfer (automatic),No,No,Yes,No,Yes,No,Yes,0,4,0,87.9,121.7,No
CUST-11939,Female,0,40,15,69.08,1063.29,DSL,Month-to-month,Credit card (automatic),No,No,No,Yes,Yes,Yes,Yes,0,5,1,148.2,231.8,No
CUST-11940,Male,1,76,48,18.25,898.39,No,Two year,Credit card (automatic),No internet service,No internet service,No internet service,No internet service,Yes,No,Yes,1,2,3,31.8,49.0,No
CUST-11941,Male,0,22,46,18.25,813.96,No,One year,Electronic check,No internet service,No internet service,No internet service,No internet service,Yes,No,Yes,1,2,1,219.8,219.3,Yes
CUST-11942,Female,0,40,28,89.72,2533.16,Fiber optic,Month-to-month,Bank transfer (automatic),Yes,No,No,No,Yes,Yes,No,1,3,3,74.7,96.4,No
CUST-11943,Female,0,32,7,78.19,564.22,DSL,One year,Bank transfer (automatic),No,No,Yes,Yes,Yes,Yes,Yes,0,5,1,106.4,212.4,No
CUST-11944,Female,0,35,71,98.5,7019.1,Fiber optic,Month-to-month,Electronic check,Yes,No,Yes,No,Yes,Yes,No,0,4,3,127.4,110.4,No
CUST-11945,Male,0,42,6,93.63,576.15,Fiber optic,Month-to-month,Credit card (automatic),No,No,Yes,No,Yes,Yes,Yes,0,5,1,81.0,128.4,No
CUST-11946,Female,1,77,58,41.3,2418.07,DSL,One year,Electronic check,No,No,No,No,Yes,No,No,0,2,4,80.1,162.6,No
CUST-11947,Male,0,48,68,81.39,5505.13,Fiber optic,One year,Credit card (automatic),No,Yes,No,No,No,No phone service,Yes,0,3,4,128.9,264.3,No
CUST-11948,Female,0,38,55,77.73,4303.82,Fiber optic,One year,Electronic check,Yes,No,No,No,No,No phone service,No,1,3,1,57.8,136.2,No
CUST-11949,Female,0,19,67,20.27,1339.54,No,Month-to-month,Bank transfer (automatic),No internet service,No internet service,No internet service,No internet service,Yes,No,No,0,4,0,177.6,311.3,No
CUST-11950,Male,1,75,49,26.87,1338.48,No,One year,Electronic check,No internet service,No internet service,No internet service,No internet service,Yes,Yes,No,1,3,1,84.3,97.2,No
CUST-11951,Female,0,25,51,101.8,5217.58,DSL,Month-to-month,Mailed check,Yes,Yes,Yes,Yes,Yes,Yes,No,0,3,1,109.8,231.7,No
CUST-11952,Male,0,40,59,19.87,1142.46,No,One year,Electronic check,No internet service,No internet service,No internet service,No internet service,No,No phone service,Yes,0,4,0,128.8,213.8,No
CUST-11953,Male,0,49,6,59.76,383.38,DSL,One year,Electronic check,No,Yes,No,No,Yes,No,No,0,5,1,219.8,480.0,No
CUST-11954,Female,0,25,51,95.55,4892.8,Fiber optic,One year,Credit card (automatic),Yes,Yes,No,No,Yes,Yes,No,0,4,1,44.7,52.5,No
CUST-11955,Male,0,21,38,77.68,2977.18,DSL,Two year,Electronic check,Yes,No,No,Yes,Yes,Yes,No,1,2,1,73.8,59.9,No
CUST-11956,Male,0,47,11,94.17,1016.48,Fiber optic,Two year,Mailed check,No,Yes,Yes,No,No,No phone service,Yes,1,1,2,92.4,118.0,Yes
CUST-11957,Female,0,36,52,91.48,4773.61,Fiber optic,Two year,Bank transfer (automatic),Yes,No,No,No,Yes,Yes,Yes,0,4,1,102.8,114.2,No
CUST-11958,Male,0,40,20,29.94,598.05,No,Two year,Electronic check,No internet service,No internet service,No internet service,No internet service,Yes,Yes,No,1,2,0,240.8,486.3,No
CUST-11959,Male,0,35,10,88.82,873.66,DSL,One year,Electronic check,Yes,No,Yes,Yes,Yes,Yes,No,1,3,1,84.6,139.9,No
CUST-11960,Male,0,46,26,91.61,2397.23,Fiber optic,Two year,Electronic check,No,No,Yes,No,Yes,Yes,Yes,1,4,1,166.7,239.3,Yes
CUST-11961,Female,0,40,48,118.75,5698.4,Fiber optic,Two year,Bank transfer (automatic),Yes,Yes,Yes,Yes,Yes,No,No,0,4,2,293.5,273.2,No
CUST-11962,Male,0,50,14,97.28,1385.91,Fiber optic,One year,Credit card (automatic),Yes,No,No,Yes,Yes,Yes,Yes,0,4,4,115.0,133.7,Yes
CUST-11963,Female,0,64,59,23.3,1387.34,No,Month-to-month,Credit card (automatic),No internet service,No internet service,No internet service,No internet service,Yes,Yes,Yes,0,4,2,126.6,301.1,No
CUST-11964,Female,0,35,12,80.78,947.71,DSL,Month-to-month,Credit card (automatic),No,Yes,Yes,Yes,Yes,No,No,0,4,0,130.4,150.0,No
CUST-11965,Male,0,61,23,63.72,1450.61,DSL,Two year,Bank transfer (automatic),No,Yes,No,Yes,Yes,No,No,0,5,1,72.1,128.8,No
CUST-11966,Male,0,50,72,66.79,4794.75,DSL,Month-to-month,Credit card (automatic),No,No,Yes,No,Yes,Yes,No,1,2,1,64.7,142.1,No
CUST-11967,Male,0,24,39,83.2,3235.44,DSL,Two year,Electronic check,Yes,Yes,No,Yes,Yes,Yes,No,0,3,3,43.6,56.4,No
CUST-11968,Female,1,67,9,74.43,679.86,DSL,Month-to-month,Mailed check,No,Yes,Yes,Yes,Yes,No,No,0,3,4,138.4,299.4,No
CUST-11969,Male,0,18,25,71.7,1816.16,DSL,Month-to-month,Mailed check,No,No,Yes,Yes,No,No phone service,No,1,2,2,91.5,123.6,Yes
CUST-11970,Male,1,72,17,18.25,315.87,No,One year,Electronic check,No internet service,No internet service,No internet service,No internet service,Yes,No,Yes,0,4,2,89.2,158.6,No
CUST-11971,Male,0,51,42,25.24,1075.19,No,Two year,Credit card (automatic),No internet service,No internet service,No internet service,No internet service,Yes,Yes,No,1,2,2,59.0,75.5,No
CUST-11972,Male,0,56,29,26.36,753.44,No,Month-to-month,Electronic check,No internet service,No internet service,No internet service,No internet service,Yes,Yes,No,0,4,1,88.3,157.1,No
CUST-11973,Male,0,36,60,51.33,3081.15,DSL,Two year,Bank transfer (automatic),Yes,No,No,No,Yes,No,Yes,0,4,2,223.0,258.4,No
CUST-11974,Female,0,48,67,24.14,1617.63,No,One year,Mailed check,No internet service,No internet service,No internet service,No internet service,Yes,No,No,0,3,3,74.0,160.9,No
CUST-11975,Female,0,30,57,113.22,6465.6,Fiber optic,Month-to-month,Electronic check,No,Yes,Yes,Yes,Yes,Yes,No,1,2,3,23.2,37.5,Yes
CUST-11976,Male,0,41,72,31.75,2287.08,No,Month-to-month,Electronic check,No internet service,No internet service,No internet service,No internet service,Yes,Yes,No,0,4,1,49.9,117.7,No
CUST-11977,Male,1,76,14,29.82,407.54,No,Month-to-month,Electronic check,No internet service,No internet service,No internet service,No internet service,Yes,Yes,No,0,3,1,118.8,222.3,Yes
CUST-11978,Male,1,75,39,32.92,1268.51,No,Month-to-month,Credit card (automatic),No internet service,No internet service,No internet service,No internet service,Yes,Yes,Yes,0,3,1,68.5,151.2,Yes
CUST-11979,Male,0,36,16,20.25,309.28,No,Month-to-month,Bank transfer (automatic),No internet service,No internet service,No internet service,No internet service,No,No phone service,Yes,1,3,1,149.8,336.4,No
CUST-11980,Female,0,18,18,109.54,2000.57,Fiber optic,Month-to-month,Mailed check,Yes,Yes,Yes,Yes,Yes,No,No,0,4,3,155.3,263.2,No
CUST-11981,Male,0,50,20,118.61,2363.65,Fiber optic,Month-to-month,Electronic check,Yes,Yes,Yes,Yes,Yes,Yes,Yes,1,2,1,28.1,56.7,Yes
CUST-11982,Female,0,50,46,82.88,3830.88,Fiber optic,Two year,Mailed check,No,No,Yes,No,Yes,No,Yes,0,5,0,170.2,296.9,No
CUST-11983,Female,0,49,45,67.48,3010.88,DSL,One year,Electronic check,No,No,Yes,Yes,No,No phone service,Yes,0,3,1,190.5,159.8,No
CUST-11984,Male,1,70,4,78.13,287.9,Fiber optic,One year,Bank transfer (automatic),No,No,No,Yes,No,No phone service,No,1,3,1,23.9,48.3,Yes
CUST-11985,Female,0,54,20,72.38,1458.77,DSL,Month-to-month,Electronic check,Yes,No,No,Yes,Yes,Yes,Yes,0,2,3,45.8,114.0,No
CUST-11986,Female,0,58,11,52.75,577.68,DSL,Two year,Bank transfer (automatic),No,No,No,No,Yes,Yes,Yes,0,3,3,32.7,74.5,Yes
CUST-11987,Female,0,29,65,63.18,4129.53,DSL,Two year,Bank transfer (automatic),No,Yes,No,No,Yes,Yes,Yes,1,3,1,165.1,146.9,No
CUST-11988,Female,0,26,18,24.35,460.03,No,Month-to-month,Mailed check,No internet service,No internet service,No internet service,No internet service,Yes,No,No,0,4,2,70.0,167.2,No
CUST-11989,Male,0,28,39,50.91,2000.83,DSL,Two year,Bank transfer (automatic),No,Yes,No,No,Yes,No,No,1,2,2,97.9,111.8,No
CUST-11990,Male,0,50,44,65.58,2904.44,DSL,Two year,Bank transfer (automatic),No,Yes,No,Yes,Yes,No,Yes,0,5,1,213.1,190.2,No
CUST-11991,Female,0,36,18,79.06,1445.31,DSL,One year,Electronic check,Yes,No,Yes,Yes,Yes,No,No,0,5,1,51.8,42.5,No
CUST-11992,Male,0,59,47,24.13,1151.12,No,One year,Bank transfer (automatic),No internet service,No internet service,No internet service,No internet service,Yes,Yes,No,1,2,1,212.6,322.9,No
CUST-11993,Male,0,51,31,71.88,2229.89,Fiber optic,Month-to-month,Bank transfer (automatic),No,No,No,No,Yes,No,No,1,2,2,102.9,134.9,Yes
CUST-11994,Male,1,77,39,90.15,3501.73,Fiber optic,Month-to-month,Mailed check,No,No,Yes,No,Yes,Yes,Yes,0,3,1,112.1,123.7,No
CUST-11995,Male,0,48,38,19.6,762.04,No,Month-to-month,Electronic check,No internet service,No internet service,No internet service,No internet service,Yes,No,No,0,4,0,212.3,201.0,No
CUST-11996,Male,0,19,47,78.56,3681.38,DSL,Month-to-month,Electronic check,No,No,Yes,Yes,Yes,Yes,No,0,4,2,51.9,73.0,No
CUST-11997,Female,0,36,70,60.88,4246.29,DSL,Month-to-month,Credit card (automatic),No,Yes,No,No,Yes,Yes,Yes,0,4,2,70.8,84.2,No
CUST-11998,Male,0,55,8,53.39,407.42,DSL,Two year,Mailed check,No,Yes,No,No,Yes,No,Yes,0,4,2,114.5,215.8,No
CUST-11999,Male,0,49,65,108.63,7068.58,Fiber optic,Month-to-month,Electronic check,Yes,No,Yes,Yes,Yes,Yes,Yes,1,3,2,238.4,343.4,Yes
CUST-12000,Male,0,27,13,57.24,728.67,DSL,Two year,Electronic check,No,No,No,Yes,Yes,No,No,1,2,4,125.6,196.6,Yes
CUST-12001,Male,0,58,55,90.72,4982.09,Fiber optic,One year,Electronic check,Yes,No,Yes,No,Yes,No,No,0,4,3,72.2,151.8,No
CUST-12002,Female,0,25,43,72.6,3134.34,DSL,Month-to-month,Electronic check,Yes,No,No,Yes,Yes,Yes,Yes,0,4,2,111.3,155.0,No
CUST-12003,Female,0,43,4,71.25,302.63,DSL,Month-to-month,Mailed check,Yes,No,Yes,No,Yes,Yes,Yes,0,4,2,36.4,39.4,No
CUST-12004,Female,0,47,71,52.23,3697.22,DSL,Month-to-month,Electronic check,No,No,No,Yes,Yes,No,No,0,4,2,58.2,75.7,No
CUST-12005,Female,1,79,60,63.93,3856.37,DSL,Two year,Credit card (automatic),No,Yes,Yes,No,Yes,No,No,0,4,4,25.1,49.1,No
CUST-12006,Male,1,79,12,25.47,279.12,No,Two year,Credit card (automatic),No internet service,No internet service,No internet service,No internet service,Yes,Yes,No,0,3,3,111.9,112.0,No
CUST-12007,Female,0,37,59,44.85,2675.3,DSL,Month-to-month,Mailed check,No,No,No,No,Yes,No,No,0,5,0,81.9,156.7,No
CUST-12008,Male,0,37,54,18.25,980.51,No,Two year,Credit card (automatic),No internet service,No internet service,No internet service,No internet service,Yes,No,No,0,4,2,133.0,270.7,No
CUST-12009,Male,0,26,44,82.18,3605.41,DSL,One year,Mailed check,Yes,No,Yes,Yes,Yes,No,Yes,0,3,0,118.5,224.5,No
CUST-12010,Male,1,78,16,56.74,933.26,DSL,Month-to-month,Bank transfer (automatic),No,No,No,Yes,Yes,No,No,0,4,1,35.6,50.5,No
CUST-12011,Male,0,32,6,103.24,597.38,Fiber optic,One year,Electronic check,No,No,Yes,Yes,Yes,Yes,No,1,3,2,75.9,145.0,Yes
CUST-12012,Male,1,74,14,101.08,1406.59,Fiber optic,One year,Electronic check,Yes,No,Yes,Yes,Yes,No,No,1,3,0,263.0,582.1,No
CUST-12013,Female,0,41,58,64.16,3712.81,DSL,Month-to-month,Electronic check,No,No,No,Yes,Yes,Yes,No,0,5,0,87.2,116.5,No
CUST-12014,Female,0,50,31,101.03,3127.39,Fiber optic,One year,Electronic check,Yes,No,No,Yes,Yes,Yes,No,0,4,1,47.3,59.4,No
CUST-12015,Female,0,58,41,65.11,2690.41,DSL,Month-to-month,Bank transfer (automatic),Yes,No,Yes,No,No,No phone service,Yes,0,5,0,39.7,96.4,No
CUST-12016,Female,1,75,35,55.36,1958.56,DSL,Month-to-month,Electronic check,No,No,No,Yes,Yes,No,Yes,0,3,6,127.8,295.9,No
CUST-12017,Male,1,73,10,31.07,316.2,No,Month-to-month,Electronic check,No internet service,No internet service,No internet service,No internet service,Yes,Yes,No,1,2,3,73.7,92.8,Yes
CUST-12018,Female,0,57,30,23.37,730.61,No,Two year,Credit card (automatic),No internet service,No internet service,No internet service,No internet service,Yes,No,No,1,2,0,122.0,133.0,No
CUST-12019,Male,0,44,44,70.33,3115.17,Fiber optic,One year,Bank transfer (automatic),No,No,No,No,Yes,No,No,0,4,2,36.8,55.9,No
CUST-12020,Female,0,38,55,93.96,5178.66,Fiber optic,Month-to-month,Mailed check,No,No,No,Yes,Yes,Yes,No,1,3,0,82.5,136.9,Yes
CUST-12021,Male,0,22,71,75.37,5333.24,DSL,Month-to-month,Electronic check,Yes,Yes,No,No,Yes,Yes,Yes,0,3,3,95.9,104.2,No
CUST-12022,Male,0,52,18,65.55,1182.88,Fiber optic,Month-to-month,Credit card (automatic),No,No,No,No,Yes,No,No,1,3,2,152.8,128.6,Yes
CUST-12023,Female,0,38,39,90.59,3515.84,Fiber optic,One year,Electronic check,No,No,No,Yes,Yes,Yes,No,0,4,1,120.7,264.5,No
CUST-12024,Male,0,21,42,21.98,911.26,No,Month-to-month,Bank transfer (automatic),No internet service,No internet service,No internet service,No internet service,Yes,No,No,0,4,3,71.8,170.3,No
CUST-12025,Male,0,33,54,28.41,1545.29,No,Two year,Bank transfer (automatic),No internet service,No internet service,No internet service,No internet service,Yes,Yes,No,0,4,0,115.2,105.7,No
CUST-12026,Female,0,48,30,70.32,2090.67,DSL,Two year,Mailed check,Yes,No,No,Yes,Yes,No,Yes,0,4,2,129.9,289.5,No
CUST-12027,Male,0,43,20,51.01,995.65,DSL,One year,Credit card (automatic),No,No,No,No,Yes,Yes,Yes,1,2,0,36.3,56.3,Yes
CUST-12028,Female,0,52,42,95.65,4019.19,Fiber optic,Month-to-month,Electronic check,Yes,No,No,Yes,Yes,Yes,No,1,2,3,40.7,44.9,Yes
CUST-12029,Female,0,23,5,76.34,351.76,DSL,Month-to-month,Credit card (automatic),No,Yes,No,Yes,Yes,Yes,No,0,4,0,98.2,143.0,No
CUST-12030,Female,0,50,50,67.31,3372.03,DSL,Month-to-month,Mailed check,No,No,Yes,No,Yes,Yes,No,0,3,1,83.2,189.0,Yes
CUST-12031,Male,0,38,41,47.65,1977.73,DSL,One year,Bank transfer (automatic),No,No,No,No,Yes,No,No,0,4,0,175.6,176.9,No
CUST-12032,Male,0,33,39,87.11,3378.7,Fiber optic,One year,Credit card (automatic),No,Yes,Yes,No,Yes,No,No,0,5,2,91.8,88.8,No
CUST-12033,Male,0,64,57,29.73,1687.58,No,One year,Bank transfer (automatic),No internet service,No internet service,No internet service,No internet service,Yes,Yes,No,1,2,3,114.9,280.6,No
CUST-12034,Female,0,56,57,70.21,4026.95,DSL,Month-to-month,Credit card (automatic),Yes,No,No,Yes,Yes,Yes,No,0,3,1,57.5,74.7,No
CUST-12035,Male,0,51,37,81.75,3036.98,DSL,Two year,Electronic check,No,Yes,Yes,Yes,Yes,No,Yes,0,5,0,44.9,101.7,No
CUST-12036,Female,0,59,7,22.03,132.33,No,Month-to-month,Credit card (automatic),No internet service,No internet service,No internet service,No internet service,Yes,No,No,0,5,2,157.3,276.0,Yes
CUST-12037,Female,1,80,5,94.67,466.27,Fiber optic,Month-to-month,Bank transfer (automatic),No,No,Yes,Yes,Yes,No,No,0,4,1,172.1,208.0,Yes
CUST-12038,Male,1,74,51,104.06,5322.42,Fiber optic,One year,Credit card (automatic),Yes,No,Yes,Yes,No,No phone service,No,0,4,2,106.2,138.2,No
CUST-12039,Female,0,19,8,30.15,251.09,No,Month-to-month,Credit card (automatic),No internet service,No internet service,No internet service,No internet service,Yes,Yes,No,0,3,1,70.4,105.6,Yes
CUST-12040,Male,0,41,56,18.25,1001.34,No,One year,Electronic check,No internet service,No internet service,No internet service,No internet service,Yes,No,Yes,0,4,0,127.4,134.3,No
CUST-12041,Male,0,45,11,60.32,637.27,DSL,Two year,Mailed check,No,No,Yes,No,Yes,No,Yes,0,4,0,100.9,202.5,No
CUST-12042,Male,1,72,22,97.01,2145.12,Fiber optic,One year,Credit card (automatic),No,Yes,No,Yes,Yes,Yes,No,0,4,2,197.2,297.8,No
CUST-12043,Male,0,18,11,56.78,631.12,DSL,Month-to-month,Bank transfer (automatic),No,No,No,Yes,Yes,No,Yes,1,1,2,75.8,175.2,Yes
CUST-12044,Male,0,45,60,79.87,4765.76,Fiber optic,Month-to-month,Mailed check,Yes,No,No,No,Yes,No,No,0,4,1,25.8,60.8,No
CUST-12045,Female,0,53,15,47.77,745.04,DSL,Month-to-month,Electronic check,No,No,No,No,Yes,No,No,0,3,2,83.6,196.7,No
CUST-12046,Female,0,37,38,88.93,3364.49,Fiber optic,Month-to-month,Mailed check,No,Yes,No,Yes,Yes,No,No,0,5,0,51.2,97.5,Yes
CUST-12047,Female,0,25,1,18.25,18.25,No,Two year,Bank transfer (automatic),No internet service,No internet service,No internet service,No internet service,Yes,No,Yes,0,3,1,117.1,188.5,No
CUST-12048,Male,0,18,46,76.63,3505.64,DSL,One year,Bank transfer (automatic),No,Yes,Yes,No,Yes,Yes,No,0,4,4,194.2,183.2,No
CUST-12049,Male,0,43,43,27.13,1186.3,No,Month-to-month,Mailed check,No internet service,No internet service,No internet service,No internet service,Yes,Yes,No,0,3,2,49.4,103.0,No
CUST-12050,Male,0,60,22,79.99,1787.53,Fiber optic,Two year,Electronic check,No,No,No,Yes,Yes,No,No,0,4,1,18.7,17.8,No
CUST-12051,Female,0,42,3,93.21,262.43,Fiber optic,One year,Bank transfer (automatic),Yes,No,Yes,No,No,No phone service,Yes,0,4,2,32.2,35.7,No
CUST-12052,Male,0,27,14,18.25,242.49,No,Month-to-month,Credit card (automatic),No internet service,No internet service,No internet service,No internet service,No,No phone service,No,0,4,0,61.4,137.1,Yes
CUST-12053,Female,1,68,2,104.9,222.19,Fiber optic,Month-to-month,Mailed check,Yes,Yes,Yes,No,Yes,No,Yes,0,2,3,71.2,160.3,Yes
CUST-12054,Female,0,58,61,67.25,4103.92,DSL,Month-to-month,Credit card (automatic),No,Yes,No,Yes,Yes,No,No,0,4,1,155.0,238.5,No
CUST-12055,Male,0,24,32,77.06,2442.22,Fiber optic,Two year,Mailed check,No,Yes,No,No,Yes,No,No,0,4,0,103.9,210.3,No
CUST-12056,Male,0,29,38,54.09,2081.14,DSL,Month-to-month,Credit card (automatic),Yes,No,No,No,Yes,No,No,1,2,2,73.7,86.5,Yes
CUST-12057,Female,0,64,46,66.31,3056.93,Fiber optic,Two year,Bank transfer (automatic),No,No,No,No,Yes,No,No,0,4,2,84.3,195.9,No
CUST-12058,Male,1,68,42,71.17,2977.22,Fiber optic,Month-to-month,Credit card (automatic),No,No,No,No,Yes,No,Yes,0,4,0,89.6,171.3,No
CUST-12059,Female,0,34,6,80.69,483.53,DSL,Two year,Credit card (automatic),Yes,No,Yes,Yes,Yes,No,No,1,2,3,69.2,156.3,Yes
CUST-12060,Male,1,80,41,87.05,3569.06,Fiber optic,Month-to-month,Electronic check,No,Yes,No,No,Yes,Yes,No,0,4,1,57.7,84.6,No
CUST-12061,Male,0,31,25,88.4,2211.53,Fiber optic,Two year,Credit card (automatic),Yes,Yes,No,No,Yes,No,Yes,1,1,1,70.0,60.8,Yes
CUST-12062,Female,1,68,11,80.5,885.34,DSL,Two year,Bank transfer (automatic),No,No,Yes,Yes,Yes,Yes,No,0,4,0,59.1,147.1,No
CUST-12063,Male,0,34,41,77.76,3191.87,DSL,Month-to-month,Electronic check,No,No,Yes,Yes,Yes,Yes,Yes,0,4,1,163.8,343.3,No
CUST-12064,Female,0,52,71,91.67,6502.17,Fiber optic,One year,Electronic check,No,No,No,Yes,Yes,Yes,Yes,0,4,5,170.8,185.0,Yes
CUST-12065,Male,0,18,57,41.28,2331.73,DSL,One year,Mailed check,No,No,No,No,Yes,No,No,1,3,1,109.2,206.2,No
CUST-12066,Female,1,78,46,22.13,1027.85,No,Two year,Bank transfer (automatic),No internet service,No internet service,No internet service,No internet service,No,No phone service,Yes,0,4,3,38.9,93.7,No
CUST-12067,Female,1,73,48,111.45,5367.15,Fiber optic,Month-to-month,Bank transfer (automatic),No,Yes,Yes,Yes,Yes,Yes,No,0,4,0,69.0,160.6,No
CUST-12068,Male,0,36,63,73.67,4661.67,DSL,Month-to-month,Mailed check,No,Yes,No,Yes,Yes,Yes,No,0,4,0,76.5,183.4,No
CUST-12069,Female,1,74,39,57.29,2205.63,DSL,Two year,Electronic check,No,No,No,No,Yes,Yes,No,0,3,2,150.0,148.0,No
CUST-12070,Male,0,22,10,77.54,769.68,Fiber optic,One year,Mailed check,No,No,Yes,No,No,No phone service,No,0,3,3,73.8,166.2,Yes
CUST-12071,Male,0,36,70,84.96,5975.91,Fiber optic,Month-to-month,Electronic check,Yes,No,No,No,Yes,Yes,Yes,0,3,1,183.0,423.7,Yes
CUST-12072,Male,0,60,65,61.75,3987.5,DSL,Two year,Mailed check,No,Yes,No,No,Yes,Yes,No,0,3,3,89.2,98.8,No
CUST-12073,Female,0,56,59,61.24,3630.29,DSL,Month-to-month,Credit card (automatic),No,Yes,No,No,Yes,Yes,No,0,4,1,143.1,286.6,No
CUST-12074,Female,0,22,36,90.11,3221.53,Fiber optic,One year,Credit card (automatic),No,No,Yes,No,Yes,Yes,No,1,2,0,63.4,125.4,No
CUST-12075,Male,0,29,27,19.01,532.75,No,Month-to-month,Electronic check,No internet service,No internet service,No internet service,No internet service,Yes,No,No,0,4,0,74.7,147.2,No
CUST-12076,Male,0,36,55,59.88,3303.73,DSL,Month-to-month,Bank transfer (automatic),No,No,Yes,No,Yes,No,No,0,3,4,49.1,87.1,Yes
CUST-12077,Female,0,64,70,112.68,7901.1,Fiber optic,Month-to-month,Mailed check,Yes,Yes,No,Yes,Yes,Yes,No,1,3,0,69.5,83.7,Yes
CUST-12078,Male,0,29,53,47.72,2557.8,DSL,Month-to-month,Electronic check,No,No,No,No,Yes,No,No,1,2,2,85.7,84.2,Yes
CUST-12079,Male,0,53,60,18.69,1147.77,No,Month-to-month,Credit card (automatic),No internet service,No internet service,No internet service,No internet service,Yes,No,No,0,3,4,87.6,106.7,No
CUST-12080,Female,0,29,61,101.07,6153.53,Fiber optic,Month-to-month,Mailed check,Yes,Yes,Yes,No,Yes,No,No,0,4,0,94.2,221.8,No
CUST-12081,Male,0,35,36,69.2,2483.71,DSL,Month-to-month,Mailed check,No,Yes,Yes,No,Yes,No,No,0,4,1,29.4,34.8,No
CUST-12082,Female,0,60,27,49.24,1323.91,DSL,Month-to-month,Bank transfer (automatic),No,No,No,No,Yes,Yes,Yes,0,4,0,46.6,71.5,No
CUST-12083,Male,0,51,41,83.52,3405.15,Fiber optic,One year,Electronic check,Yes,No,No,No,Yes,No,Yes,0,5,1,110.9,171.8,No
CUST-12084,Female,0,50,28,88.41,2468.35,Fiber optic,Month-to-month,Electronic check,Yes,No,No,No,Yes,Yes,No,0,5,0,103.7,245.9,No
CUST-12085,Male,0,35,16,81.49,1332.58,Fiber optic,Month-to-month,Electronic check,No,No,No,No,Yes,Yes,No,0,3,1,104.0,103.5,Yes
CUST-12086,Male,0,46,35,80.94,2832.27,Fiber optic,One year,Mailed check,No,No,No,No,Yes,Yes,No,1,2,0,46.8,75.5,Yes
CUST-12087,Female,0,62,36,90.74,3293.8,Fiber optic,Two year,Electronic check,Yes,No,Yes,No,Yes,No,No,0,4,1,75.5,164.3,No
CUST-12088,Male,0,22,56,18.25,996.29,No,One year,Credit card (automatic),No internet service,No internet service,No internet service,No internet service,Yes,No,Yes,0,4,2,118.0,106.8,No
CUST-12089,Female,0,42,19,32.21,584.35,No,Month-to-month,Bank transfer (automatic),No internet service,No internet service,No internet service,No internet service,Yes,Yes,No,1,3,1,93.8,193.9,Yes
CUST-12090,Male,0,41,57,90.45,5160.17,Fiber optic,Two year,Credit card (automatic),Yes,No,Yes,No,Yes,No,No,0,3,4,30.8,29.6,Yes
CUST-12091,Female,1,73,33,102.74,3404.6,Fiber optic,Two year,Credit card (automatic),No,Yes,Yes,Yes,Yes,No,No,0,4,1,121.9,191.3,No
CUST-12092,Female,1,69,23,82.09,1871.12,Fiber optic,Month-to-month,Bank transfer (automatic),No,No,No,No,Yes,Yes,No,0,3,1,44.5,47.5,Yes
CUST-12093,Female,0,50,63,104.17,6562.91,Fiber optic,Two year,Electronic check,No,Yes,Yes,No,Yes,Yes,No,0,3,0,66.6,97.4,No
CUST-12094,Female,0,27,70,79.63,5596.48,Fiber optic,Month-to-month,Bank transfer (automatic),No,No,Yes,No,Yes,No,No,1,2,1,75.3,65.0,No
CUST-12095,Male,0,54,22,97.89,2169.28,Fiber optic,Month-to-month,Electronic check,No,No,Yes,Yes,Yes,Yes,Yes,0,4,0,112.2,250.4,No
CUST-12096,Male,0,50,67,18.25,1206.66,No,Month-to-month,Electronic check,No internet service,No internet service,No internet service,No internet service,Yes,No,No,0,5,0,138.8,142.6,No
CUST-12097,Female,1,80,59,91.38,5381.49,Fiber optic,One year,Bank transfer (automatic),Yes,No,Yes,No,Yes,No,Yes,0,3,5,51.7,57.8,No
CUST-12098,Female,0,28,25,77.69,1930.6,DSL,Month-to-month,Bank transfer (automatic),No,No,Yes,Yes,Yes,Yes,No,0,5,1,83.7,132.2,No
CUST-12099,Female,0,41,17,118.75,2031.92,Fiber optic,Month-to-month,Electronic check,Yes,Yes,Yes,Yes,Yes,Yes,No,1,1,3,154.1,128.4,Yes
CUST-12100,Male,0,41,39,97.6,3834.49,Fiber optic,Month-to-month,Mailed check,No,Yes,Yes,No,Yes,Yes,Yes,1,2,1,185.2,438.1,No
CUST-12101,Male,1,68,39,18.57,711.03,No,Month-to-month,Electronic check,No internet service,No internet service,No internet service,No internet service,Yes,No,No,0,4,0,224.3,337.1,No
CUST-12102,Male,0,38,24,89.63,2156.42,Fiber optic,Month-to-month,Bank transfer (automatic),Yes,No,Yes,No,No,No phone service,No,0,2,1,114.7,195.1,Yes
CUST-12103,Male,0,37,38,31.58,1229.35,No,One year,Credit card (automatic),No internet service,No internet service,No internet service,No internet service,Yes,Yes,No,0,5,2,37.1,84.5,No
CUST-12104,Female,0,27,57,103.43,5874.96,Fiber optic,Month-to-month,Bank transfer (automatic),Yes,Yes,No,Yes,Yes,No,Yes,1,2,3,153.6,273.3,No
CUST-12105,Female,0,42,44,68.29,3014.3,DSL,Two year,Credit card (automatic),No,No,Yes,No,Yes,Yes,Yes,0,4,1,72.3,67.6,No
CUST-12106,Female,0,64,36,31.6,1127.52,No,Month-to-month,Mailed check,No internet service,No internet service,No internet service,No internet service,Yes,Yes,No,0,4,1,90.8,196.6,No
CUST-12107,Male,0,53,70,91.35,6424.0,Fiber optic,Month-to-month,Electronic check,Yes,No,Yes,No,No,No phone service,No,0,2,3,31.4,74.0,No
CUST-12108,Male,1,72,45,91.78,4106.63,Fiber optic,Month-to-month,Bank transfer (automatic),Yes,No,Yes,No,Yes,No,No,0,4,5,62.1,135.0,Yes
CUST-12109,Male,1,69,26,59.78,1551.36,DSL,Month-to-month,Electronic check,No,Yes,No,No,Yes,No,No,0,4,2,105.3,118.3,Yes
CUST-12110,Female,1,78,11,97.17,1054.17,Fiber optic,Month-to-month,Mailed check,No,No,Yes,Yes,Yes,No,Yes,0,3,4,48.7,78.8,Yes
CUST-12111,Female,0,57,52,77.98,4026.86,DSL,One year,Bank transfer (automatic),Yes,No,No,Yes,Yes,Yes,Yes,1,2,1,105.7,138.4,No
CUST-12112,Male,0,57,25,90.84,2298.82,Fiber optic,One year,Credit card (automatic),No,No,Yes,No,Yes,Yes,No,0,3,4,61.2,111.2,No
CUST-12113,Female,0,23,31,81.61,2534.0,Fiber optic,Month-to-month,Mailed check,No,No,No,Yes,Yes,No,Yes,0,3,2,113.3,251.9,Yes
CUST-12114,Male,0,54,45,95.95,4329.8,Fiber optic,Month-to-month,Credit card (automatic),Yes,No,Yes,No,Yes,No,No,0,3,5,22.6,33.5,Yes
CUST-12115,Male,0,19,67,23.05,1551.57,No,Month-to-month,Mailed check,No internet service,No internet service,No internet service,No internet service,Yes,No,No,0,4,4,295.3,533.6,Yes
CUST-12116,Female,0,29,40,70.17,2785.71,Fiber optic,Two year,Electronic check,No,No,No,No,No,No phone service,No,0,4,2,47.0,38.4,No
CUST-12117,Male,0,21,46,97.7,4474.43,Fiber optic,One year,Mailed check,No,Yes,Yes,No,Yes,Yes,No,0,3,2,68.7,95.9,No
CUST-12118,Female,0,40,54,61.47,3326.97,DSL,Month-to-month,Credit card (automatic),No,No,Yes,No,Yes,Yes,No,0,3,2,111.7,207.3,No
CUST-12119,Male,0,30,41,104.53,4302.52,Fiber optic,Month-to-month,Mailed check,Yes,No,Yes,Yes,Yes,No,No,0,4,2,12.1,30.1,No
CUST-12120,Female,0,34,38,89.96,3425.14,Fiber optic,Two year,Bank transfer (automatic),Yes,No,No,Yes,Yes,No,No,1,3,3,206.4,262.7,No
CUST-12121,Female,0,48,36,77.64,2799.26,Fiber optic,Month-to-month,Mailed check,Yes,No,No,No,Yes,No,No,1,3,4,117.2,128.6,Yes
CUST-12122,Female,0,33,44,75.06,3317.4,DSL,Month-to-month,Mailed check,Yes,No,Yes,Yes,Yes,No,Yes,1,3,2,108.1,251.1,Yes
CUST-12123,Male,0,58,57,70.34,3994.0,DSL,Month-to-month,Electronic check,Yes,No,No,Yes,Yes,Yes,No,1,2,1,196.9,345.9,No
CUST-12124,Male,0,43,66,94.83,6272.68,Fiber optic,One year,Electronic check,No,Yes,Yes,No,Yes,No,Yes,1,3,3,127.4,317.6,Yes
CUST-12125,Female,0,45,30,66.08,1977.07,Fiber optic,Two year,Electronic check,No,No,No,No,Yes,No,No,0,3,2,194.9,240.1,No
CUST-12126,Female,0,18,10,80.89,819.34,DSL,Two year,Mailed check,Yes,Yes,Yes,No,No,No phone service,Yes,0,3,2,179.1,202.9,No
CUST-12127,Male,0,64,61,64.14,3899.02,DSL,One year,Credit card (automatic),No,Yes,Yes,No,No,No phone service,No,0,3,1,81.1,113.9,No
CUST-12128,Male,0,29,63,104.6,6568.05,Fiber optic,Month-to-month,Credit card (automatic),No,No,Yes,Yes,Yes,Yes,No,0,3,2,91.7,163.4,No
CUST-12129,Male,0,54,36,91.23,3256.03,Fiber optic,Month-to-month,Electronic check,Yes,No,No,No,Yes,Yes,No,1,3,2,6.5,6.0,Yes
CUST-12130,Female,0,37,54,82.93,4496.43,Fiber optic,Month-to-month,Mailed check,Yes,No,No,No,Yes,No,No,0,3,4,109.4,159.8,Yes
CUST-12131,Male,0,19,65,90.73,5879.27,DSL,Two year,Mailed check,No,Yes,Yes,Yes,Yes,Yes,No,0,4,3,58.5,53.3,No
CUST-12132,Male,0,53,4,18.4,65.41,No,One year,Bank transfer (automatic),No internet service,No internet service,No internet service,No internet service,Yes,No,Yes,1,2,1,53.6,102.8,No
CUST-12133,Female,0,32,55,96.86,5343.43,Fiber optic,Month-to-month,Bank transfer (automatic),No,Yes,Yes,No,No,No phone service,No,0,4,2,95.8,132.7,No
CUST-12134,Male,0,55,54,77.8,4198.21,Fiber optic,Month-to-month,Electronic check,No,Yes,No,No,Yes,No,No,0,4,1,117.7,288.4,Yes
CUST-12135,Male,0,39,64,86.34,5508.81,Fiber optic,Month-to-month,Credit card (automatic),No,No,Yes,No,Yes,No,No,0,3,2,100.2,97.7,Yes
CUST-12136,Male,1,72,22,69.37,1507.83,Fiber optic,Two year,Credit card (automatic),No,No,No,No,No,No phone service,Yes,0,3,0,88.9,206.3,No
CUST-12137,Female,0,49,25,109.57,2733.73,Fiber optic,Month-to-month,Electronic check,Yes,Yes,Yes,Yes,Yes,No,Yes,1,3,1,55.7,47.0,Yes
CUST-12138,Female,0,37,59,22.85,1352.06,No,Month-to-month,Bank transfer (automatic),No internet service,No internet service,No internet service,No internet service,Yes,No,No,1,2,4,42.4,81.1,Yes
CUST-12139,Female,0,53,57,92.87,5287.13,Fiber optic,Month-to-month,Electronic check,Yes,Yes,No,No,No,No phone service,No,0,4,1,110.5,266.5,No
CUST-12140,Female,0,50,54,71.97,3910.65,DSL,Month-to-month,Electronic check,Yes,No,No,Yes,Yes,Yes,No,0,3,0,39.8,79.7,No
CUST-12141,Female,0,32,44,85.24,3720.79,Fiber optic,Two year,Credit card (automatic),No,No,No,Yes,Yes,No,Yes,1,3,1,33.0,28.1,Yes
CUST-12142,Female,0,63,52,24.58,1272.28,No,Two year,Bank transfer (automatic),No internet service,No internet service,No internet service,No internet service,Yes,Yes,No,1,3,0,299.9,575.0,No
CUST-12143,Female,0,20,16,93.51,1510.73,DSL,Two year,Electronic check,Yes,Yes,Yes,Yes,Yes,Yes,No,0,3,2,185.7,239.6,No
CUST-12144,Male,0,46,16,83.09,1352.89,Fiber optic,One year,Bank transfer (automatic),No,Yes,No,No,Yes,No,Yes,0,5,0,54.4,111.0,Yes
CUST-12145,Male,0,64,55,25.9,1416.0,No,One year,Credit card (automatic),No internet service,No internet service,No internet service,No internet service,Yes,Yes,No,0,4,0,115.5,181.2,No
CUST-12146,Female,0,44,61,85.77,5242.39,Fiber optic,One year,Credit card (automatic),No,No,No,Yes,Yes,Yes,Yes,0,4,1,110.5,204.6,No
CUST-12147,Male,0,22,40,81.56,3267.22,DSL,Month-to-month,Electronic check,No,No,Yes,Yes,Yes,Yes,No,0,2,2,55.2,46.4,No
CUST-12148,Male,0,48,21,20.57,414.06,No,One year,Credit card (automatic),No internet service,No internet service,No internet service,No internet service,Yes,No,No,0,5,0,21.6,27.6,No
CUST-12149,Female,0,39,66,89.48,5916.54,Fiber optic,Month-to-month,Credit card (automatic),Yes,Yes,No,No,No,No phone service,Yes,0,4,3,82.1,107.8,No
CUST-12150,Male,1,70,8,87.04,681.29,DSL,One year,Bank transfer (automatic),Yes,No,Yes,Yes,Yes,Yes,No,0,4,2,105.8,165.2,No
CUST-12151,Male,0,24,71,29.7,2125.73,No,Month-to-month,Mailed check,No internet service,No internet service,No internet service,No internet service,Yes,Yes,No,0,3,3,92.4,212.2,No
CUST-12152,Male,0,23,10,23.62,258.15,No,Month-to-month,Electronic check,No internet service,No internet service,No internet service,No internet service,Yes,No,Yes,1,2,0,120.3,171.7,Yes
CUST-12153,Male,0,43,57,78.73,4486.32,DSL,Two year,Electronic check,Yes,Yes,Yes,No,No,No phone service,No,0,4,3,104.5,208.6,No
CUST-12154,Male,0,18,4,94.4,350.85,Fiber optic,Two year,Mailed check,Yes,No,Yes,No,Yes,No,No,0,4,2,122.5,172.3,No
CUST-12155,Female,1,71,43,51.8,2241.64,DSL,Month-to-month,Credit card (automatic),No,Yes,No,No,No,No phone service,No,0,3,3,190.1,217.0,Yes
CUST-12156,Female,0,24,63,73.84,4649.95,DSL,Month-to-month,Credit card (automatic),No,Yes,No,Yes,Yes,Yes,No,1,2,3,91.4,145.0,Yes
CUST-12157,Female,1,78,43,57.85,2463.22,DSL,Two year,Mailed check,No,No,No,Yes,Yes,No,No,1,3,2,81.6,99.1,No
CUST-12158,Male,0,29,67,29.19,1945.6,No,One year,Bank transfer (automatic),No internet service,No internet service,No internet service,No internet service,Yes,Yes,No,0,4,0,84.7,75.4,No
CUST-12159,Female,0,37,51,87.71,,Fiber optic,Month-to-month,Bank transfer (automatic),No,No,Yes,No,Yes,Yes,Yes,0,3,4,173.9,202.4,No
CUST-12160,Male,0,40,56,108.75,6103.58,Fiber optic,One year,Bank transfer (automatic),Yes,No,Yes,Yes,Yes,No,Yes,0,3,2,59.2,55.7,No
CUST-12161,Male,1,79,43,61.18,2626.18,DSL,Month-to-month,Electronic check,No,No,Yes,No,Yes,Yes,No,0,4,1,143.0,125.9,No
CUST-12162,Male,0,47,24,18.25,443.22,No,Month-to-month,Electronic check,No internet service,No internet service,No internet service,No internet service,Yes,No,No,1,3,2,97.1,199.6,Yes
CUST-12163,Male,0,46,34,42.29,1437.93,DSL,Two year,Electronic check,No,No,No,No,Yes,No,Yes,0,3,2,131.9,261.4,No
CUST-12164,Female,0,48,59,30.54,1815.32,No,Month-to-month,Electronic check,No internet service,No internet service,No internet service,No internet service,Yes,Yes,Yes,1,1,1,26.4,28.0,No
CUST-12165,Female,0,35,2,18.25,49.58,No,Month-to-month,Electronic check,No internet service,No internet service,No internet service,No internet service,Yes,No,No,0,4,1,76.8,66.8,No
CUST-12166,Male,1,75,2,32.88,62.69,No,Month-to-month,Bank transfer (automatic),No internet service,No internet service,No internet service,No internet service,Yes,Yes,No,0,4,1,79.6,66.9,Yes
CUST-12167,Female,0,36,10,32.88,306.9,No,Month-to-month,Electronic check,No internet service,No internet service,No internet service,No internet service,Yes,Yes,Yes,1,3,1,10.7,21.9,Yes
CUST-12168,Male,0,21,23,18.25,414.22,No,Month-to-month,Mailed check,No internet service,No internet service,No internet service,No internet service,Yes,No,Yes,0,3,0,49.7,75.5,No
CUST-12169,Female,0,18,15,27.01,384.76,No,Month-to-month,Credit card (automatic),No internet service,No internet service,No internet service,No internet service,Yes,Yes,No,0,4,0,187.5,286.9,No
CUST-12170,Female,0,58,17,42.04,742.23,DSL,Month-to-month,Credit card (automatic),No,No,No,No,Yes,No,No,1,2,3,55.6,50.5,Yes
CUST-12171,Male,1,69,14,101.08,1442.13,Fiber optic,Month-to-month,Bank transfer (automatic),No,No,Yes,Yes,Yes,Yes,No,1,3,0,164.7,356.1,Yes
CUST-12172,Female,0,25,16,70.33,1122.68,Fiber optic,Month-to-month,Electronic check,No,No,No,No,Yes,No,No,0,3,3,234.2,303.5,Yes
CUST-12173,Male,0,32,32,95.23,3019.02,Fiber optic,Month-to-month,Bank transfer (automatic),No,Yes,No,Yes,Yes,No,No,0,4,1,54.6,82.7,No
CUST-12174,Female,1,76,23,85.36,1955.76,Fiber optic,One year,Mailed check,No,No,No,Yes,Yes,Yes,Yes,0,3,3,31.9,49.5,No
CUST-12175,Male,0,56,34,106.87,3657.29,Fiber optic,One year,Bank transfer (automatic),Yes,Yes,No,Yes,Yes,No,No,0,4,3,13.2,30.4,No
CUST-12176,Male,0,39,16,24.41,377.84,No,Month-to-month,Mailed check,No internet service,No internet service,No internet service,No internet service,Yes,No,Yes,1,2,1,120.6,267.3,Yes
CUST-12177,Female,0,35,34,45.7,1561.12,DSL,One year,Mailed check,No,No,No,No,Yes,No,No,1,2,2,198.1,269.1,Yes
CUST-12178,Female,0,33,71,91.81,6499.55,Fiber optic,Two year,Credit card (automatic),Yes,No,Yes,No,No,No phone service,No,1,3,0,51.9,48.0,No
CUST-12179,Male,0,19,33,65.51,2181.34,DSL,Two year,Electronic check,No,No,Yes,No,Yes,Yes,Yes,1,3,0,287.4,502.2,Yes
CUST-12180,Female,1,75,68,74.18,5067.75,DSL,Month-to-month,Electronic check,Yes,No,Yes,Yes,Yes,No,No,0,5,1,190.4,241.1,No
CUST-12181,Female,0,37,43,84.38,3635.25,Fiber optic,One year,Mailed check,No,No,No,Yes,Yes,No,Yes,0,4,3,103.6,137.3,No
CUST-12182,Male,0,33,64,19.96,1284.87,No,Month-to-month,Mailed check,No internet service,No internet service,No internet service,No internet service,Yes,No,No,0,4,4,109.5,251.9,No
CUST-12183,Male,1,77,71,79.86,5662.77,Fiber optic,Month-to-month,Electronic check,No,No,Yes,No,Yes,No,Yes,0,4,1,231.5,475.0,Yes
CUST-12184,Female,0,47,18,44.62,815.59,DSL,Month-to-month,Credit card (automatic),No,No,No,No,Yes,No,Yes,0,3,2,58.8,86.0,Yes
CUST-12185,Male,0,19,68,79.93,5433.95,Fiber optic,Month-to-month,Mailed check,No,No,Yes,No,Yes,No,No,0,2,2,29.2,55.5,Yes
CUST-12186,Male,0,52,61,47.0,2881.73,DSL,Month-to-month,Mailed check,No,No,No,No,Yes,No,No,0,3,1,168.1,189.2,No
CUST-12187,Male,1,72,20,21.14,450.91,No,One year,Bank transfer (automatic),No internet service,No internet service,No internet service,No internet service,Yes,No,No,0,3,2,48.6,94.0,Yes
CUST-12188,Female,0,22,11,88.88,997.02,Fiber optic,One year,Bank transfer (automatic),No,No,Yes,No,Yes,Yes,Yes,0,4,3,62.1,56.3,Yes
CUST-12189,Female,0,19,46,26.14,1203.48,No,Month-to-month,Credit card (automatic),No internet service,No internet service,No internet service,No internet service,Yes,Yes,No,0,4,0,117.7,225.5,No
CUST-12190,Male,0,37,64,95.78,6158.65,Fiber optic,Month-to-month,Electronic check,Yes,No,Yes,No,Yes,No,No,0,3,1,144.9,334.3,Yes
CUST-12191,Female,0,51,28,66.82,1877.38,DSL,Month-to-month,Electronic check,Yes,Yes,No,No,Yes,No,No,0,4,3,125.2,223.7,No
CUST-12192,Male,0,51,48,22.16,1037.57,No,Month-to-month,Electronic check,No internet service,No internet service,No internet service,No internet service,Yes,No,No,0,4,0,237.3,327.2,No
CUST-12193,Female,1,68,35,21.19,755.47,No,Two year,Credit card (automatic),No internet service,No internet service,No internet service,No internet service,Yes,No,No,0,3,2,85.3,149.2,No
CUST-12194,Male,0,42,8,65.75,545.2,Fiber optic,One year,Mailed check,No,No,No,No,Yes,No,No,0,5,2,105.9,144.3,Yes
CUST-12195,Male,0,37,22,73.59,1597.07,Fiber optic,Two year,Credit card (automatic),No,No,No,No,Yes,Yes,No,0,4,0,53.0,68.7,No
CUST-12196,Female,1,73,24,62.29,1505.72,DSL,One year,Credit card (automatic),No,Yes,No,No,Yes,Yes,No,0,4,2,152.9,123.6,No
CUST-12197,Male,0,31,66,104.3,6909.05,Fiber optic,Month-to-month,Mailed check,Yes,No,Yes,No,Yes,Yes,No,0,4,0,208.9,256.5,No
CUST-12198,Female,0,64,64,75.25,4801.09,DSL,Month-to-month,Electronic check,No,Yes,No,Yes,Yes,Yes,No,0,5,1,32.3,74.9,No
CUST-12199,Female,0,61,65,60.76,3954.5,DSL,Month-to-month,Mailed check,No,No,Yes,No,Yes,No,Yes,0,5,0,95.9,105.9,No
CUST-12200,Male,1,67,14,62.97,868.06,DSL,Month-to-month,Electronic check,No,Yes,Yes,No,Yes,No,No,0,3,1,101.5,190.5,No
CUST-12201,Male,0,60,25,102.24,2572.46,Fiber optic,Two year,Credit card (automatic),Yes,No,No,Yes,Yes,Yes,No,0,5,1,10.1,18.6,No
CUST-12202,Female,0,56,3,74.45,228.19,DSL,Month-to-month,Electronic check,No,No,Yes,Yes,Yes,Yes,No,0,3,2,91.9,108.8,Yes
CUST-12203,Male,0,29,5,28.24,136.88,No,Month-to-month,Bank transfer (automatic),No internet service,No internet service,No internet service,No internet service,Yes,Yes,No,0,3,1,59.6,125.9,No
CUST-12204,Male,0,22,65,62.93,4062.19,DSL,One year,Electronic check,No,No,No,Yes,Yes,Yes,No,1,3,2,154.1,238.4,No
CUST-12205,Male,0,19,54,69.12,3759.17,DSL,Two year,Electronic check,No,Yes,No,Yes,Yes,No,No,0,4,0,44.6,96.1,No
CUST-12206,Male,0,33,19,77.01,1463.05,Fiber optic,Month-to-month,Electronic check,No,No,No,No,Yes,Yes,No,0,4,3,131.5,108.0,Yes
CUST-12207,Male,0,47,54,101.62,5505.73,Fiber optic,One year,Mailed check,No,No,Yes,Yes,Yes,Yes,No,0,4,1,120.7,127.1,No
CUST-12208,Female,0,64,10,79.45,788.01,Fiber optic,Month-to-month,Electronic check,No,No,Yes,No,Yes,No,No,0,3,0,108.5,156.1,Yes
CUST-12209,Female,0,60,16,60.81,993.91,DSL,Month-to-month,Bank transfer (automatic),Yes,No,No,No,Yes,Yes,Yes,0,5,0,86.5,139.1,No
CUST-12210,Male,0,55,46,76.79,3511.94,Fiber optic,Month-to-month,Bank transfer (automatic),No,Yes,No,No,Yes,No,No,0,5,1,230.6,398.7,No
CUST-12211,Male,0,62,29,79.54,2290.55,DSL,Month-to-month,Credit card (automatic),No,Yes,Yes,Yes,Yes,No,No,0,2,2,144.3,308.9,No
CUST-12212,Male,0,59,15,61.45,911.75,DSL,One year,Credit card (automatic),No,No,Yes,No,Yes,Yes,Yes,0,3,4,63.6,148.5,No
CUST-12213,Female,0,41,48,52.68,2503.96,DSL,Month-to-month,Mailed check,No,Yes,No,No,No,No phone service,Yes,0,4,0,107.5,144.0,No
CUST-12214,Male,0,47,11,70.3,769.93,Fiber optic,One year,Credit card (automatic),No,No,No,No,Yes,No,No,0,4,0,126.3,291.5,No
CUST-12215,Female,0,54,34,54.75,1860.66,DSL,Two year,Mailed check,No,No,Yes,No,No,No phone service,No,0,4,0,121.9,152.7,No
CUST-12216,Female,0,56,36,69.88,2492.57,DSL,Month-to-month,Bank transfer (automatic),No,No,Yes,Yes,No,No phone service,No,0,4,0,106.2,97.9,No
CUST-12217,Female,1,72,30,77.14,2309.83,Fiber optic,One year,Mailed check,No,No,Yes,No,Yes,No,Yes,0,4,0,42.3,75.5,No
CUST-12218,Male,0,31,19,92.73,1743.71,Fiber optic,Month-to-month,Electronic check,Yes,No,No,No,Yes,Yes,Yes,0,4,3,176.3,340.7,Yes
CUST-12219,Female,1,65,68,65.3,4462.91,DSL,Month-to-month,Bank transfer (automatic),No,Yes,No,No,Yes,Yes,Yes,1,1,4,85.9,111.9,Yes
CUST-12220,Male,0,33,70,94.04,6583.36,Fiber optic,One year,Electronic check,No,No,Yes,Yes,Yes,No,No,0,3,2,73.9,80.4,No
CUST-12221,Female,0,38,33,104.21,3466.05,Fiber optic,One year,Mailed check,No,Yes,No,Yes,Yes,Yes,No,0,3,1,325.9,314.4,Yes
CUST-12222,Male,1,71,22,91.7,2007.89,Fiber optic,Month-to-month,Mailed check,No,Yes,No,No,Yes,Yes,No,0,5,1,157.9,244.7,Yes
CUST-12223,Female,0,50,36,98.67,3542.6,Fiber optic,Two year,Credit card (automatic),Yes,No,No,Yes,Yes,Yes,No,0,5,1,71.0,106.2,No
CUST-12224,Male,0,64,23,24.16,546.0,No,Month-to-month,Electronic check,No internet service,No internet service,No internet service,No internet service,Yes,Yes,No,0,4,1,71.3,91.6,No
CUST-12225,Female,0,31,63,64.52,4050.86,DSL,Two year,Mailed check,Yes,No,Yes,No,Yes,No,Yes,1,3,0,175.2,206.0,No
CUST-12226,Male,0,36,26,54.09,1423.39,DSL,Month-to-month,Credit card (automatic),No,No,No,Yes,Yes,No,Yes,0,4,1,8.3,7.2,No
CUST-12227,Male,0,22,60,22.5,1336.96,No,Month-to-month,Electronic check,No internet service,No internet service,No internet service,No internet service,Yes,No,Yes,0,5,1,52.0,102.5,No
CUST-12228,Male,0,53,5,87.48,424.68,DSL,Month-to-month,Credit card (automatic),No,Yes,Yes,Yes,Yes,Yes,No,1,2,3,68.3,100.0,Yes
CUST-12229,Male,0,48,54,58.5,3131.81,DSL,Month-to-month,Credit card (automatic),No,Yes,No,No,No,No phone service,Yes,0,4,1,125.4,146.3,No
CUST-12230,Female,0,62,38,69.9,2684.12,Fiber optic,One year,Mailed check,No,No,No,No,Yes,No,No,0,3,3,55.1,92.4,Yes
CUST-12231,Female,1,67,62,69.7,,DSL,One year,Bank transfer (automatic),Yes,No,Yes,No,No,No phone service,Yes,0,3,0,97.0,222.8,No
CUST-12232,Male,0,61,25,102.23,2543.3,Fiber optic,Month-to-month,Credit card (automatic),No,Yes,Yes,Yes,Yes,No,Yes,0,3,2,101.6,121.4,Yes
CUST-12233,Female,0,48,12,83.02,997.49,Fiber optic,Month-to-month,Mailed check,No,No,No,Yes,Yes,No,No,0,3,2,151.9,279.9,Yes
CUST-12234,Male,0,47,22,91.39,2009.54,Fiber optic,Month-to-month,Electronic check,No,No,No,Yes,Yes,Yes,No,0,3,2,109.1,257.5,Yes
CUST-12235,Male,0,38,9,106.59,934.57,Fiber optic,Month-to-month,Credit card (automatic),Yes,No,Yes,Yes,Yes,No,No,0,3,4,81.0,117.3,Yes
CUST-12236,Female,0,64,29,94.99,2756.58,Fiber optic,One year,Electronic check,No,Yes,No,Yes,Yes,No,No,1,3,2,88.8,214.2,Yes
CUST-12237,Male,0,47,44,99.77,4366.68,Fiber optic,One year,Electronic check,No,No,Yes,Yes,Yes,Yes,Yes,0,3,2,177.4,145.7,No
CUST-12238,Male,0,58,27,18.85,505.0,No,Two year,Credit card (automatic),No internet service,No internet service,No internet service,No internet service,Yes,No,No,0,4,0,142.6,142.9,No
CUST-12239,Female,0,21,55,101.07,5534.12,Fiber optic,Month-to-month,Electronic check,Yes,No,Yes,Yes,Yes,No,No,0,3,1,47.1,80.4,No
CUST-12240,Male,0,22,5,30.48,157.73,No,Month-to-month,Bank transfer (automatic),No internet service,No internet service,No internet service,No internet service,Yes,Yes,No,1,2,3,180.2,296.9,No
CUST-12241,Male,1,80,52,76.71,3961.86,DSL,One year,Mailed check,No,Yes,Yes,Yes,Yes,No,Yes,0,4,0,20.6,50.9,No
CUST-12242,Male,0,62,13,83.91,1098.54,DSL,Two year,Bank transfer (automatic),Yes,Yes,Yes,No,Yes,Yes,No,1,3,3,114.1,119.0,No
CUST-12243,Male,0,27,42,97.03,4087.69,Fiber optic,One year,Electronic check,No,No,Yes,Yes,Yes,No,Yes,0,3,2,204.5,508.0,No
CUST-12244,Female,0,44,15,18.4,280.25,No,Month-to-month,Mailed check,No internet service,No internet service,No internet service,No internet service,Yes,No,Yes,0,4,4,175.7,395.0,No
CUST-12245,Female,0,33,18,79.92,1436.73,Fiber optic,Month-to-month,Electronic check,No,No,Yes,No,Yes,No,Yes,0,3,1,80.8,95.2,Yes
CUST-12246,Female,1,72,50,46.51,2299.15,DSL,One year,Electronic check,No,No,No,No,Yes,No,No,0,3,0,74.1,105.6,No
CUST-12247,Male,0,30,2,83.75,138.18,DSL,One year,Electronic check,No,Yes,Yes,Yes,Yes,No,No,1,2,2,50.3,50.5,Yes
CUST-12248,Male,0,53,13,77.63,999.74,Fiber optic,Two year,Electronic check,No,No,No,Yes,Yes,No,No,0,3,2,80.1,187.8,Yes
CUST-12249,Female,0,38,68,85.35,5820.08,Fiber optic,Month-to-month,Credit card (automatic),No,No,Yes,No,Yes,No,No,0,3,2,53.0,77.1,No
CUST-12250,Male,0,62,47,86.22,4061.18,Fiber optic,Two year,Mailed check,No,No,No,Yes,Yes,Yes,No,0,4,2,163.0,141.1,No
CUST-12251,Male,0,57,50,26.45,1300.02,No,Month-to-month,Mailed check,No internet service,No internet service,No internet service,No internet service,Yes,Yes,No,0,3,1,65.2,116.2,No
CUST-12252,Male,0,62,12,19.17,241.32,No,Two year,Mailed check,No internet service,No internet service,No internet service,No internet service,No,No phone service,Yes,0,3,0,47.0,58.2,No
CUST-12253,Male,1,75,13,22.19,292.96,No,Two year,Credit card (automatic),No internet service,No internet service,No internet service,No internet service,Yes,No,No,0,4,1,44.8,65.1,No
CUST-12254,Female,0,37,9,104.27,918.43,Fiber optic,One year,Bank transfer (automatic),No,Yes,Yes,No,Yes,Yes,No,1,4,0,57.1,91.3,Yes
CUST-12255,Female,1,78,59,76.02,4500.5,Fiber optic,One year,Bank transfer (automatic),No,Yes,No,No,Yes,No,No,0,4,0,150.0,139.4,No
CUST-12256,Female,0,62,45,84.45,3820.07,Fiber optic,Month-to-month,Electronic check,No,No,No,Yes,Yes,No,No,1,2,2,44.5,72.6,Yes
CUST-12257,Male,0,22,70,18.25,1261.45,No,Month-to-month,Mailed check,No internet service,No internet service,No internet service,No internet service,No,No phone service,No,0,3,1,22.9,29.6,No
CUST-12258,Female,1,77,43,86.02,3707.01,Fiber optic,Month-to-month,Electronic check,No,No,No,Yes,No,No phone service,Yes,1,2,1,61.9,124.5,Yes
CUST-12259,Female,0,23,23,87.78,2011.63,Fiber optic,Month-to-month,Bank transfer (automatic),No,No,Yes,No,Yes,Yes,No,0,2,2,221.6,273.7,Yes
CUST-12260,Male,0,47,45,29.94,1320.81,No,Month-to-month,Electronic check,No internet service,No internet service,No internet service,No internet service,Yes,Yes,Yes,1,2,2,91.9,221.0,Yes
CUST-12261,Male,0,43,23,63.65,1485.63,DSL,Month-to-month,Bank transfer (automatic),No,Yes,Yes,No,Yes,No,Yes,0,4,1,20.1,41.4,Yes
CUST-12262,Female,0,54,34,71.58,2452.96,DSL,Two year,Electronic check,No,Yes,No,Yes,Yes,No,No,1,2,0,90.7,91.0,No
CUST-12263,Female,0,30,16,97.04,1541.72,Fiber optic,Month-to-month,Mailed check,No,No,Yes,Yes,Yes,Yes,No,1,2,4,70.5,73.2,Yes
CUST-12264,Female,0,46,63,62.33,3928.68,DSL,One year,Mailed check,Yes,Yes,No,No,Yes,No,Yes,1,3,0,64.9,91.6,No
CUST-12265,Female,0,22,51,21.76,1110.5,No,One year,Electronic check,No internet service,No internet service,No internet service,No internet service,Yes,No,No,0,4,2,143.7,121.6,No
CUST-12266,Male,0,42,32,60.54,1917.93,DSL,Month-to-month,Electronic check,No,No,Yes,No,Yes,No,No,0,4,3,103.4,91.3,Yes
CUST-12267,Female,0,30,38,96.94,3662.46,Fiber optic,Month-to-month,Electronic check,Yes,No,No,Yes,Yes,No,Yes,0,4,1,100.0,202.2,Yes
CUST-12268,Female,0,41,56,96.73,5437.54,Fiber optic,Month-to-month,Mailed check,Yes,No,Yes,No,Yes,Yes,No,0,3,2,19.1,25.9,No
CUST-12269,Male,0,48,69,92.07,6374.87,Fiber optic,One year,Bank transfer (automatic),No,No,Yes,Yes,Yes,No,Yes,0,4,1,87.2,99.9,No
CUST-12270,Female,1,71,17,66.92,1151.15,DSL,One year,Mailed check,No,Yes,No,No,Yes,Yes,No,1,3,2,93.0,132.6,No
CUST-12271,Male,0,25,39,85.32,3301.85,Fiber optic,Month-to-month,Mailed check,No,No,No,Yes,Yes,Yes,No,0,2,3,20.4,50.4,Yes
CUST-12272,Male,0,26,41,79.33,3277.08,DSL,Two year,Mailed check,No,No,Yes,Yes,Yes,Yes,No,0,3,3,160.9,375.6,No
CUST-12273,Male,1,72,48,64.23,3111.89,DSL,Month-to-month,Mailed check,No,No,No,Yes,Yes,Yes,No,0,3,2,145.7,179.6,No
CUST-12274,Female,0,37,28,56.89,1609.46,DSL,One year,Electronic check,No,Yes,No,No,Yes,No,No,0,3,2,50.3,46.8,No
CUST-12275,Female,1,67,50,112.25,5603.7,Fiber optic,Month-to-month,Mailed check,No,Yes,Yes,Yes,Yes,Yes,No,0,4,0,72.0,97.8,Yes
CUST-12276,Male,0,43,1,68.27,68.27,DSL,One year,Electronic check,No,Yes,Yes,No,Yes,No,Yes,0,2,2,48.4,39.5,No
CUST-12277,Female,0,59,50,70.67,3555.68,DSL,Two year,Mailed check,No,No,Yes,Yes,Yes,No,Yes,0,5,0,117.6,138.4,No
CUST-12278,Female,0,28,19,83.31,1569.7,Fiber optic,One year,Bank transfer (automatic),No,No,No,Yes,Yes,No,No,1,3,1,71.2,132.5,Yes
CUST-12279,Male,0,54,59,21.65,1255.86,No,Month-to-month,Bank transfer (automatic),No internet service,No internet service,No internet service,No internet service,Yes,No,No,1,4,0,255.4,243.3,No
CUST-12280,Male,0,58,68,102.68,7001.61,Fiber optic,Month-to-month,Electronic check,Yes,Yes,No,Yes,Yes,No,No,0,4,2,74.0,80.8,No
CUST-12281,Female,0,28,67,67.14,4479.98,DSL,Two year,Electronic check,No,No,No,Yes,Yes,Yes,No,1,2,3,99.6,152.7,Yes
CUST-12282,Male,0,44,41,82.76,3417.6,Fiber optic,Month-to-month,Electronic check,Yes,No,No,No,Yes,No,No,0,3,2,23.8,48.0,Yes
CUST-12283,Female,0,47,10,55.88,564.54,DSL,Month-to-month,Mailed check,No,No,No,No,Yes,Yes,No,0,3,0,46.5,78.9,No
CUST-12284,Female,0,36,28,70.54,1978.44,DSL,One year,Mailed check,Yes,No,No,Yes,Yes,No,No,0,4,1,31.0,63.4,No
CUST-12285,Female,0,51,34,98.16,3353.98,Fiber optic,Month-to-month,Electronic check,Yes,No,No,Yes,Yes,Yes,Yes,1,3,1,14.2,13.6,No
CUST-12286,Female,0,55,39,69.46,2679.93,DSL,Month-to-month,Bank transfer (automatic),No,Yes,No,Yes,Yes,No,No,1,2,1,116.3,124.9,Yes
CUST-12287,Male,0,40,56,69.47,3903.13,DSL,Two year,Mailed check,No,No,No,Yes,Yes,Yes,No,0,5,0,41.2,95.3,No
CUST-12288,Male,1,72,52,75.67,3940.75,DSL,Month-to-month,Bank transfer (automatic),No,No,Yes,Yes,Yes,Yes,No,0,4,1,69.4,168.7,Yes
CUST-12289,Male,0,20,3,84.78,255.77,Fiber optic,Month-to-month,Bank transfer (automatic),No,No,Yes,No,No,No phone service,No,0,3,2,182.2,400.0,Yes
CUST-12290,Male,1,71,23,99.91,2280.97,Fiber optic,One year,Bank transfer (automatic),Yes,Yes,No,Yes,Yes,No,No,0,3,0,69.7,141.1,No
CUST-12291,Female,0,45,17,63.76,1103.69,DSL,Two year,Credit card (automatic),No,Yes,No,Yes,Yes,No,Yes,0,4,1,127.7,113.4,No
CUST-12292,Female,0,31,71,97.46,6904.7,Fiber optic,Month-to-month,Electronic check,Yes,Yes,No,No,Yes,Yes,No,0,3,1,95.7,239.0,No
CUST-12293,Male,0,47,26,80.07,2081.21,DSL,One year,Electronic check,Yes,Yes,Yes,No,Yes,No,No,0,4,2,56.7,65.7,No
CUST-12294,Female,0,22,18,86.07,1528.74,Fiber optic,One year,Bank transfer (automatic),Yes,No,No,No,Yes,Yes,No,0,3,3,107.2,160.8,Yes
CUST-12295,Female,0,32,46,101.95,4718.12,Fiber optic,Month-to-month,Mailed check,No,Yes,Yes,Yes,Yes,No,Yes,0,3,2,139.7,261.1,Yes
CUST-12296,Female,0,55,70,18.25,1259.17,No,Month-to-month,Credit card (automatic),No internet service,No internet service,No internet service,No internet service,Yes,No,No,0,2,4,302.7,521.3,No
CUST-12297,Male,0,31,31,84.18,2627.77,DSL,Month-to-month,Electronic check,No,Yes,Yes,Yes,Yes,Yes,Yes,0,5,1,192.8,479.0,No
CUST-12298,Male,0,31,9,70.11,616.77,DSL,One year,Electronic check,No,No,Yes,Yes,No,No phone service,Yes,1,2,1,134.7,243.5,No
CUST-12299,Male,0,25,35,25.43,875.41,No,Two year,Bank transfer (automatic),No internet service,No internet service,No internet service,No internet service,Yes,Yes,Yes,0,3,1,48.2,56.7,No
CUST-12300,Female,0,25,60,77.35,4636.3,DSL,Month-to-month,Electronic check,Yes,Yes,No,No,Yes,Yes,Yes,0,5,0,68.8,120.9,No
CUST-12301,Male,0,36,63,63.46,4018.73,DSL,Two year,Electronic check,No,No,Yes,No,Yes,Yes,No,0,4,0,56.8,76.9,No
CUST-12302,Male,0,49,52,20.42,1073.09,No,One year,Credit card (automatic),No internet service,No internet service,No internet service,No internet service,Yes,No,Yes,1,3,1,58.7,113.4,No
CUST-12303,Male,0,48,48,44.09,2138.62,DSL,Month-to-month,Electronic check,No,No,No,No,Yes,No,Yes,1,4,1,44.3,38.4,No
CUST-12304,Male,0,46,61,71.63,4342.26,DSL,One year,Mailed check,No,Yes,Yes,No,Yes,No,No,1,4,0,129.6,164.6,No
CUST-12305,Male,0,58,24,77.24,1881.1,Fiber optic,Month-to-month,Electronic check,No,No,No,No,Yes,Yes,No,0,3,2,111.3,192.8,Yes
CUST-12306,Male,0,28,58,20.64,1171.75,No,Two year,Electronic check,No internet service,No internet service,No internet service,No internet service,Yes,No,No,0,4,1,178.9,379.4,No
CUST-12307,Female,0,62,64,102.63,6581.58,Fiber optic,One year,Electronic check,Yes,No,No,Yes,Yes,Yes,No,0,3,2,48.4,107.3,Yes
CUST-12308,Female,0,30,30,90.71,2703.73,Fiber optic,One year,Electronic check,No,No,Yes,Yes,Yes,No,No,1,1,2,52.9,124.6,No
CUST-12309,Male,0,44,29,95.33,2785.02,Fiber optic,One year,Electronic check,No,Yes,Yes,No,Yes,Yes,No,0,3,3,146.2,211.0,Yes
CUST-12310,Male,0,36,10,81.55,837.24,Fiber optic,One year,Credit card (automatic),No,No,Yes,No,Yes,No,No,0,3,4,90.1,162.0,Yes
CUST-12311,Female,1,70,39,102.51,4000.96,Fiber optic,Two year,Bank transfer (automatic),Yes,Yes,No,Yes,Yes,No,Yes,0,4,4,28.4,51.0,No
CUST-12312,Female,1,78,55,18.25,997.92,No,One year,Bank transfer (automatic),No internet service,No internet service,No internet service,No internet service,No,No phone service,No,0,4,2,185.0,430.9,No
CUST-12313,Male,0,26,28,54.63,1547.24,DSL,Two year,Electronic check,Yes,No,No,No,Yes,No,Yes,0,4,1,132.1,295.7,No
CUST-12314,Male,0,45,18,111.15,2023.14,Fiber optic,One year,Electronic check,Yes,Yes,Yes,No,Yes,Yes,No,0,5,1,53.3,81.1,No
CUST-12315,Male,0,49,41,69.73,2873.23,DSL,Month-to-month,Bank transfer (automatic),Yes,Yes,No,No,Yes,No,No,0,4,4,82.6,149.6,Yes
CUST-12316,Male,0,20,65,68.02,4445.72,DSL,Two year,Bank transfer (automatic),Yes,No,Yes,No,Yes,No,Yes,0,5,0,120.6,284.2,No
CUST-12317,Female,0,49,46,68.49,3158.13,DSL,One year,Mailed check,No,No,Yes,Yes,Yes,No,No,1,2,2,20.1,50.2,No
CUST-12318,Male,0,22,60,75.23,4524.03,Fiber optic,One year,Mailed check,No,Yes,No,No,Yes,No,No,0,4,1,84.9,174.5,No
CUST-12319,Male,1,70,9,26.11,239.3,No,Two year,Mailed check,No internet service,No internet service,No internet service,No internet service,Yes,Yes,No,0,4,0,82.4,75.5,No
CUST-12320,Male,0,31,45,98.58,4435.39,Fiber optic,Month-to-month,Electronic check,Yes,No,No,Yes,Yes,Yes,No,0,3,2,95.4,221.0,Yes
CUST-12321,Male,0,20,60,81.77,4915.49,Fiber optic,Month-to-month,Bank transfer (automatic),No,No,No,Yes,Yes,No,Yes,0,4,1,59.4,95.8,No
CUST-12322,Female,0,41,28,102.82,2882.63,Fiber optic,Month-to-month,Electronic check,No,Yes,Yes,No,Yes,Yes,No,1,3,1,99.1,138.4,Yes
CUST-12323,Female,0,30,3,69.76,223.15,DSL,One year,Electronic check,Yes,No,Yes,No,Yes,No,No,1,2,1,48.9,63.2,No
CUST-12324,Female,0,60,51,60.45,3109.0,DSL,Two year,Bank transfer (automatic),No,No,Yes,No,No,No phone service,No,0,4,1,111.0,240.5,No
CUST-12325,Male,1,65,8,91.9,727.58,Fiber optic,Two year,Electronic check,No,No,Yes,Yes,Yes,No,No,0,3,1,87.8,204.3,Yes
CUST-12326,Male,0,25,70,88.46,6186.87,Fiber optic,Month-to-month,Bank transfer (automatic),No,No,Yes,No,Yes,Yes,No,0,3,3,166.2,326.7,No
CUST-12327,Female,0,59,59,63.5,3717.4,DSL,One year,Credit card (automatic),No,Yes,No,Yes,No,No phone service,No,0,4,1,38.0,34.2,No
CUST-12328,Male,0,48,61,70.57,4306.39,DSL,Two year,Electronic check,No,Yes,Yes,No,No,No phone service,No,0,3,1,83.9,207.9,No
CUST-12329,Male,0,43,58,83.52,4822.04,Fiber optic,One year,Bank transfer (automatic),No,No,Yes,No,Yes,No,No,0,3,1,123.2,215.4,No
CUST-12330,Female,0,35,70,18.25,1290.46,No,Month-to-month,Mailed check,No internet service,No internet service,No internet service,No internet service,Yes,No,Yes,0,3,2,111.5,246.0,No
CUST-12331,Female,0,35,12,18.25,235.78,No,One year,Electronic check,No internet service,No internet service,No internet service,No internet service,Yes,No,No,0,3,2,244.2,494.7,No
CUST-12332,Female,0,24,9,98.53,900.13,Fiber optic,Two year,Bank transfer (automatic),Yes,Yes,No,Yes,Yes,No,No,1,4,0,126.1,172.8,No
CUST-12333,Female,0,55,49,69.69,3417.61,DSL,Two year,Bank transfer (automatic),No,No,No,Yes,Yes,Yes,No,0,3,1,52.1,123.0,No
CUST-12334,Male,0,33,17,78.25,1332.3,Fiber optic,One year,Bank transfer (automatic),No,Yes,No,No,Yes,No,No,0,4,1,119.3,157.3,No
CUST-12335,Male,0,50,54,72.96,3948.63,DSL,Two year,Credit card (automatic),Yes,Yes,No,No,Yes,Yes,Yes,1,3,1,108.1,266.5,No
CUST-12336,Female,0,20,44,90.18,3971.2,Fiber optic,Month-to-month,Electronic check,Yes,No,No,Yes,Yes,No,No,0,4,4,95.9,237.1,Yes
CUST-12337,Male,0,55,32,103.74,3334.7,Fiber optic,Month-to-month,Bank transfer (automatic),No,Yes,Yes,Yes,No,No phone service,No,0,3,2,105.6,92.2,No
CUST-12338,Female,0,21,35,67.99,2403.32,DSL,Two year,Bank transfer (automatic),No,Yes,No,No,Yes,Yes,No,0,5,1,102.1,104.1,No
CUST-12339,Female,0,53,49,25.87,1269.8,No,Month-to-month,Electronic check,No internet service,No internet service,No internet service,No internet service,Yes,Yes,Yes,0,4,1,140.5,168.4,No
CUST-12340,Male,0,21,54,67.83,3639.44,Fiber optic,Month-to-month,Credit card (automatic),No,No,No,No,Yes,No,No,0,4,1,49.3,70.4,Yes
CUST-12341,Female,0,59,16,86.71,1365.22,Fiber optic,Month-to-month,Electronic check,No,Yes,No,No,Yes,Yes,No,0,5,2,207.1,395.7,Yes
CUST-12342,Male,0,26,12,88.69,1056.84,Fiber optic,One year,Bank transfer (automatic),No,Yes,No,Yes,Yes,No,Yes,0,4,3,58.9,83.7,No
CUST-12343,Male,0,57,8,77.39,618.9,DSL,One year,Bank transfer (automatic),Yes,No,No,Yes,Yes,Yes,No,0,3,2,63.2,151.3,No
CUST-12344,Male,0,34,21,71.79,1491.09,DSL,Month-to-month,Mailed check,Yes,Yes,No,No,Yes,Yes,Yes,0,3,1,48.9,78.7,No
CUST-12345,Male,0,34,48,65.81,3156.05,DSL,Two year,Electronic check,No,No,No,Yes,Yes,Yes,No,0,4,1,51.0,89.1,No
CUST-12346,Female,0,50,8,88.61,687.02,DSL,Two year,Electronic check,Yes,No,Yes,Yes,Yes,Yes,No,0,3,4,113.9,212.4,No
CUST-12347,Male,1,65,28,62.35,,DSL,Month-to-month,Electronic check,No,Yes,No,Yes,Yes,No,No,1,2,0,108.6,165.4,Yes
CUST-12348,Female,0,31,10,58.44,598.44,DSL,Month-to-month,Mailed check,No,No,Yes,No,Yes,No,No,0,4,2,153.8,289.0,Yes
CUST-12349,Female,0,39,52,65.33,3426.29,DSL,One year,Electronic check,No,No,Yes,No,Yes,Yes,No,0,3,1,228.9,218.0,No
CUST-12350,Female,0,44,15,70.83,1043.62,DSL,One year,Mailed check,Yes,No,No,Yes,Yes,Yes,No,0,4,0,135.7,224.4,No
CUST-12351,Female,0,60,4,24.24,87.31,No,Month-to-month,Electronic check,No internet service,No internet service,No internet service,No internet service,Yes,Yes,No,0,3,1,150.6,205.0,No
CUST-12352,Male,0,20,62,118.75,7353.54,Fiber optic,Month-to-month,Electronic check,Yes,Yes,Yes,Yes,Yes,Yes,No,0,4,3,109.8,125.6,No
CUST-12353,Male,0,41,4,80.46,305.24,Fiber optic,Month-to-month,Mailed check,No,No,No,Yes,Yes,No,No,0,5,1,65.0,56.2,No
CUST-12354,Female,0,47,41,103.37,4220.41,Fiber optic,Month-to-month,Bank transfer (automatic),No,Yes,Yes,Yes,Yes,No,No,1,3,2,183.0,389.3,No
CUST-12355,Female,0,25,55,21.36,1152.7,No,Month-to-month,Bank transfer (automatic),No internet service,No internet service,No internet service,No internet service,Yes,No,No,1,3,2,33.7,33.9,No
CUST-12356,Male,0,39,28,78.54,2223.57,Fiber optic,One year,Electronic check,No,No,No,Yes,Yes,No,No,0,4,1,54.4,59.3,Yes
CUST-12357,Female,0,42,47,115.62,5443.1,Fiber optic,One year,Electronic check,Yes,Yes,Yes,Yes,Yes,No,No,0,4,2,66.5,72.2,No
CUST-12358,Male,0,27,9,23.18,196.05,No,One year,Credit card (automatic),No internet service,No internet service,No internet service,No internet service,Yes,No,No,0,3,0,188.9,466.0,No
CUST-12359,Female,0,46,2,23.03,31.55,No,Month-to-month,Electronic check,No internet service,No internet service,No internet service,No internet service,Yes,Yes,No,0,5,1,123.6,152.1,Yes
CUST-12360,Male,1,69,67,18.68,1256.94,No,One year,Bank transfer (automatic),No internet service,No internet service,No internet service,No internet service,Yes,No,No,0,4,0,103.3,115.4,No
CUST-12361,Female,1,66,48,111.75,5375.83,Fiber optic,Month-to-month,Mailed check,Yes,Yes,Yes,Yes,Yes,No,Yes,0,4,4,50.6,123.9,Yes
CUST-12362,Female,1,76,69,19.32,1318.26,No,Month-to-month,Electronic check,No internet service,No internet service,No internet service,No internet service,No,No phone service,No,0,4,1,73.2,136.6,No
CUST-12363,Male,0,56,28,91.15,2543.03,Fiber optic,One year,Bank transfer (automatic),No,No,No,Yes,Yes,Yes,No,0,4,3,102.6,201.1,No
CUST-12364,Female,0,41,14,88.88,1231.76,Fiber optic,One year,Credit card (automatic),No,Yes,Yes,No,Yes,No,Yes,1,3,1,71.9,157.1,Yes
CUST-12365,Female,0,26,46,76.34,3486.9,Fiber optic,Month-to-month,Credit card (automatic),Yes,No,No,No,No,No phone service,No,0,3,5,342.5,592.1,No
CUST-12366,Male,0,61,13,47.29,607.96,DSL,One year,Bank transfer (automatic),No,No,No,No,Yes,No,Yes,1,2,2,120.1,206.9,Yes
CUST-12367,Female,0,43,16,105.86,1695.78,Fiber optic,Two year,Mailed check,No,Yes,Yes,Yes,Yes,No,No,1,3,1,11.3,28.2,Yes
CUST-12368,Male,0,26,40,86.61,3473.72,DSL,One year,Electronic check,Yes,No,Yes,Yes,Yes,Yes,Yes,0,4,0,54.5,107.5,No
CUST-12369,Male,0,37,72,20.01,1435.72,No,One year,Mailed check,No internet service,No internet service,No internet service,No internet service,Yes,No,No,0,3,0,238.8,479.9,No
CUST-12370,Female,0,52,30,91.7,2780.0,Fiber optic,Two year,Electronic check,No,No,Yes,Yes,Yes,No,No,0,5,0,102.1,97.0,No
CUST-12371,Female,0,53,65,68.29,4446.4,Fiber optic,One year,Credit card (automatic),No,No,No,No,No,No phone service,No,0,4,0,48.1,47.8,No
CUST-12372,Female,1,70,58,98.2,5718.8,Fiber optic,One year,Electronic check,No,Yes,Yes,No,Yes,Yes,Yes,0,3,5,33.8,56.2,No
CUST-12373,Female,0,53,48,22.26,1093.44,No,Month-to-month,Mailed check,No internet service,No internet service,No internet service,No internet service,Yes,No,No,0,3,2,73.8,150.5,No
CUST-12374,Female,0,26,49,90.56,4456.72,Fiber optic,Month-to-month,Mailed check,Yes,Yes,No,No,Yes,No,No,0,4,2,218.8,455.4,No
CUST-12375,Female,1,80,2,102.29,190.78,Fiber optic,One year,Mailed check,No,Yes,Yes,No,Yes,Yes,No,0,4,1,131.8,281.0,Yes
CUST-12376,Female,0,18,14,80.91,1128.62,Fiber optic,One year,Electronic check,Yes,No,No,No,Yes,No,Yes,0,5,3,145.4,292.5,No
CUST-12377,Male,0,22,17,28.46,453.84,No,Month-to-month,Electronic check,No internet service,No internet service,No internet service,No internet service,Yes,Yes,No,0,3,2,55.6,55.6,Yes
CUST-12378,Female,0,26,31,80.21,2483.59,Fiber optic,Two year,Mailed check,No,No,Yes,No,Yes,No,No,1,2,2,88.8,196.9,No
CUST-12379,Male,0,54,10,92.95,917.13,Fiber optic,Month-to-month,Bank transfer (automatic),No,No,Yes,Yes,Yes,No,Yes,0,2,1,156.0,328.1,Yes
CUST-12380,Female,1,80,70,85.87,5987.61,Fiber optic,One year,Mailed check,No,No,Yes,No,Yes,No,Yes,0,4,1,119.3,171.2,No
CUST-12381,Female,0,36,37,28.76,1084.44,No,Month-to-month,Mailed check,No internet service,No internet service,No internet service,No internet service,Yes,Yes,No,0,4,2,51.5,77.0,No
CUST-12382,Male,0,25,64,90.24,5785.77,Fiber optic,Month-to-month,Bank transfer (automatic),Yes,Yes,No,No,Yes,No,No,0,4,2,159.4,277.5,No
CUST-12383,Female,0,59,30,52.53,1605.85,DSL,Two year,Bank transfer (automatic),No,No,No,Yes,Yes,No,No,0,5,1,242.7,603.8,No
CUST-12384,Female,0,60,34,91.71,3118.04,Fiber optic,Month-to-month,Electronic check,No,No,No,Yes,Yes,Yes,No,1,2,2,31.5,65.1,Yes
CUST-12385,Male,1,78,18,21.86,383.32,No,Month-to-month,Electronic check,No internet service,No internet service,No internet service,No internet service,Yes,No,No,0,5,1,73.0,162.4,No
CUST-12386,Female,0,30,63,88.91,5587.16,DSL,Month-to-month,Credit card (automatic),Yes,No,Yes,Yes,Yes,Yes,No,0,4,2,84.7,97.4,No
CUST-12387,Female,0,37,49,72.91,3568.71,DSL,Month-to-month,Mailed check,No,No,Yes,Yes,Yes,Yes,Yes,0,4,0,130.2,216.1,No
CUST-12388,Female,0,53,56,112.0,6260.59,Fiber optic,One year,Electronic check,Yes,Yes,Yes,Yes,Yes,No,Yes,1,2,3,112.0,196.7,No
CUST-12389,Male,0,60,58,102.71,5986.63,Fiber optic,Two year,Electronic check,No,Yes,Yes,Yes,No,No phone service,Yes,0,4,2,105.1,92.0,No
CUST-12390,Female,1,77,27,93.26,2498.99,Fiber optic,Month-to-month,Bank transfer (automatic),Yes,Yes,No,No,Yes,No,Yes,0,4,1,95.7,94.7,No
CUST-12391,Female,0,54,55,83.81,4580.7,DSL,One year,Bank transfer (automatic),Yes,No,Yes,Yes,Yes,No,No,0,4,0,104.0,121.1,No
CUST-12392,Female,0,47,19,27.15,493.65,No,One year,Credit card (automatic),No internet service,No internet service,No internet service,No internet service,Yes,Yes,Yes,1,2,0,131.5,302.7,No
CUST-12393,Female,0,27,23,78.54,1829.91,Fiber optic,Two year,Mailed check,No,No,No,No,Yes,Yes,No,0,5,0,127.7,270.4,No
CUST-12394,Male,0,48,47,18.25,869.39,No,Two year,Electronic check,No internet service,No internet service,No internet service,No internet service,No,No phone service,No,0,4,2,114.2,185.8,No
CUST-12395,Male,0,42,66,87.09,5764.98,Fiber optic,One year,Bank transfer (automatic),Yes,No,Yes,No,Yes,No,No,0,3,1,194.5,414.9,No
CUST-12396,Female,1,66,51,23.75,1200.48,No,Month-to-month,Electronic check,No internet service,No internet service,No internet service,No internet service,Yes,Yes,No,0,4,0,25.2,42.5,No
CUST-12397,Female,0,41,28,114.19,3204.68,Fiber optic,Month-to-month,Electronic check,No,Yes,Yes,Yes,Yes,Yes,Yes,1,3,0,37.9,89.7,Yes
CUST-12398,Male,1,78,57,76.78,4388.93,Fiber optic,Month-to-month,Electronic check,No,Yes,No,No,Yes,No,No,0,4,1,63.5,81.6,Yes
CUST-12399,Male,0,38,58,71.58,4141.22,DSL,One year,Electronic check,No,No,Yes,Yes,Yes,No,Yes,0,4,1,80.8,81.0,No
CUST-12400,Female,0,58,15,54.32,828.27,DSL,One year,Credit card (automatic),No,Yes,No,No,No,No phone service,No,0,4,1,78.0,68.9,No
CUST-12401,Male,0,26,16,68.5,1103.78,DSL,One year,Bank transfer (automatic),No,No,No,Yes,Yes,Yes,No,0,4,2,178.2,275.3,No
CUST-12402,Female,0,59,47,68.7,3216.67,DSL,One year,Electronic check,No,No,Yes,No,Yes,Yes,No,1,4,0,122.7,161.8,Yes
CUST-12403,Male,1,72,63,60.8,3803.57,DSL,Month-to-month,Bank transfer (automatic),No,No,Yes,No,Yes,No,No,0,5,0,102.8,251.3,No
CUST-12404,Male,0,19,12,104.44,1237.55,Fiber optic,One year,Bank transfer (automatic),Yes,No,Yes,Yes,Yes,No,No,0,3,3,17.8,40.9,No
CUST-12405,Male,0,21,43,92.89,4001.44,Fiber optic,Month-to-month,Credit card (automatic),No,No,No,Yes,Yes,Yes,No,0,4,2,222.2,340.2,No
CUST-12406,Male,0,25,29,83.62,2430.92,Fiber optic,Month-to-month,Credit card (automatic),No,No,Yes,No,Yes,No,Yes,1,2,2,99.7,82.6,Yes
CUST-12407,Female,0,49,49,49.87,2444.09,DSL,Month-to-month,Electronic check,No,No,No,No,Yes,Yes,Yes,0,4,1,25.1,24.1,Yes
CUST-12408,Male,0,31,3,53.82,146.55,DSL,Two year,Credit card (automatic),Yes,No,No,No,Yes,No,No,0,4,2,120.3,140.3,No
CUST-12409,Male,0,30,69,79.62,5490.45,DSL,Month-to-month,Electronic check,Yes,No,Yes,No,Yes,Yes,No,0,4,2,90.1,132.2,No
CUST-12410,Female,0,38,60,69.73,4162.44,DSL,Two year,Electronic check,Yes,No,No,Yes,No,No phone service,No,0,3,2,191.8,414.8,No
CUST-12411,Male,0,41,66,91.63,6057.32,Fiber optic,Month-to-month,Electronic check,No,No,Yes,Yes,Yes,No,Yes,0,4,3,46.5,104.6,No
CUST-12412,Male,0,35,26,66.81,1759.21,DSL,Month-to-month,Electronic check,No,No,Yes,Yes,Yes,No,No,0,4,1,59.9,149.7,Yes
CUST-12413,Female,0,62,71,67.54,4793.16,Fiber optic,Two year,Credit card (automatic),No,No,No,No,Yes,No,Yes,0,4,1,83.9,142.9,No
CUST-12414,Male,0,57,69,77.29,5315.79,DSL,One year,Bank transfer (automatic),No,Yes,Yes,Yes,Yes,No,No,1,2,3,87.6,211.3,Yes
CUST-12415,Female,0,43,47,86.28,4074.83,Fiber optic,Month-to-month,Bank transfer (automatic),No,No,Yes,No,Yes,No,Yes,0,4,1,42.4,81.0,Yes
CUST-12416,Female,1,75,42,66.34,2775.06,DSL,Month-to-month,Credit card (automatic),Yes,No,Yes,No,Yes,No,Yes,0,3,4,19.4,31.3,No
CUST-12417,Female,0,61,31,85.64,2660.48,DSL,Two year,Mailed check,Yes,No,Yes,Yes,Yes,Yes,No,0,4,2,115.2,118.6,No
CUST-12418,Female,0,50,22,87.39,1897.11,Fiber optic,Month-to-month,Electronic check,No,No,Yes,No,Yes,Yes,No,1,2,1,113.3,267.2,Yes
CUST-12419,Male,0,48,17,58.92,1014.72,DSL,One year,Bank transfer (automatic),No,Yes,No,No,Yes,No,Yes,0,4,2,228.4,529.8,No
CUST-12420,Female,0,35,20,84.57,1689.04,Fiber optic,Month-to-month,Credit card (automatic),Yes,No,No,No,Yes,No,No,0,3,1,184.7,423.9,Yes
CUST-12421,Male,0,52,8,90.24,717.32,Fiber optic,Month-to-month,Credit card (automatic),Yes,No,No,Yes,Yes,No,Yes,0,3,1,97.2,237.0,No
CUST-12422,Male,0,29,49,68.17,3366.42,DSL,Month-to-month,Mailed check,No,Yes,Yes,No,Yes,No,No,0,5,1,52.8,115.8,No
CUST-12423,Male,0,42,38,24.58,933.53,No,One year,Credit card (automatic),No internet service,No internet service,No internet service,No internet service,Yes,No,No,0,4,1,154.2,124.8,No
CUST-12424,Male,0,62,53,103.99,5482.48,Fiber optic,One year,Credit card (automatic),Yes,No,Yes,Yes,No,No phone service,No,1,3,2,44.6,89.9,No
CUST-12425,Male,0,48,28,81.69,2314.91,Fiber optic,Month-to-month,Electronic check,No,No,Yes,No,Yes,No,No,0,4,1,47.4,71.4,Yes
CUST-12426,Male,0,27,29,65.28,1863.85,DSL,One year,Bank transfer (automatic),Yes,Yes,No,No,Yes,No,Yes,1,3,0,120.5,289.8,Yes
CUST-12427,Male,1,68,72,70.33,5065.91,DSL,Two year,Electronic check,Yes,No,Yes,No,Yes,Yes,Yes,0,4,3,63.2,134.8,No
CUST-12428,Male,0,51,11,98.0,1086.02,Fiber optic,Two year,Mailed check,Yes,No,Yes,No,Yes,Yes,No,1,2,3,110.3,238.8,Yes
CUST-12429,Male,0,20,47,21.99,1057.2,No,Month-to-month,Credit card (automatic),No internet service,No internet service,No internet service,No internet service,Yes,No,No,0,4,0,139.0,136.9,No
CUST-12430,Male,1,65,45,79.67,3595.9,DSL,Month-to-month,Bank transfer (automatic),No,Yes,Yes,No,Yes,Yes,No,0,3,1,39.7,63.1,No
CUST-12431,Female,0,56,18,100.69,1831.09,Fiber optic,Two year,Bank transfer (automatic),Yes,No,No,Yes,Yes,Yes,Yes,0,4,1,61.6,97.0,No
CUST-12432,Female,0,25,50,96.9,4861.2,Fiber optic,Month-to-month,Credit card (automatic),No,Yes,No,Yes,Yes,Yes,No,0,4,0,186.5,306.0,No
CUST-12433,Female,0,49,49,74.27,3622.04,DSL,Month-to-month,Electronic check,No,Yes,No,Yes,Yes,Yes,No,0,2,2,146.4,315.3,Yes
CUST-12434,Male,1,77,22,88.9,1967.83,DSL,Two year,Electronic check,Yes,Yes,Yes,Yes,Yes,No,Yes,0,4,2,144.5,169.8,No
CUST-12435,Female,0,46,45,86.52,3901.65,Fiber optic,Month-to-month,Electronic check,No,No,Yes,No,Yes,Yes,No,1,3,1,55.1,60.9,Yes
CUST-12436,Female,1,69,61,18.29,1100.33,No,Month-to-month,Bank transfer (automatic),No internet service,No internet service,No internet service,No internet service,Yes,No,No,0,5,1,99.4,224.5,No
CUST-12437,Female,0,37,21,89.45,1856.15,Fiber optic,Month-to-month,Credit card (automatic),No,No,Yes,No,Yes,Yes,No,0,3,1,26.8,59.5,Yes
CUST-12438,Male,0,23,71,54.62,3893.12,DSL,Two year,Mailed check,No,No,No,Yes,Yes,No,No,0,4,5,265.4,512.9,No
CUST-12439,Male,1,71,61,102.54,6283.21,Fiber optic,Month-to-month,Credit card (automatic),Yes,No,Yes,Yes,Yes,No,No,1,1,1,109.1,98.9,Yes
CUST-12440,Male,0,46,36,18.25,671.31,No,Two year,Bank transfer (automatic),No internet service,No internet service,No internet service,No internet service,Yes,No,Yes,1,2,6,56.5,114.4,Yes
CUST-12441,Male,0,59,24,58.13,1410.09,DSL,One year,Mailed check,No,No,No,Yes,No,No phone service,No,0,5,1,78.6,77.3,No
CUST-12442,Female,0,34,32,80.79,2565.28,Fiber optic,Month-to-month,Bank transfer (automatic),Yes,No,No,No,Yes,No,No,0,4,2,92.1,135.8,Yes
CUST-12443,Female,0,48,59,28.52,1667.5,No,Month-to-month,Credit card (automatic),No internet service,No internet service,No internet service,No internet service,Yes,Yes,No,0,3,2,47.5,105.8,No
CUST-12444,Female,1,80,5,89.97,455.0,Fiber optic,Month-to-month,Electronic check,No,No,Yes,Yes,Yes,No,Yes,0,4,2,102.8,87.6,Yes
CUST-12445,Female,0,55,16,61.84,961.33,DSL,One year,Electronic check,No,No,No,Yes,Yes,Yes,No,0,5,0,56.3,105.7,No
CUST-12446,Male,0,54,11,24.11,275.29,No,Month-to-month,Electronic check,No internet service,No internet service,No internet service,No internet service,Yes,Yes,No,0,3,3,24.3,42.3,No
CUST-12447,Male,0,21,35,64.63,2240.74,DSL,Two year,Credit card (automatic),No,No,Yes,Yes,Yes,No,No,0,4,0,133.8,192.8,No
CUST-12448,Male,0,19,42,18.25,761.3,No,Month-to-month,Credit card (automatic),No internet service,No internet service,No internet service,No internet service,Yes,No,No,0,4,0,78.5,91.2,No
CUST-12449,Female,0,29,10,18.25,171.71,No,Month-to-month,Mailed check,No internet service,No internet service,No internet service,No internet service,Yes,No,Yes,1,3,3,109.4,118.3,No
CUST-12450,Male,0,52,8,22.25,154.39,No,Month-to-month,Credit card (automatic),No internet service,No internet service,No internet service,No internet service,No,No phone service,No,0,4,1,141.7,315.7,Yes
CUST-12451,Male,0,23,26,83.96,2187.69,Fiber optic,One year,Mailed check,No,No,Yes,No,Yes,No,No,0,5,3,165.9,163.9,No
CUST-12452,Female,1,69,3,101.01,294.7,Fiber optic,Month-to-month,Mailed check,Yes,No,Yes,Yes,Yes,No,Yes,1,3,1,175.7,428.8,Yes
CUST-12453,Female,0,25,59,63.66,3728.58,DSL,Month-to-month,Credit card (automatic),No,Yes,Yes,No,Yes,No,Yes,0,4,0,100.0,113.3,No
CUST-12454,Male,0,38,3,73.45,217.02,DSL,Two year,Mailed check,No,No,Yes,Yes,Yes,Yes,No,0,3,0,75.1,152.2,No
CUST-12455,Male,1,67,38,77.2,2939.02,DSL,One year,Mailed check,No,Yes,Yes,Yes,No,No phone service,No,0,5,0,202.9,354.5,No
CUST-12456,Male,0,52,2,67.94,113.7,Fiber optic,One year,Electronic check,No,No,No,No,Yes,No,No,0,5,1,68.4,98.3,Yes
CUST-12457,Male,0,32,17,18.25,315.35,No,One year,Electronic check,No internet service,No internet service,No internet service,No internet service,Yes,No,No,1,3,2,171.8,404.4,No
CUST-12458,Male,0,24,36,28.68,1020.6,No,One year,Bank transfer (automatic),No internet service,No internet service,No internet service,No internet service,Yes,Yes,Yes,0,3,3,108.9,93.4,No
CUST-12459,Male,1,77,2,107.98,201.54,Fiber optic,Month-to-month,Electronic check,Yes,No,Yes,Yes,Yes,No,No,0,4,1,43.2,90.9,Yes
CUST-12460,Female,0,62,34,102.39,3498.99,Fiber optic,Month-to-month,Bank transfer (automatic),No,No,Yes,Yes,Yes,Yes,No,1,2,2,192.6,396.3,Yes
CUST-12461,Female,1,79,27,87.64,2364.34,Fiber optic,Two year,Bank transfer (automatic),Yes,No,Yes,No,Yes,No,No,0,3,3,76.0,168.8,No
CUST-12462,Female,0,64,37,105.0,3877.68,Fiber optic,Month-to-month,Mailed check,No,Yes,Yes,Yes,Yes,No,No,0,5,1,69.9,161.9,Yes
CUST-12463,Male,0,34,71,66.85,4765.13,DSL,One year,Bank transfer (automatic),Yes,No,Yes,No,No,No phone service,Yes,0,4,1,84.1,132.7,No
CUST-12464,Female,0,21,22,32.07,730.16,No,Month-to-month,Credit card (automatic),No internet service,No internet service,No internet service,No internet service,Yes,Yes,No,0,4,1,42.5,82.8,Yes
CUST-12465,Male,0,39,68,86.63,5879.75,Fiber optic,Month-to-month,Electronic check,No,Yes,No,No,Yes,Yes,Yes,0,5,0,39.5,70.2,No
CUST-12466,Male,0,49,14,59.52,806.3,DSL,Month-to-month,Mailed check,No,No,Yes,No,Yes,No,Yes,0,4,2,60.1,108.5,Yes
CUST-12467,Female,0,39,23,74.38,1713.18,DSL,Month-to-month,Credit card (automatic),Yes,No,Yes,Yes,Yes,No,No,0,3,1,86.2,72.6,No
CUST-12468,Male,0,44,44,114.21,5038.15,Fiber optic,One year,Electronic check,Yes,No,Yes,Yes,Yes,Yes,Yes,0,4,0,54.4,132.6,No
CUST-12469,Male,0,63,65,62.42,4062.57,DSL,Month-to-month,Electronic check,Yes,No,No,Yes,No,No phone service,No,1,3,3,136.4,146.7,Yes
CUST-12470,Female,0,32,61,63.45,3881.73,DSL,Month-to-month,Mailed check,Yes,Yes,No,No,Yes,No,Yes,0,3,2,46.8,70.4,No
CUST-12471,Female,0,61,55,32.48,1795.2,No,Two year,Mailed check,No internet service,No internet service,No internet service,No internet service,Yes,Yes,No,0,3,1,91.2,181.6,No
CUST-12472,Female,0,39,71,89.03,6348.49,DSL,Month-to-month,Electronic check,Yes,No,Yes,Yes,Yes,Yes,Yes,0,5,0,80.6,93.7,No
CUST-12473,Male,0,45,50,81.25,4084.46,DSL,Two year,Mailed check,Yes,Yes,No,Yes,No,No phone service,No,0,4,4,83.9,83.7,No
CUST-12474,Female,0,59,12,81.96,961.43,Fiber optic,Two year,Mailed check,No,No,Yes,No,Yes,No,Yes,0,4,2,69.9,162.4,No
CUST-12475,Female,0,55,15,81.06,1213.06,Fiber optic,Two year,Mailed check,No,Yes,No,No,Yes,No,No,0,4,0,55.0,98.3,No
CUST-12476,Male,0,26,17,90.18,1530.35,Fiber optic,Two year,Bank transfer (automatic),No,No,Yes,No,Yes,Yes,No,0,3,3,131.6,135.4,No
CUST-12477,Female,0,51,34,81.79,2778.24,Fiber optic,Month-to-month,Bank transfer (automatic),No,No,Yes,No,Yes,No,No,0,2,1,34.9,79.7,Yes
CUST-12478,Female,1,69,35,88.78,3133.14,Fiber optic,Two year,Mailed check,Yes,No,No,No,Yes,Yes,No,0,4,1,102.3,114.7,No
CUST-12479,Female,0,26,39,77.39,3007.84,Fiber optic,Two year,Mailed check,No,No,No,Yes,Yes,No,Yes,0,3,1,112.3,215.4,Yes
CUST-12480,Male,0,32,55,75.86,4179.16,DSL,Two year,Bank transfer (automatic),No,Yes,Yes,Yes,No,No phone service,Yes,0,2,2,89.1,200.9,No
CUST-12481,Male,0,62,59,54.15,3218.63,DSL,Month-to-month,Mailed check,No,No,Yes,No,No,No phone service,Yes,0,5,2,139.8,259.1,No
CUST-12482,Male,0,37,5,100.83,477.18,Fiber optic,Two year,Credit card (automatic),No,No,Yes,Yes,Yes,Yes,No,0,3,4,124.4,101.0,Yes
CUST-12483,Male,0,25,30,99.35,3003.21,Fiber optic,One year,Mailed check,Yes,No,Yes,No,Yes,Yes,No,0,3,2,106.9,203.6,No
CUST-12484,Female,0,45,4,65.4,277.5,DSL,One year,Bank transfer (automatic),Yes,No,No,No,Yes,Yes,Yes,0,4,1,99.9,176.3,No
CUST-12485,Male,0,36,15,106.66,1582.37,Fiber optic,Month-to-month,Electronic check,Yes,Yes,No,Yes,Yes,Yes,No,0,5,1,98.9,167.9,No
CUST-12486,Male,0,33,35,90.7,3164.03,Fiber optic,Month-to-month,Credit card (automatic),No,No,Yes,No,Yes,Yes,No,0,5,1,58.3,77.0,Yes
CUST-12487,Female,0,28,55,84.72,4648.24,DSL,Two year,Mailed check,Yes,No,Yes,Yes,Yes,Yes,Yes,0,4,2,140.3,261.7,No
CUST-12488,Female,0,59,66,70.16,4613.84,Fiber optic,Month-to-month,Bank transfer (automatic),No,No,No,No,Yes,No,No,0,3,0,118.5,98.1,Yes
CUST-12489,Female,0,25,60,91.27,5484.51,Fiber optic,Month-to-month,Mailed check,No,No,No,Yes,Yes,Yes,No,1,2,2,174.5,293.3,Yes
CUST-12490,Male,0,50,24,88.82,2160.65,Fiber optic,Two year,Electronic check,Yes,No,No,No,Yes,Yes,No,1,2,3,129.3,175.6,Yes
CUST-12491,Male,1,69,22,79.15,1721.3,Fiber optic,Month-to-month,Mailed check,No,No,No,Yes,Yes,No,No,0,4,1,52.5,46.3,Yes
CUST-12492,Male,0,35,44,30.09,,No,Month-to-month,Electronic check,No internet service,No internet service,No internet service,No internet service,Yes,Yes,Yes,1,3,2,125.3,156.1,Yes
CUST-12493,Female,0,52,32,81.54,2596.7,Fiber optic,Month-to-month,Mailed check,Yes,No,No,No,Yes,No,No,1,2,5,30.0,66.7,Yes
CUST-12494,Female,1,70,51,81.32,4173.57,DSL,Month-to-month,Electronic check,No,No,Yes,Yes,Yes,Yes,No,0,3,2,59.8,74.1,No
CUST-12495,Male,0,20,3,46.34,146.57,DSL,Month-to-month,Electronic check,No,No,No,No,No,No phone service,No,0,4,1,139.2,223.1,Yes
CUST-12496,Female,0,57,70,104.2,7276.76,Fiber optic,Month-to-month,Electronic check,No,No,Yes,Yes,Yes,Yes,No,1,3,4,33.8,59.5,Yes
CUST-12497,Female,0,44,32,73.11,2357.76,Fiber optic,Month-to-month,Bank transfer (automatic),No,No,No,No,Yes,No,No,0,4,2,78.9,101.6,Yes
CUST-12498,Female,1,70,2,24.06,73.49,No,One year,Bank transfer (automatic),No internet service,No internet service,No internet service,No internet service,Yes,Yes,Yes,0,4,1,224.5,387.0,No
CUST-12499,Male,0,63,59,21.96,1289.85,No,Two year,Electronic check,No internet service,No internet service,No internet service,No internet service,Yes,No,No,0,3,0,77.0,186.7,No
CUST-12500,Female,0,23,14,110.19,1523.03,Fiber optic,Month-to-month,Mailed check,No,Yes,Yes,Yes,Yes,Yes,No,1,2,3,29.8,33.2,Yes
CUST-12501,Female,0,64,51,97.23,4947.32,Fiber optic,Month-to-month,Mailed check,No,No,Yes,Yes,Yes,No,Yes,0,3,4,174.2,403.6,No
CUST-12502,Male,1,75,11,66.8,717.83,DSL,Month-to-month,Mailed check,No,Yes,No,Yes,Yes,No,No,0,3,3,36.1,63.3,Yes
CUST-12503,Male,0,24,10,102.81,1010.19,Fiber optic,Two year,Electronic check,No,No,Yes,Yes,Yes,Yes,Yes,0,3,0,102.9,218.6,No
CUST-12504,Female,0,27,58,79.6,4597.05,Fiber optic,Two year,Electronic check,No,No,No,Yes,Yes,No,No,0,5,2,116.8,212.4,No
CUST-12505,Female,1,80,34,105.51,3609.9,Fiber optic,Month-to-month,Credit card (automatic),No,Yes,Yes,Yes,Yes,No,No,0,5,1,49.2,64.9,No
CUST-12506,Male,0,48,53,77.36,4075.23,Fiber optic,Month-to-month,Credit card (automatic),No,No,Yes,No,Yes,No,Yes,0,3,3,167.8,298.2,No
CUST-12507,Male,0,46,28,96.49,2696.52,Fiber optic,One year,Mailed check,No,No,Yes,Yes,No,No phone service,Yes,0,3,4,51.0,77.7,No
CUST-12508,Female,0,59,18,63.63,1116.22,DSL,One year,Bank transfer (automatic),Yes,No,Yes,No,Yes,No,No,0,3,5,90.4,163.6,No
CUST-12509,Female,0,34,26,72.28,1866.88,DSL,Month-to-month,Mailed check,Yes,No,No,Yes,Yes,Yes,No,0,5,0,79.1,139.3,No
CUST-12510,Female,1,78,7,72.01,516.49,DSL,One year,Electronic check,Yes,Yes,No,Yes,Yes,No,Yes,0,4,1,84.5,165.0,No
CUST-12511,Female,0,61,45,98.13,4398.02,Fiber optic,One year,Credit card (automatic),No,Yes,No,Yes,Yes,Yes,No,0,5,1,237.3,482.3,No
CUST-12512,Male,0,32,45,86.88,3939.52,Fiber optic,Two year,Electronic check,Yes,No,No,No,Yes,Yes,No,0,4,3,81.0,140.2,No
CUST-12513,Female,0,43,71,62.34,4399.04,DSL,Month-to-month,Bank transfer (automatic),No,No,No,Yes,Yes,Yes,Yes,1,3,1,42.3,92.1,Yes
CUST-12514,Female,0,29,35,89.3,3103.69,Fiber optic,Two year,Mailed check,No,Yes,Yes,No,No,No phone service,No,1,2,4,13.3,26.1,Yes
CUST-12515,Male,1,66,52,85.93,4485.57,Fiber optic,Month-to-month,Bank transfer (automatic),No,No,No,Yes,Yes,No,Yes,0,4,3,181.7,223.9,Yes
CUST-12516,Female,0,58,21,88.26,1882.02,Fiber optic,One year,Mailed check,No,No,Yes,No,Yes,Yes,Yes,0,5,0,15.3,36.7,Yes
CUST-12517,Male,0,22,28,92.22,2609.4,Fiber optic,One year,Bank transfer (automatic),No,No,No,Yes,Yes,Yes,No,0,4,2,111.1,102.3,No
CUST-12518,Female,0,21,44,25.37,1134.17,No,Month-to-month,Electronic check,No internet service,No internet service,No internet service,No internet service,Yes,Yes,Yes,1,3,1,19.4,36.4,No
CUST-12519,Female,1,69,56,80.09,4513.42,DSL,One year,Electronic check,Yes,Yes,Yes,No,No,No phone service,No,0,4,3,104.3,192.0,No
CUST-12520,Male,0,58,10,111.78,1138.25,Fiber optic,Month-to-month,Credit card (automatic),Yes,Yes,No,Yes,Yes,Yes,No,1,2,1,60.3,93.8,Yes
CUST-12521,Male,0,48,23,79.56,1803.36,DSL,Month-to-month,Bank transfer (automatic),No,No,Yes,Yes,Yes,Yes,No,0,3,3,170.4,274.6,Yes
CUST-12522,Female,0,20,48,111.4,5367.94,Fiber optic,Month-to-month,Credit card (automatic),Yes,No,Yes,Yes,Yes,Yes,Yes,0,4,0,160.6,340.8,No
CUST-12523,Female,0,20,52,103.8,5396.63,Fiber optic,Month-to-month,Mailed check,No,Yes,No,Yes,Yes,Yes,Yes,1,4,2,59.5,120.7,No
CUST-12524,Female,0,43,15,110.74,1658.51,Fiber optic,Month-to-month,Mailed check,Yes,No,Yes,Yes,Yes,Yes,Yes,0,3,3,96.5,145.2,Yes
CUST-12525,Male,0,34,55,70.01,3820.7,DSL,Two year,Mailed check,No,No,Yes,Yes,Yes,No,No,0,4,1,74.3,86.5,No
CUST-12526,Female,0,27,43,105.4,4539.42,Fiber optic,Month-to-month,Electronic check,No,Yes,Yes,Yes,Yes,No,No,0,5,0,17.5,15.8,Yes
CUST-12527,Male,0,19,50,96.52,4836.3,Fiber optic,Month-to-month,Bank transfer (automatic),No,Yes,Yes,No,No,No phone service,Yes,1,3,2,65.6,133.2,Yes
CUST-12528,Male,0,41,6,86.35,535.54,Fiber optic,Month-to-month,Credit card (automatic),No,No,No,Yes,Yes,Yes,No,0,4,1,60.1,119.2,Yes
CUST-12529,Female,1,65,33,86.36,2839.44,Fiber optic,Month-to-month,Credit card (automatic),Yes,Yes,No,No,Yes,No,Yes,1,3,1,71.6,91.9,Yes
CUST-12530,Male,0,41,62,52.62,3240.13,DSL,Month-to-month,Mailed check,No,No,No,No,Yes,Yes,Yes,0,4,0,109.0,263.8,No
CUST-12531,Female,1,75,55,24.18,1326.29,No,Month-to-month,Mailed check,No internet service,No internet service,No internet service,No internet service,Yes,No,Yes,0,3,0,207.6,395.8,No
CUST-12532,Female,0,40,39,58.22,2262.32,DSL,Month-to-month,Credit card (automatic),No,Yes,No,No,Yes,Yes,No,0,4,2,72.8,140.6,Yes
CUST-12533,Female,0,49,12,74.76,912.31,DSL,Month-to-month,Bank transfer (automatic),Yes,Yes,No,Yes,Yes,No,Yes,0,5,0,56.7,99.7,No
CUST-12534,Female,1,77,31,18.25,549.52,No,One year,Credit card (automatic),No internet service,No internet service,No internet service,No internet service,Yes,No,No,0,3,5,350.0,664.5,No
CUST-12535,Female,0,51,53,90.05,4750.94,Fiber optic,One year,Bank transfer (automatic),Yes,No,No,Yes,Yes,No,Yes,0,3,3,161.7,404.0,No
CUST-12536,Male,0,58,34,65.25,2214.91,Fiber optic,Month-to-month,Credit card (automatic),No,No,No,No,Yes,No,No,0,4,2,57.9,125.2,No
CUST-12537,Male,1,65,41,95.26,3913.34,Fiber optic,Month-to-month,Electronic check,No,Yes,Yes,No,Yes,No,No,0,4,1,142.1,215.7,Yes
CUST-12538,Female,0,19,10,107.09,1057.76,Fiber optic,Two year,Bank transfer (automatic),Yes,No,Yes,Yes,Yes,Yes,Yes,1,2,3,76.3,86.3,No
CUST-12539,Female,0,19,52,81.78,4229.43,Fiber optic,Month-to-month,Electronic check,No,No,No,Yes,Yes,No,No,0,3,0,53.2,110.7,Yes
CUST-12540,Male,0,32,57,85.56,4873.27,Fiber optic,Two year,Bank transfer (automatic),No,No,Yes,No,Yes,Yes,No,0,3,1,26.1,59.9,No
CUST-12541,Male,0,38,3,112.99,366.68,Fiber optic,Month-to-month,Bank transfer (automatic),Yes,Yes,No,Yes,Yes,Yes,Yes,0,3,1,244.8,413.4,No
CUST-12542,Male,0,52,57,71.47,4101.83,DSL,Month-to-month,Electronic check,No,No,Yes,Yes,Yes,No,No,0,3,0,143.1,339.1,Yes
CUST-12543,Male,0,22,33,22.22,745.78,No,One year,Bank transfer (automatic),No internet service,No internet service,No internet service,No internet service,Yes,No,No,0,4,0,47.1,82.4,No
CUST-12544,Female,0,60,7,104.36,747.15,Fiber optic,Two year,Electronic check,No,No,Yes,Yes,Yes,Yes,No,1,2,1,47.8,55.8,Yes
CUST-12545,Female,0,44,4,96.4,367.81,Fiber optic,Month-to-month,Electronic check,Yes,No,Yes,No,No,No phone service,No,1,2,0,58.2,88.7,Yes
CUST-12546,Male,0,41,39,68.17,2651.11,DSL,Month-to-month,Electronic check,No,No,Yes,Yes,Yes,No,No,0,3,1,23.3,35.3,Yes
CUST-12547,Female,0,24,48,85.62,4116.05,Fiber optic,Month-to-month,Mailed check,No,No,No,Yes,Yes,No,No,0,3,0,82.6,90.5,No
CUST-12548,Male,0,23,16,86.84,1404.46,Fiber optic,Two year,Electronic check,No,No,Yes,No,Yes,Yes,Yes,0,3,0,142.8,281.2,No
CUST-12549,Female,0,63,38,89.51,3381.38,Fiber optic,One year,Electronic check,No,No,Yes,No,Yes,Yes,No,0,3,4,64.2,143.3,No
CUST-12550,Male,0,50,4,74.09,293.82,DSL,Month-to-month,Electronic check,No,Yes,Yes,Yes,Yes,No,No,1,3,1,31.3,36.2,Yes
CUST-12551,Female,0,34,4,18.25,52.77,No,Month-to-month,Electronic check,No internet service,No internet service,No internet service,No internet service,Yes,No,No,0,5,2,60.1,126.5,No
CUST-12552,Male,0,63,27,84.58,2291.66,DSL,Month-to-month,Electronic check,Yes,Yes,Yes,No,Yes,Yes,Yes,0,4,0,31.0,32.5,No
CUST-12553,Male,0,59,17,94.09,1615.86,Fiber optic,Month-to-month,Bank transfer (automatic),No,No,Yes,No,Yes,Yes,No,0,4,1,34.0,46.4,Yes
CUST-12554,Female,1,76,70,100.17,7031.9,Fiber optic,Month-to-month,Bank transfer (automatic),No,No,Yes,Yes,Yes,Yes,No,0,3,3,122.4,251.8,No
CUST-12555,Male,0,25,54,81.72,4426.82,Fiber optic,One year,Credit card (automatic),No,Yes,No,No,No,No phone service,No,0,4,2,103.1,152.6,No
CUST-12556,Female,0,57,8,31.34,230.27,No,Month-to-month,Electronic check,No internet service,No internet service,No internet service,No internet service,Yes,Yes,No,0,3,2,140.0,113.9,No
CUST-12557,Female,0,63,53,75.27,4009.01,DSL,Month-to-month,Credit card (automatic),No,No,Yes,Yes,Yes,Yes,No,1,3,1,102.0,222.8,No
CUST-12558,Male,0,24,5,76.69,373.51,Fiber optic,One year,Mailed check,No,Yes,No,No,Yes,No,No,0,3,3,99.6,117.7,Yes
CUST-12559,Female,1,73,69,77.91,5395.94,DSL,Month-to-month,Mailed check,Yes,Yes,No,Yes,No,No phone service,No,1,2,3,31.6,71.2,Yes
CUST-12560,Female,1,66,47,77.84,3643.53,Fiber optic,Month-to-month,Electronic check,Yes,No,No,No,Yes,No,Yes,1,2,2,95.3,117.4,Yes
CUST-12561,Female,0,18,40,21.52,859.34,No,Month-to-month,Electronic check,No internet service,No internet service,No internet service,No internet service,Yes,No,No,0,5,0,94.7,116.8,No
CUST-12562,Female,0,32,7,24.35,175.04,No,Month-to-month,Mailed check,No internet service,No internet service,No internet service,No internet service,Yes,Yes,Yes,1,3,0,108.0,248.7,Yes
CUST-12563,Female,1,78,12,78.52,914.32,Fiber optic,Two year,Bank transfer (automatic),No,No,Yes,No,No,No phone service,Yes,1,2,2,182.2,254.0,Yes
CUST-12564,Male,1,68,25,76.76,1943.22,DSL,One year,Credit card (automatic),Yes,No,No,Yes,Yes,Yes,Yes,0,3,2,15.0,29.0,No
CUST-12565,Female,0,64,28,83.74,2345.41,DSL,Month-to-month,Credit card (automatic),Yes,No,Yes,Yes,Yes,No,No,1,2,3,135.6,190.8,Yes
CUST-12566,Female,0,50,43,79.47,3398.73,Fiber optic,Month-to-month,Bank transfer (automatic),No,No,Yes,No,Yes,No,No,0,4,0,133.8,230.2,No
CUST-12567,Female,0,52,47,89.14,4169.23,DSL,Month-to-month,Bank transfer (automatic),Yes,No,Yes,Yes,Yes,Yes,No,0,4,2,97.0,204.7,No
CUST-12568,Female,1,75,49,57.32,2819.87,DSL,One year,Mailed check,No,No,No,Yes,Yes,No,No,0,4,2,91.8,216.8,No
CUST-12569,Female,0,22,54,83.44,4480.66,Fiber optic,Month-to-month,Credit card (automatic),Yes,No,No,No,No,No phone service,No,0,3,1,85.3,162.8,No
CUST-12570,Male,0,53,18,65.89,1182.41,DSL,Month-to-month,Bank transfer (automatic),Yes,No,No,Yes,Yes,No,Yes,1,2,3,116.2,168.2,Yes
CUST-12571,Female,0,34,27,61.72,1668.86,DSL,Month-to-month,Electronic check,No,No,Yes,No,Yes,No,No,0,4,0,101.1,148.6,No
CUST-12572,Male,0,31,72,77.82,5587.03,Fiber optic,Month-to-month,Bank transfer (automatic),No,No,Yes,No,Yes,No,Yes,0,4,4,124.9,133.1,Yes
CUST-12573,Male,0,46,6,108.85,630.85,Fiber optic,One year,Mailed check,Yes,No,Yes,Yes,Yes,No,No,0,4,4,120.1,211.5,No
CUST-12574,Male,1,78,69,66.46,4585.18,DSL,Two year,Bank transfer (automatic),Yes,No,No,No,Yes,Yes,No,0,5,0,42.5,94.9,No
CUST-12575,Male,0,51,71,85.66,6072.28,Fiber optic,Two year,Credit card (automatic),No,No,Yes,No,No,No phone service,Yes,0,5,1,137.5,140.4,No
CUST-12576,Female,0,57,22,23.42,493.65,No,Month-to-month,Bank transfer (automatic),No internet service,No internet service,No internet service,No internet service,Yes,No,No,0,4,0,51.1,63.6,No
CUST-12577,Male,0,18,59,103.62,6096.2,Fiber optic,One year,Credit card (automatic),Yes,No,Yes,No,Yes,Yes,Yes,1,2,3,75.3,62.7,No
CUST-12578,Male,0,46,47,93.15,4376.31,Fiber optic,One year,Credit card (automatic),No,No,Yes,No,Yes,Yes,Yes,0,4,2,38.9,65.9,No
CUST-12579,Female,0,53,68,116.0,7865.98,Fiber optic,Two year,Electronic check,No,Yes,Yes,Yes,Yes,Yes,No,1,3,1,37.3,33.5,Yes
CUST-12580,Female,0,54,32,86.61,2797.69,DSL,Month-to-month,Electronic check,No,Yes,Yes,Yes,Yes,Yes,No,0,4,0,47.4,84.6,No
CUST-12581,Female,0,46,1,71.39,87.92,DSL,One year,Mailed check,No,Yes,No,Yes,Yes,No,Yes,1,2,2,120.1,154.1,Yes
CUST-12582,Male,0,22,54,86.85,4679.43,Fiber optic,Month-to-month,Credit card (automatic),Yes,No,No,No,Yes,Yes,No,0,3,3,223.2,483.1,No
CUST-12583,Female,0,49,46,104.29,4782.84,Fiber optic,One year,Electronic check,Yes,Yes,No,Yes,Yes,No,No,0,3,2,126.5,216.2,No
CUST-12584,Female,0,41,41,30.1,1256.56,No,Month-to-month,Bank transfer (automatic),No internet service,No internet service,No internet service,No internet service,Yes,Yes,No,1,3,0,19.5,31.6,Yes
CUST-12585,Male,1,71,41,81.21,3325.23,Fiber optic,One year,Mailed check,No,No,No,No,Yes,Yes,Yes,0,4,2,51.8,61.8,Yes
CUST-12586,Female,1,76,8,106.38,872.8,Fiber optic,Two year,Bank transfer (automatic),Yes,No,Yes,Yes,Yes,No,Yes,1,2,0,166.0,394.0,Yes
CUST-12587,Female,0,18,32,73.35,2361.75,Fiber optic,Month-to-month,Electronic check,No,No,No,No,Yes,Yes,Yes,0,5,1,108.3,262.0,No
CUST-12588,Female,0,24,30,84.39,2507.23,Fiber optic,Month-to-month,Electronic check,No,No,No,Yes,Yes,No,No,0,5,0,112.8,234.9,Yes
CUST-12589,Female,1,66,46,85.23,3939.4,Fiber optic,Month-to-month,Electronic check,No,No,No,Yes,Yes,Yes,No,0,4,1,26.1,34.5,Yes
CUST-12590,Male,0,51,52,94.33,4907.55,Fiber optic,Month-to-month,Mailed check,No,No,Yes,Yes,Yes,No,No,1,1,0,86.6,185.3,Yes
CUST-12591,Female,0,60,61,105.39,6439.45,Fiber optic,Month-to-month,Electronic check,No,No,Yes,Yes,Yes,Yes,Yes,0,2,1,103.3,209.8,No
CUST-12592,Female,1,69,13,23.3,286.04,No,Month-to-month,Credit card (automatic),No internet service,No internet service,No internet service,No internet service,Yes,No,Yes,1,3,1,257.0,298.0,Yes
CUST-12593,Male,0,34,40,83.41,3306.42,Fiber optic,Two year,Electronic check,Yes,No,No,No,No,No phone service,No,0,4,2,126.9,119.1,No
CUST-12594,Female,0,20,61,64.02,3895.24,DSL,Month-to-month,Bank transfer (automatic),Yes,No,No,No,Yes,Yes,No,0,4,3,91.7,103.4,No
CUST-12595,Male,1,70,44,65.84,2878.4,DSL,One year,Credit card (automatic),No,No,Yes,Yes,Yes,No,No,0,4,1,297.2,675.7,No
CUST-12596,Female,0,39,62,70.08,4341.07,Fiber optic,Two year,Bank transfer (automatic),No,No,No,No,Yes,No,No,0,3,1,154.0,164.2,No
CUST-12597,Male,0,55,44,63.16,2754.49,DSL,Two year,Electronic check,No,Yes,No,No,Yes,Yes,No,0,3,2,170.5,366.0,No
CUST-12598,Male,0,60,48,76.25,3683.7,Fiber optic,One year,Credit card (automatic),No,No,No,No,Yes,Yes,Yes,1,3,3,118.0,158.3,No
CUST-12599,Male,0,46,59,81.24,4770.28,Fiber optic,Month-to-month,Electronic check,No,No,No,Yes,Yes,No,Yes,0,4,1,47.6,96.6,No
CUST-12600,Male,0,59,57,23.72,1367.89,No,Two year,Electronic check,No internet service,No internet service,No internet service,No internet service,Yes,No,Yes,0,3,3,186.9,435.3,No
CUST-12601,Female,0,22,11,53.18,611.34,DSL,Month-to-month,Mailed check,No,No,No,No,Yes,Yes,No,0,4,0,228.2,488.3,No
CUST-12602,Male,1,65,25,22.05,530.14,No,Two year,Electronic check,No internet service,No internet service,No internet service,No internet service,Yes,No,No,1,2,3,213.5,365.8,No
CUST-12603,Female,0,40,61,19.96,1208.35,No,One year,Bank transfer (automatic),No internet service,No internet service,No internet service,No internet service,Yes,No,No,0,4,1,92.4,74.7,No
CUST-12604,Male,0,38,46,83.17,3839.68,Fiber optic,One year,Mailed check,No,No,No,Yes,Yes,No,No,0,3,2,109.8,113.6,Yes
CUST-12605,Male,0,43,54,99.93,5409.09,Fiber optic,Month-to-month,Mailed check,No,Yes,Yes,Yes,Yes,No,No,0,4,0,104.8,223.4,Yes
CUST-12606,Male,0,64,34,74.31,2498.78,Fiber optic,One year,Electronic check,No,No,No,No,No,No phone service,No,0,4,1,101.9,98.4,No
CUST-12607,Female,0,38,7,19.36,109.76,No,Two year,Mailed check,No internet service,No internet service,No internet service,No internet service,Yes,No,Yes,0,4,1,87.4,214.5,No
CUST-12608,Male,1,78,62,22.48,1370.97,No,Two year,Electronic check,No internet service,No internet service,No internet service,No internet service,Yes,No,Yes,0,3,3,189.0,463.0,No
CUST-12609,Female,1,66,57,68.67,3918.27,DSL,Month-to-month,Electronic check,Yes,No,No,Yes,Yes,No,No,0,3,2,48.8,63.4,Yes
CUST-12610,Female,0,21,5,118.75,567.05,Fiber optic,Two year,Mailed check,Yes,Yes,Yes,Yes,Yes,Yes,No,0,3,0,97.6,83.8,Yes
CUST-12611,Female,0,38,35,87.35,3062.55,Fiber optic,Month-to-month,Bank transfer (automatic),Yes,No,No,Yes,Yes,No,No,0,3,1,114.5,237.0,Yes
CUST-12612,Female,0,38,37,24.35,891.5,No,One year,Bank transfer (automatic),No internet service,No internet service,No internet service,No internet service,Yes,No,Yes,0,4,2,55.5,62.4,No
CUST-12613,Female,0,18,60,23.3,1408.16,No,One year,Electronic check,No internet service,No internet service,No internet service,No internet service,Yes,No,Yes,1,2,1,208.9,427.6,No
CUST-12614,Female,0,32,65,93.34,6084.02,Fiber optic,Month-to-month,Credit card (automatic),No,No,Yes,No,Yes,Yes,No,1,2,2,167.6,229.5,Yes
CUST-12615,Female,0,34,16,101.67,1644.2,Fiber optic,Month-to-month,Electronic check,No,No,Yes,Yes,Yes,Yes,No,0,3,1,21.9,31.4,Yes
CUST-12616,Female,1,74,30,72.96,2161.06,Fiber optic,One year,Bank transfer (automatic),No,No,No,No,No,No phone service,Yes,0,4,0,131.3,239.2,No
CUST-12617,Female,0,36,42,80.75,3418.33,Fiber optic,Month-to-month,Electronic check,No,Yes,No,No,Yes,No,No,0,4,1,53.6,57.8,Yes
CUST-12618,Male,0,51,61,20.03,1227.03,No,Month-to-month,Bank transfer (automatic),No internet service,No internet service,No internet service,No internet service,Yes,No,No,0,4,1,94.3,230.9,No
CUST-12619,Male,0,23,48,77.85,3760.54,DSL,One year,Mailed check,Yes,No,Yes,No,Yes,Yes,No,1,4,0,102.7,89.7,No
CUST-12620,Male,0,62,62,66.28,4116.27,DSL,Two year,Mailed check,No,No,Yes,No,Yes,Yes,No,0,4,2,64.5,155.5,No
CUST-12621,Male,0,23,64,109.77,7024.33,Fiber optic,One year,Electronic check,Yes,Yes,Yes,Yes,No,No phone service,No,0,4,2,179.7,235.0,No
CUST-12622,Male,0,22,57,78.15,4468.33,Fiber optic,Month-to-month,Mailed check,Yes,No,No,No,Yes,No,Yes,1,2,0,62.1,120.0,Yes
CUST-12623,Female,0,24,68,93.22,6322.13,Fiber optic,Month-to-month,Bank transfer (automatic),No,Yes,Yes,No,Yes,No,No,0,5,1,80.5,201.0,Yes
CUST-12624,Female,0,50,46,61.04,2784.03,DSL,One year,Bank transfer (automatic),No,No,No,Yes,Yes,No,Yes,0,4,1,32.1,38.6,No
CUST-12625,Female,0,30,28,61.33,1692.67,DSL,One year,Electronic check,No,No,No,Yes,Yes,No,Yes,1,3,1,16.9,27.2,No
CUST-12626,Female,0,18,3,91.39,295.12,Fiber optic,One year,Mailed check,Yes,No,No,No,Yes,Yes,Yes,1,3,1,123.3,103.6,No
CUST-12627,Female,0,30,37,101.54,3781.73,Fiber optic,Two year,Electronic check,Yes,No,Yes,Yes,Yes,No,No,0,4,0,92.6,107.9,No
CUST-12628,Female,0,60,48,93.73,4517.9,Fiber optic,Month-to-month,Electronic check,No,No,Yes,Yes,Yes,No,No,0,4,4,86.1,89.2,Yes
CUST-12629,Female,0,44,19,81.33,1569.54,Fiber optic,Month-to-month,Electronic check,No,No,Yes,No,Yes,No,No,0,4,1,153.0,318.6,Yes
CUST-12630,Male,0,24,17,64.39,1123.72,DSL,Two year,Electronic check,No,No,No,Yes,Yes,Yes,No,1,4,3,86.8,171.6,Yes
CUST-12631,Male,0,20,40,70.5,2821.56,DSL,Month-to-month,Bank transfer (automatic),No,Yes,No,Yes,Yes,Yes,No,0,3,1,165.6,270.1,No
CUST-12632,Male,0,42,50,78.74,3916.23,Fiber optic,One year,Mailed check,No,No,No,Yes,Yes,No,Yes,0,3,3,90.0,72.3,Yes
CUST-12633,Male,0,50,29,18.25,535.73,No,Two year,Credit card (automatic),No internet service,No internet service,No internet service,No internet service,Yes,No,No,0,5,2,118.9,136.7,No
CUST-12634,Female,0,57,51,68.17,3467.9,DSL,Two year,Bank transfer (automatic),No,Yes,Yes,No,Yes,No,No,0,4,0,77.6,151.3,No
CUST-12635,Female,0,34,42,81.12,3397.83,Fiber optic,One year,Bank transfer (automatic),No,No,No,Yes,Yes,No,No,0,4,0,80.8,66.5,No
CUST-12636,Female,0,62,29,112.24,3268.63,Fiber optic,Month-to-month,Mailed check,Yes,Yes,Yes,Yes,No,No phone service,Yes,0,3,3,119.1,213.3,No
CUST-12637,Male,0,31,66,27.44,1786.48,No,Two year,Credit card (automatic),No internet service,No internet service,No internet service,No internet service,Yes,Yes,No,1,3,0,82.1,88.1,No
CUST-12638,Female,1,65,17,67.24,1115.33,DSL,One year,Mailed check,No,No,Yes,Yes,No,No phone service,Yes,0,4,1,131.1,234.6,No
CUST-12639,Female,0,40,31,84.57,2633.39,Fiber optic,Month-to-month,Mailed check,No,No,Yes,No,Yes,No,Yes,1,3,1,72.6,155.7,Yes
CUST-12640,Female,1,79,52,73.67,3816.48,DSL,One year,Credit card (automatic),Yes,Yes,No,Yes,Yes,No,No,0,4,2,124.4,284.4,No
CUST-12641,Male,0,46,39,65.56,2549.97,Fiber optic,Month-to-month,Electronic check,No,No,No,No,No,No phone service,Yes,1,1,3,125.6,192.8,Yes
CUST-12642,Female,0,55,60,21.51,1279.06,No,Two year,Bank transfer (automatic),No internet service,No internet service,No internet service,No internet service,Yes,No,No,0,3,3,33.4,61.0,No
CUST-12643,Male,1,75,51,18.25,937.64,No,Month-to-month,Electronic check,No internet service,No internet service,No internet service,No internet service,Yes,No,No,0,3,4,73.0,124.6,No
CUST-12644,Male,0,55,16,66.43,1042.15,DSL,Two year,Credit card (automatic),No,No,No,Yes,Yes,Yes,Yes,0,4,3,46.0,79.0,No
CUST-12645,Male,0,57,14,84.59,1197.5,DSL,Two year,Credit card (automatic),Yes,Yes,Yes,Yes,Yes,No,No,0,3,0,11.4,16.6,No
CUST-12646,Male,0,62,42,79.47,3363.24,Fiber optic,Two year,Mailed check,No,No,No,Yes,Yes,No,No,0,3,3,258.2,553.0,No
CUST-12647,Female,0,40,51,51.54,2648.71,DSL,One year,Bank transfer (automatic),Yes,No,No,No,Yes,No,Yes,0,5,1,80.5,110.7,No
CUST-12648,Male,0,48,24,42.91,1054.26,DSL,Two year,Bank transfer (automatic),No,No,No,No,Yes,No,No,0,4,2,27.0,48.8,No
CUST-12649,Male,0,53,43,77.29,3349.69,DSL,Month-to-month,Mailed check,Yes,No,Yes,Yes,Yes,No,No,1,2,0,51.1,80.5,No
CUST-12650,Female,1,70,19,56.95,1074.39,DSL,Month-to-month,Credit card (automatic),No,No,Yes,No,No,No phone service,No,1,1,4,29.8,41.2,Yes
CUST-12651,Female,0,54,61,20.2,1249.94,No,Two year,Mailed check,No internet service,No internet service,No internet service,No internet service,Yes,No,No,0,3,4,115.4,164.0,No
CUST-12652,Male,1,74,63,83.3,5247.59,Fiber optic,Month-to-month,Credit card (automatic),No,No,No,Yes,No,No phone service,Yes,0,4,1,125.1,192.2,Yes
CUST-12653,Female,1,66,26,88.32,2282.51,Fiber optic,Month-to-month,Bank transfer (automatic),No,No,No,Yes,Yes,Yes,No,0,4,1,46.4,69.3,Yes
CUST-12654,Male,0,22,35,57.32,2021.01,DSL,Month-to-month,Mailed check,No,No,No,Yes,No,No phone service,No,0,4,0,124.6,249.8,No
CUST-12655,Male,0,63,67,32.9,2188.95,No,Month-to-month,Electronic check,No internet service,No internet service,No internet service,No internet service,Yes,Yes,No,0,4,1,64.9,114.2,No
CUST-12656,Male,1,78,56,18.25,998.58,No,One year,Electronic check,No internet service,No internet service,No internet service,No internet service,Yes,No,Yes,0,3,3,108.4,180.8,No
CUST-12657,Male,1,74,40,83.53,3353.48,DSL,One year,Credit card (automatic),Yes,No,Yes,Yes,Yes,Yes,Yes,0,3,4,108.3,118.2,No
CUST-12658,Female,0,27,29,23.43,666.72,No,Month-to-month,Mailed check,No internet service,No internet service,No internet service,No internet service,No,No phone service,Yes,0,4,1,53.9,86.3,No
CUST-12659,Male,0,49,6,74.1,432.96,DSL,Two year,Mailed check,No,Yes,Yes,No,Yes,Yes,Yes,0,3,1,57.7,93.6,No
CUST-12660,Female,0,40,52,95.47,4987.31,Fiber optic,Month-to-month,Mailed check,Yes,No,No,Yes,Yes,No,No,0,3,1,50.9,101.9,No
CUST-12661,Female,0,34,1,66.25,66.25,DSL,One year,Electronic check,No,Yes,No,Yes,Yes,No,Yes,1,2,3,26.4,40.7,Yes
CUST-12662,Female,0,63,52,105.22,5487.33,Fiber optic,Month-to-month,Mailed check,Yes,Yes,Yes,No,Yes,Yes,Yes,0,3,2,118.5,199.5,No
CUST-12663,Female,0,37,24,88.75,2123.17,Fiber optic,One year,Mailed check,No,No,No,Yes,Yes,Yes,No,0,4,5,87.5,129.6,Yes
CUST-12664,Male,0,61,34,79.1,2712.98,Fiber optic,Month-to-month,Credit card (automatic),No,No,No,No,Yes,Yes,No,0,3,0,130.8,322.2,Yes
CUST-12665,Female,0,58,7,101.48,706.78,Fiber optic,Month-to-month,Mailed check,Yes,Yes,Yes,No,Yes,No,No,0,4,1,50.8,114.5,No
CUST-12666,Male,0,32,11,91.59,1002.03,Fiber optic,Two year,Credit card (automatic),Yes,No,Yes,No,No,No phone service,Yes,0,3,7,63.4,55.4,Yes
CUST-12667,Female,0,61,36,106.98,3847.07,Fiber optic,Month-to-month,Bank transfer (automatic),No,No,Yes,Yes,Yes,Yes,No,1,4,0,201.2,454.3,No
CUST-12668,Female,0,63,20,82.44,1669.06,Fiber optic,Two year,Electronic check,No,No,Yes,No,Yes,No,No,0,4,0,55.6,78.9,No
CUST-12669,Male,0,39,63,81.97,5134.74,Fiber optic,One year,Credit card (automatic),Yes,No,No,No,Yes,No,No,0,4,1,64.1,87.5,No
CUST-12670,Male,0,23,63,57.21,3616.52,DSL,Month-to-month,Electronic check,No,Yes,No,No,No,No phone service,No,0,4,1,170.3,163.9,Yes
CUST-12671,Male,0,21,69,72.0,4950.31,DSL,One year,Mailed check,No,No,Yes,Yes,Yes,Yes,No,0,4,0,193.8,453.6,No
CUST-12672,Female,0,40,30,28.52,878.53,No,Month-to-month,Electronic check,No internet service,No internet service,No internet service,No internet service,Yes,Yes,Yes,0,3,4,144.9,332.0,No
CUST-12673,Female,1,72,30,24.63,731.46,No,Month-to-month,Mailed check,No internet service,No internet service,No internet service,No internet service,Yes,No,Yes,0,5,2,87.7,209.5,Yes
CUST-12674,Male,0,62,22,92.51,2025.56,Fiber optic,Two year,Electronic check,No,No,No,Yes,Yes,Yes,No,1,2,2,86.4,182.4,Yes
CUST-12675,Male,0,36,61,65.4,4002.16,DSL,Month-to-month,Bank transfer (automatic),Yes,No,No,Yes,Yes,No,Yes,1,4,1,69.2,67.8,No
CUST-12676,Male,0,62,21,80.65,1707.0,Fiber optic,One year,Credit card (automatic),No,No,Yes,No,Yes,No,No,1,2,4,119.1,100.7,Yes
CUST-12677,Male,1,70,37,98.04,3635.5,Fiber optic,Month-to-month,Bank transfer (automatic),Yes,No,No,Yes,Yes,Yes,No,0,4,0,81.7,191.8,No
CUST-12678,Female,0,61,27,88.3,2373.89,DSL,One year,Mailed check,No,Yes,Yes,Yes,Yes,Yes,No,0,4,3,93.8,162.6,No
CUST-12679,Male,0,20,35,74.97,2630.57,DSL,Month-to-month,Bank transfer (automatic),No,Yes,Yes,Yes,No,No phone service,No,1,3,0,69.8,84.0,No
CUST-12680,Male,0,45,38,18.25,666.76,No,Month-to-month,Credit card (automatic),No internet service,No internet service,No internet service,No internet service,Yes,No,No,0,3,2,50.5,47.9,No
CUST-12681,Male,0,20,60,76.98,4646.11,DSL,Two year,Electronic check,No,No,Yes,Yes,Yes,Yes,Yes,1,3,0,87.3,91.4,Yes
CUST-12682,Male,0,31,70,90.35,6321.66,Fiber optic,Month-to-month,Electronic check,No,No,No,Yes,Yes,Yes,Yes,0,4,1,111.1,118.6,Yes
CUST-12683,Female,0,35,32,29.07,918.51,No,One year,Electronic check,No internet service,No internet service,No internet service,No internet service,Yes,Yes,No,1,4,1,35.0,66.1,No
CUST-12684,Male,0,44,27,59.97,1640.84,DSL,One year,Mailed check,No,No,Yes,No,Yes,No,No,0,4,0,51.0,63.1,No
CUST-12685,Female,0,27,3,18.25,44.2,No,One year,Bank transfer (automatic),No internet service,No internet service,No internet service,No internet service,No,No phone service,No,0,5,0,163.7,216.1,No
CUST-12686,Male,0,32,49,54.25,2688.08,DSL,One year,Bank transfer (automatic),No,No,No,Yes,Yes,No,Yes,0,3,2,25.9,47.1,No
CUST-12687,Male,0,36,30,103.72,3123.04,Fiber optic,Month-to-month,Mailed check,No,Yes,Yes,No,Yes,Yes,Yes,0,3,0,130.3,279.3,Yes
CUST-12688,Female,1,70,22,73.31,1621.79,Fiber optic,Month-to-month,Bank transfer (automatic),No,No,No,No,Yes,No,Yes,1,2,3,144.4,213.9,Yes
CUST-12689,Male,0,21,19,93.22,1750.29,Fiber optic,Two year,Bank transfer (automatic),No,No,No,Yes,Yes,Yes,Yes,0,3,0,71.4,61.8,No
CUST-12690,Female,1,71,31,79.09,2458.38,Fiber optic,Two year,Bank transfer (automatic),No,No,No,Yes,Yes,No,No,1,4,1,82.5,157.5,Yes
CUST-12691,Female,0,25,20,83.58,1650.91,Fiber optic,Month-to-month,Electronic check,Yes,No,No,No,Yes,Yes,Yes,1,2,2,147.9,290.5,Yes
CUST-12692,Male,0,18,19,65.23,1256.39,DSL,Month-to-month,Electronic check,No,No,No,Yes,Yes,Yes,No,1,3,1,111.1,152.4,Yes
CUST-12693,Female,0,24,2,23.7,25.7,No,One year,Electronic check,No internet service,No internet service,No internet service,No internet service,Yes,No,No,1,3,1,108.8,87.3,No
CUST-12694,Female,1,69,40,18.25,721.53,No,Two year,Credit card (automatic),No internet service,No internet service,No internet service,No internet service,No,No phone service,No,1,4,1,140.4,248.8,No
CUST-12695,Female,0,35,39,79.04,3081.16,DSL,Two year,Bank transfer (automatic),Yes,No,No,Yes,Yes,Yes,No,0,4,2,77.9,164.9,No
CUST-12696,Female,0,29,72,74.42,5376.55,Fiber optic,Two year,Electronic check,No,No,No,No,Yes,Yes,No,1,2,3,43.5,51.0,Yes
CUST-12697,Female,0,47,54,79.98,4326.89,Fiber optic,Month-to-month,Electronic check,No,No,Yes,No,No,No phone service,No,0,3,1,135.3,226.2,No
CUST-12698,Female,0,50,27,42.98,1175.34,DSL,Two year,Bank transfer (automatic),No,No,No,No,Yes,No,No,0,4,1,111.4,221.2,No
CUST-12699,Female,0,64,12,78.51,926.76,Fiber optic,Two year,Mailed check,No,No,Yes,No,Yes,No,Yes,0,5,2,126.2,227.3,No
CUST-12700,Female,0,24,71,23.73,1669.07,No,Month-to-month,Electronic check,No internet service,No internet service,No internet service,No internet service,Yes,No,No,0,4,1,42.8,90.4,No
CUST-12701,Male,0,45,17,19.13,318.05,No,Month-to-month,Electronic check,No internet service,No internet service,No internet service,No internet service,Yes,No,No,0,4,3,38.3,57.2,No
CUST-12702,Male,0,20,10,66.91,640.22,Fiber optic,Month-to-month,Electronic check,No,No,No,No,Yes,No,No,0,4,2,102.4,233.4,Yes
CUST-12703,Female,0,60,19,71.47,1377.77,DSL,One year,Mailed check,No,Yes,Yes,No,Yes,Yes,No,0,5,0,87.6,117.5,No
CUST-12704,Male,0,23,30,77.21,2308.5,Fiber optic,Month-to-month,Electronic check,No,No,No,No,Yes,Yes,No,0,5,2,194.7,206.8,No
CUST-12705,Female,0,48,30,58.17,1719.15,DSL,Month-to-month,Bank transfer (automatic),Yes,No,No,No,Yes,Yes,No,0,4,1,79.4,169.4,No
CUST-12706,Female,0,55,25,86.21,2177.58,Fiber optic,Month-to-month,Credit card (automatic),No,No,Yes,No,Yes,Yes,No,0,4,1,71.7,58.6,Yes
CUST-12707,Male,0,32,66,89.04,5904.71,Fiber optic,Month-to-month,Electronic check,No,No,Yes,Yes,Yes,No,No,0,3,1,263.5,636.8,No
CUST-12708,Female,0,24,35,72.24,2537.2,DSL,Month-to-month,Electronic check,No,No,Yes,Yes,Yes,Yes,No,0,2,2,137.9,127.6,No
CUST-12709,Female,1,77,51,91.97,4681.87,DSL,One year,Electronic check,Yes,No,Yes,Yes,Yes,Yes,No,0,4,2,181.3,387.8,No
CUST-12710,Female,1,73,71,76.49,5425.62,DSL,Month-to-month,Mailed check,No,No,Yes,Yes,Yes,Yes,Yes,1,2,2,131.1,131.9,No
CUST-12711,Female,0,44,71,79.29,5614.96,DSL,Two year,Bank transfer (automatic),No,No,Yes,Yes,Yes,Yes,No,1,3,0,29.6,37.8,No
CUST-12712,Male,0,34,27,79.37,2155.67,DSL,Two year,Mailed check,Yes,Yes,No,Yes,Yes,No,No,0,4,0,162.1,295.3,No
CUST-12713,Female,0,35,10,88.8,879.36,DSL,Two year,Electronic check,Yes,Yes,Yes,No,Yes,Yes,No,0,3,3,350.0,363.4,Yes
CUST-12714,Female,0,39,43,24.04,1005.67,No,One year,Bank transfer (automatic),No internet service,No internet service,No internet service,No internet service,Yes,Yes,No,1,3,1,121.0,116.8,No
CUST-12715,Female,0,43,55,20.26,1087.07,No,Month-to-month,Credit card (automatic),No internet service,No internet service,No internet service,No internet service,Yes,No,No,0,5,3,25.4,60.5,No
CUST-12716,Male,0,44,71,43.22,3075.5,DSL,Month-to-month,Electronic check,No,No,No,No,Yes,No,Yes,1,3,1,65.7,133.0,No
CUST-12717,Female,0,57,6,57.48,332.3,DSL,Month-to-month,Electronic check,No,No,Yes,No,Yes,No,Yes,0,4,0,172.8,173.5,Yes
CUST-12718,Male,1,71,6,53.32,300.04,DSL,Two year,Mailed check,No,Yes,No,No,Yes,No,No,1,2,1,46.4,78.1,Yes
CUST-12719,Male,1,74,48,88.84,4267.46,Fiber optic,Month-to-month,Electronic check,Yes,No,No,Yes,Yes,No,No,0,3,4,179.1,397.5,No
CUST-12720,Female,0,38,2,113.73,214.17,Fiber optic,One year,Mailed check,No,Yes,Yes,Yes,Yes,Yes,No,0,3,1,77.1,73.1,No
CUST-12721,Female,0,46,51,18.25,905.15,No,One year,Bank transfer (automatic),No internet service,No internet service,No internet service,No internet service,No,No phone service,Yes,1,2,2,63.8,139.0,No
CUST-12722,Male,0,60,61,31.95,1930.56,No,Two year,Electronic check,No internet service,No internet service,No internet service,No internet service,Yes,Yes,No,0,3,5,128.6,287.1,No
CUST-12723,Female,0,38,19,65.46,1260.41,DSL,One year,Credit card (automatic),No,No,Yes,Yes,No,No phone service,Yes,0,3,4,148.6,205.2,No
CUST-12724,Male,0,20,2,93.15,207.42,Fiber optic,One year,Bank transfer (automatic),Yes,No,Yes,No,Yes,No,Yes,0,3,1,195.4,487.0,No
CUST-12725,Male,0,48,51,102.54,5251.87,Fiber optic,Month-to-month,Electronic check,Yes,No,No,Yes,Yes,Yes,Yes,1,1,1,80.7,118.4,Yes
CUST-12726,Female,0,44,26,83.73,2179.07,Fiber optic,One year,Mailed check,No,Yes,No,No,Yes,Yes,No,1,2,2,210.9,492.2,No
CUST-12727,Female,0,63,70,104.03,7309.16,Fiber optic,Month-to-month,Bank transfer (automatic),Yes,No,No,Yes,Yes,Yes,Yes,0,5,0,178.9,416.2,No
CUST-12728,Male,0,44,20,75.56,1490.3,DSL,Two year,Electronic check,No,No,Yes,Yes,Yes,Yes,Yes,0,3,2,62.8,126.4,No
CUST-12729,Male,0,26,23,24.97,585.01,No,Month-to-month,Electronic check,No internet service,No internet service,No internet service,No internet service,Yes,No,No,1,3,1,76.1,61.0,No
CUST-12730,Male,0,50,54,85.69,4639.52,Fiber optic,Month-to-month,Mailed check,No,No,No,Yes,Yes,Yes,Yes,0,3,0,52.7,103.3,Yes
CUST-12731,Male,0,50,15,67.17,980.74,DSL,Two year,Bank transfer (automatic),No,No,No,Yes,Yes,Yes,No,1,2,4,84.5,81.2,Yes
CUST-12732,Female,0,43,6,88.61,518.61,Fiber optic,Month-to-month,Mailed check,Yes,No,Yes,No,Yes,No,No,0,4,1,153.6,132.3,No
CUST-12733,Female,0,45,35,19.03,692.99,No,Two year,Electronic check,No internet service,No internet service,No internet service,No internet service,Yes,No,No,0,3,1,68.2,75.5,No
CUST-12734,Female,0,61,8,19.43,170.98,No,Two year,Credit card (automatic),No internet service,No internet service,No internet service,No internet service,Yes,No,No,1,3,1,128.3,214.2,No
CUST-12735,Female,0,60,57,91.06,5163.7,Fiber optic,Two year,Bank transfer (automatic),No,Yes,No,Yes,No,No phone service,No,0,5,0,131.6,208.3,No
CUST-12736,Female,1,74,50,26.38,1321.45,No,Month-to-month,Bank transfer (automatic),No internet service,No internet service,No internet service,No internet service,Yes,Yes,No,0,5,1,127.7,186.7,No
CUST-12737,Male,0,18,49,71.67,3520.75,DSL,Month-to-month,Bank transfer (automatic),No,No,Yes,Yes,Yes,No,No,1,2,1,108.9,186.1,Yes
CUST-12738,Female,0,37,21,97.2,2069.59,Fiber optic,Two year,Mailed check,No,No,Yes,Yes,Yes,No,No,0,4,1,162.2,202.8,No
CUST-12739,Female,0,29,36,85.36,3085.95,DSL,Two year,Credit card (automatic),Yes,No,Yes,Yes,Yes,Yes,No,0,3,3,60.6,80.7,No
CUST-12740,Female,1,76,71,101.83,7238.25,Fiber optic,Month-to-month,Electronic check,No,No,Yes,Yes,Yes,Yes,No,0,4,0,146.1,168.7,Yes
CUST-12741,Female,0,32,69,78.22,5421.69,DSL,Month-to-month,Bank transfer (automatic),Yes,No,Yes,Yes,Yes,No,No,0,4,2,115.2,180.7,No
CUST-12742,Female,0,51,58,28.94,1688.18,No,Month-to-month,Mailed check,No internet service,No internet service,No internet service,No internet service,Yes,Yes,No,0,2,2,108.4,218.3,No
CUST-12743,Male,0,33,63,71.5,4530.43,DSL,Two year,Credit card (automatic),No,Yes,Yes,No,Yes,Yes,Yes,0,4,2,81.9,136.8,No
CUST-12744,Male,0,21,16,103.06,1648.53,Fiber optic,Month-to-month,Bank transfer (automatic),No,Yes,No,Yes,Yes,Yes,No,0,3,5,46.0,103.4,Yes
CUST-12745,Male,0,25,6,102.97,630.93,Fiber optic,Month-to-month,Mailed check,No,Yes,No,Yes,Yes,Yes,No,1,2,0,129.5,211.8,Yes
CUST-12746,Female,0,51,52,90.9,4734.71,Fiber optic,One year,Credit card (automatic),No,No,Yes,No,Yes,Yes,Yes,0,4,0,85.3,97.5,No
CUST-12747,Male,0,63,2,80.46,164.07,Fiber optic,Month-to-month,Credit card (automatic),No,No,No,No,Yes,Yes,No,0,5,1,237.4,396.6,No
CUST-12748,Male,1,69,18,94.89,1697.47,Fiber optic,Two year,Electronic check,No,No,No,Yes,Yes,Yes,Yes,0,4,3,229.8,329.1,No
CUST-12749,Female,0,32,35,67.23,2377.28,DSL,Month-to-month,Electronic check,Yes,No,No,No,Yes,Yes,Yes,0,4,0,57.2,93.6,No
CUST-12750,Female,0,45,39,86.11,3344.49,DSL,Month-to-month,Bank transfer (automatic),Yes,Yes,No,Yes,Yes,Yes,No,1,3,0,350.0,338.5,Yes
CUST-12751,Female,0,26,1,69.11,69.11,DSL,Month-to-month,Credit card (automatic),No,No,Yes,Yes,Yes,No,Yes,0,3,1,49.8,105.6,Yes
CUST-12752,Male,0,19,37,70.35,2615.67,Fiber optic,Month-to-month,Mailed check,No,No,No,No,Yes,No,No,0,3,0,207.0,287.6,No
CUST-12753,Male,0,34,21,87.67,1843.86,Fiber optic,Month-to-month,Electronic check,No,Yes,No,No,Yes,Yes,Yes,1,4,1,155.1,128.5,No
CUST-12754,Female,0,27,1,81.8,81.8,Fiber optic,Month-to-month,Bank transfer (automatic),No,No,Yes,No,Yes,No,No,1,3,0,60.7,107.0,Yes
CUST-12755,Female,0,26,4,106.32,447.5,Fiber optic,Month-to-month,Electronic check,No,Yes,Yes,Yes,Yes,No,No,0,4,0,99.4,195.1,Yes
CUST-12756,Male,0,48,58,74.92,4332.53,Fiber optic,Two year,Mailed check,No,No,No,No,Yes,No,No,0,4,1,78.9,72.9,No
CUST-12757,Male,0,19,1,85.45,85.45,Fiber optic,Month-to-month,Mailed check,No,No,Yes,No,Yes,Yes,No,0,5,0,78.5,112.8,Yes
CUST-12758,Female,0,41,13,54.3,676.82,DSL,Two year,Mailed check,No,No,No,Yes,Yes,No,Yes,0,4,1,133.6,215.8,No
CUST-12759,Female,0,36,46,18.25,864.87,No,One year,Credit card (automatic),No internet service,No internet service,No internet service,No internet service,Yes,No,No,0,4,0,114.3,189.1,No
CUST-12760,Male,0,34,47,88.33,4145.64,DSL,Month-to-month,Mailed check,Yes,Yes,Yes,No,Yes,Yes,No,0,4,1,60.0,51.6,No
CUST-12761,Female,0,60,7,66.2,446.21,DSL,Month-to-month,Electronic check,No,Yes,Yes,No,Yes,No,No,0,4,1,216.1,405.3,Yes
CUST-12762,Male,1,80,51,114.25,5830.78,Fiber optic,Month-to-month,Bank transfer (automatic),Yes,Yes,Yes,Yes,Yes,No,No,0,4,0,146.2,140.3,No
CUST-12763,Male,1,69,3,27.69,82.34,No,Month-to-month,Electronic check,No internet service,No internet service,No internet service,No internet service,Yes,Yes,No,0,5,1,108.1,150.9,No
CUST-12764,Male,0,55,50,85.54,4306.99,Fiber optic,Month-to-month,Bank transfer (automatic),No,No,No,Yes,Yes,No,No,0,3,1,88.2,146.6,No
CUST-12765,Male,0,45,26,112.0,2935.31,Fiber optic,Month-to-month,Mailed check,No,Yes,Yes,Yes,Yes,Yes,No,1,2,2,69.4,144.1,Yes
CUST-12766,Female,0,18,31,111.68,3448.35,Fiber optic,One year,Bank transfer (automatic),Yes,Yes,No,Yes,Yes,Yes,No,1,2,0,206.3,293.2,No
CUST-12767,Female,0,20,62,87.19,5417.64,Fiber optic,One year,Credit card (automatic),Yes,No,No,Yes,No,No phone service,Yes,0,4,4,60.8,133.5,No
CUST-12768,Male,0,32,26,58.52,1514.75,DSL,Month-to-month,Mailed check,No,No,Yes,No,No,No phone service,No,0,4,2,53.6,113.3,No
CUST-12769,Male,0,27,67,18.25,1214.62,No,Month-to-month,Credit card (automatic),No internet service,No internet service,No internet service,No internet service,No,No phone service,Yes,1,3,2,179.6,267.4,No
CUST-12770,Male,0,38,55,90.67,4978.88,DSL,One year,Electronic check,Yes,No,Yes,Yes,Yes,Yes,No,1,2,1,73.6,168.6,No
CUST-12771,Male,0,54,28,94.52,2654.92,Fiber optic,Month-to-month,Bank transfer (automatic),Yes,No,Yes,No,Yes,No,Yes,0,3,3,101.0,246.0,Yes
CUST-12772,Male,0,32,44,65.09,2866.24,DSL,Two year,Electronic check,No,No,Yes,Yes,Yes,No,No,0,3,1,231.2,291.4,No
CUST-12773,Female,0,40,38,53.03,2030.44,DSL,One year,Electronic check,No,No,Yes,No,Yes,No,No,0,4,2,58.7,129.0,No
CUST-12774,Female,0,31,30,18.25,526.68,No,Two year,Bank transfer (automatic),No internet service,No internet service,No internet service,No internet service,Yes,No,Yes,0,3,3,42.4,54.5,No
CUST-12775,Female,0,32,66,71.26,4698.69,DSL,Month-to-month,Electronic check,Yes,No,Yes,No,Yes,Yes,No,0,4,1,130.2,256.0,No
CUST-12776,Female,0,27,8,55.4,464.82,DSL,Two year,Electronic check,No,No,No,No,Yes,Yes,No,0,4,0,116.6,225.7,No
CUST-12777,Male,0,26,14,49.87,668.37,DSL,One year,Electronic check,No,No,No,No,No,No phone service,No,0,4,4,44.6,95.6,Yes
CUST-12778,Male,0,61,62,58.55,3637.51,DSL,One year,Bank transfer (automatic),No,No,No,Yes,Yes,No,No,0,5,1,225.9,264.2,No
CUST-12779,Male,0,56,63,77.49,4899.01,Fiber optic,Month-to-month,Electronic check,No,Yes,No,No,Yes,No,Yes,0,3,3,76.1,181.7,Yes
CUST-12780,Male,0,22,66,82.64,5447.27,Fiber optic,Month-to-month,Mailed check,No,No,No,Yes,Yes,No,No,0,4,1,131.0,200.4,Yes
CUST-12781,Male,0,42,40,66.06,2665.42,DSL,Two year,Bank transfer (automatic),No,Yes,No,No,Yes,Yes,No,1,2,4,202.8,163.0,No
CUST-12782,Female,0,59,13,24.62,334.2,No,One year,Mailed check,No internet service,No internet service,No internet service,No internet service,No,No phone service,No,0,4,2,115.3,243.8,No
CUST-12783,Male,0,43,17,99.05,1690.21,Fiber optic,Month-to-month,Electronic check,Yes,No,Yes,Yes,Yes,No,No,0,3,1,276.5,659.1,No
CUST-12784,Female,0,25,15,28.24,405.5,No,Month-to-month,Bank transfer (automatic),No internet service,No internet service,No internet service,No internet service,Yes,Yes,Yes,0,4,1,43.2,105.7,No
CUST-12785,Female,0,39,33,79.53,2634.7,Fiber optic,Month-to-month,Bank transfer (automatic),Yes,No,No,No,No,No phone service,No,1,2,2,67.4,95.5,Yes
CUST-12786,Female,0,42,16,109.14,1766.27,Fiber optic,One year,Mailed check,Yes,Yes,No,Yes,Yes,Yes,Yes,1,3,0,157.6,131.5,No
CUST-12787,Female,0,29,13,94.04,1236.31,Fiber optic,One year,Bank transfer (automatic),No,No,Yes,Yes,Yes,No,No,0,4,0,131.4,181.5,No
CUST-12788,Male,1,71,23,19.04,442.41,No,Month-to-month,Electronic check,No internet service,No internet service,No internet service,No internet service,Yes,No,No,0,3,4,72.3,166.4,Yes
CUST-12789,Female,0,27,36,86.44,3124.71,Fiber optic,Month-to-month,Bank transfer (automatic),No,Yes,No,No,Yes,Yes,Yes,0,3,2,112.9,252.3,Yes
CUST-12790,Female,0,27,43,63.15,2744.06,DSL,Month-to-month,Electronic check,No,Yes,Yes,No,Yes,No,No,0,3,2,125.3,181.0,No
CUST-12791,Female,0,26,50,90.0,4470.65,Fiber optic,Month-to-month,Mailed check,No,No,No,Yes,Yes,Yes,No,0,4,1,92.4,98.0,No
CUST-12792,Male,0,43,13,58.21,766.57,DSL,Month-to-month,Electronic check,No,Yes,No,No,No,No phone service,No,0,5,1,94.3,178.8,No
CUST-12793,Male,1,72,30,24.05,739.08,No,Month-to-month,Credit card (automatic),No internet service,No internet service,No internet service,No internet service,Yes,Yes,No,0,4,2,21.2,40.9,No
CUST-12794,Male,0,44,57,72.38,4133.99,Fiber optic,Month-to-month,Mailed check,No,No,No,No,Yes,No,Yes,1,4,1,165.1,309.1,Yes
CUST-12795,Female,0,48,30,25.68,756.79,No,Two year,Credit card (automatic),No internet service,No internet service,No internet service,No internet service,Yes,Yes,Yes,1,3,2,66.0,69.7,No
CUST-12796,Female,0,36,71,18.81,1354.88,No,One year,Credit card (automatic),No internet service,No internet service,No internet service,No internet service,Yes,No,Yes,0,3,0,52.1,114.7,No
CUST-12797,Male,0,60,10,84.88,873.6,Fiber optic,Two year,Credit card (automatic),No,Yes,No,No,No,No phone service,Yes,1,2,0,77.1,66.5,Yes
CUST-12798,Female,0,55,66,58.75,3888.51,DSL,Month-to-month,Electronic check,No,No,Yes,No,Yes,No,No,0,3,0,104.9,256.9,No
CUST-12799,Male,0,23,39,90.19,3518.07,Fiber optic,Two year,Bank transfer (automatic),Yes,No,No,No,Yes,Yes,No,0,3,2,42.7,99.6,No
CUST-12800,Male,0,32,37,83.02,3063.72,Fiber optic,One year,Mailed check,No,No,No,Yes,Yes,No,Yes,0,3,1,45.1,112.3,Yes
CUST-12801,Female,0,46,3,51.22,143.46,DSL,Month-to-month,Mailed check,No,No,No,No,Yes,Yes,No,0,3,4,102.5,186.4,Yes
CUST-12802,Female,0,64,34,78.75,2690.89,DSL,Month-to-month,Electronic check,No,No,Yes,Yes,Yes,Yes,No,0,4,1,102.3,186.8,No
CUST-12803,Female,1,72,38,69.57,2650.09,Fiber optic,One year,Electronic check,No,No,No,No,Yes,No,No,1,3,1,52.4,76.2,No
CUST-12804,Female,0,22,14,91.32,1257.89,Fiber optic,Two year,Bank transfer (automatic),No,Yes,No,No,Yes,Yes,Yes,0,5,2,102.8,102.0,No
CUST-12805,Male,0,31,64,28.71,1815.91,No,Month-to-month,Credit card (automatic),No internet service,No internet service,No internet service,No internet service,Yes,Yes,No,0,4,1,113.5,236.4,No
CUST-12806,Male,0,19,39,69.71,2692.96,DSL,Month-to-month,Mailed check,Yes,No,No,Yes,Yes,No,No,1,3,1,214.6,351.0,Yes
CUST-12807,Male,0,40,54,95.49,5167.47,Fiber optic,One year,Electronic check,No,Yes,No,Yes,Yes,No,No,1,3,2,80.7,114.5,Yes
CUST-12808,Male,0,61,2,80.21,149.28,DSL,Two year,Credit card (automatic),Yes,Yes,Yes,No,Yes,No,Yes,0,3,5,61.6,141.0,Yes
CUST-12809,Male,0,63,43,91.02,3885.07,Fiber optic,One year,Mailed check,No,Yes,No,Yes,No,No phone service,No,0,3,0,62.3,50.0,No
CUST-12810,Female,0,36,53,90.69,4796.83,Fiber optic,Month-to-month,Credit card (automatic),No,Yes,No,Yes,Yes,No,No,0,4,2,49.6,80.0,Yes
CUST-12811,Male,0,41,3,60.69,202.0,DSL,Month-to-month,Credit card (automatic),No,No,Yes,No,Yes,No,No,1,2,2,101.2,193.2,Yes
CUST-12812,Male,1,79,41,53.43,2175.49,DSL,Month-to-month,Mailed check,No,No,Yes,No,Yes,No,Yes,1,3,1,220.8,178.2,Yes
CUST-12813,Male,0,64,8,97.79,790.33,Fiber optic,Two year,Bank transfer (automatic),Yes,No,Yes,No,Yes,Yes,No,0,3,1,100.7,205.1,No
CUST-12814,Female,0,44,63,51.21,3222.61,DSL,One year,Bank transfer (automatic),Yes,No,No,No,Yes,No,No,0,3,2,22.5,24.3,No
CUST-12815,Female,1,76,65,85.42,5555.23,Fiber optic,One year,Bank transfer (automatic),No,No,No,Yes,Yes,Yes,Yes,0,4,1,56.3,126.0,No
CUST-12816,Female,0,34,4,56.16,230.39,DSL,Month-to-month,Electronic check,No,Yes,No,No,Yes,No,No,0,3,2,163.2,342.7,Yes
CUST-12817,Female,0,42,68,94.01,6389.97,Fiber optic,Two year,Bank transfer (automatic),No,No,Yes,No,Yes,Yes,No,0,5,1,57.8,60.0,No
CUST-12818,Male,0,63,10,66.29,636.37,Fiber optic,One year,Electronic check,No,No,No,No,Yes,No,No,1,4,1,70.2,124.7,Yes
CUST-12819,Male,0,48,50,94.96,4752.06,Fiber optic,Two year,Bank transfer (automatic),No,Yes,Yes,No,Yes,No,No,0,4,3,99.9,208.5,No
CUST-12820,Female,1,70,23,55.79,1277.02,DSL,One year,Mailed check,No,No,No,Yes,Yes,No,Yes,0,4,2,78.5,66.7,No
CUST-12821,Female,1,69,61,71.18,4323.97,Fiber optic,Two year,Electronic check,No,No,No,No,Yes,No,Yes,1,2,0,184.8,319.0,No
CUST-12822,Male,0,39,47,118.75,5605.04,Fiber optic,Two year,Credit card (automatic),Yes,Yes,Yes,Yes,Yes,Yes,Yes,0,3,0,43.0,38.1,No
CUST-12823,Male,0,22,3,96.1,302.46,Fiber optic,Month-to-month,Mailed check,No,No,Yes,Yes,Yes,No,Yes,0,4,1,67.8,125.6,No
CUST-12824,Female,0,61,17,59.37,996.33,DSL,Two year,Mailed check,Yes,No,No,No,Yes,Yes,Yes,0,5,1,46.6,107.2,No
CUST-12825,Female,0,59,22,88.15,1941.64,Fiber optic,Month-to-month,Electronic check,No,Yes,Yes,No,Yes,No,No,0,4,1,78.3,115.2,Yes
CUST-12826,Female,0,25,16,83.24,1359.63,DSL,One year,Mailed check,No,Yes,Yes,Yes,Yes,No,No,1,3,1,43.1,66.4,Yes
CUST-12827,Female,0,55,3,77.79,218.1,Fiber optic,Two year,Electronic check,No,No,Yes,No,Yes,No,No,1,3,0,107.3,264.1,Yes
CUST-12828,Male,1,72,52,72.18,3780.2,DSL,Month-to-month,Electronic check,Yes,No,Yes,No,Yes,Yes,No,1,2,3,78.3,123.3,Yes
CUST-12829,Male,1,70,33,27.38,914.54,No,One year,Electronic check,No internet service,No internet service,No internet service,No internet service,Yes,Yes,Yes,0,4,1,126.3,162.3,Yes
CUST-12830,Male,0,29,42,82.21,3455.27,DSL,One year,Electronic check,Yes,No,Yes,Yes,Yes,No,No,0,3,1,137.7,343.4,No
CUST-12831,Female,0,42,2,88.03,205.05,DSL,One year,Mailed check,Yes,No,Yes,Yes,Yes,Yes,No,0,3,4,41.5,81.2,No
CUST-12832,Female,0,55,39,69.71,2708.71,DSL,Two year,Mailed check,No,No,Yes,Yes,No,No phone service,No,0,4,2,84.9,151.9,No
CUST-12833,Male,0,61,46,21.92,995.01,No,One year,Bank transfer (automatic),No internet service,No internet service,No internet service,No internet service,Yes,No,No,0,4,0,60.6,116.4,No
CUST-12834,Male,0,32,48,85.02,4071.34,Fiber optic,Two year,Mailed check,No,No,No,Yes,Yes,No,Yes,0,3,3,86.7,185.9,No
CUST-12835,Male,0,61,27,25.33,698.96,No,Month-to-month,Credit card (automatic),No internet service,No internet service,No internet service,No internet service,Yes,Yes,No,0,4,1,84.8,73.2,No
CUST-12836,Male,0,58,15,18.25,263.97,No,Month-to-month,Electronic check,No internet service,No internet service,No internet service,No internet service,Yes,No,No,0,4,1,30.0,34.2,No
CUST-12837,Female,0,51,7,100.27,678.06,Fiber optic,Month-to-month,Bank transfer (automatic),No,Yes,Yes,Yes,Yes,No,No,0,3,3,145.4,125.4,Yes
CUST-12838,Male,0,62,57,78.65,4491.71,Fiber optic,One year,Credit card (automatic),No,No,No,Yes,Yes,No,Yes,1,3,1,87.9,115.2,No
CUST-12839,Male,1,77,42,18.25,749.88,No,Month-to-month,Electronic check,No internet service,No internet service,No internet service,No internet service,No,No phone service,No,0,2,0,109.0,227.8,No
CUST-12840,Male,0,25,9,57.48,487.57,DSL,One year,Mailed check,No,Yes,No,No,Yes,No,Yes,1,3,1,124.4,184.9,Yes
CUST-12841,Male,0,30,6,81.85,473.05,Fiber optic,Month-to-month,Bank transfer (automatic),No,No,No,No,Yes,Yes,No,1,3,0,57.2,113.5,Yes
CUST-12842,Male,0,53,57,67.11,3844.42,DSL,One year,Electronic check,No,No,Yes,No,Yes,Yes,Yes,0,5,0,50.9,67.2,No
CUST-12843,Male,0,23,30,88.89,2693.11,Fiber optic,Month-to-month,Electronic check,No,Yes,Yes,No,Yes,No,No,1,2,1,125.7,310.5,Yes
CUST-12844,Male,1,67,55,101.06,5568.02,Fiber optic,One year,Bank transfer (automatic),No,Yes,Yes,No,Yes,Yes,No,0,4,3,148.1,141.4,No
CUST-12845,Female,0,49,54,45.21,2429.97,DSL,One year,Mailed check,No,No,No,No,Yes,No,No,0,5,0,169.4,301.2,No
CUST-12846,Female,0,38,27,82.2,2215.59,DSL,Two year,Electronic check,No,Yes,Yes,Yes,Yes,No,No,1,3,0,139.7,254.5,Yes
CUST-12847,Female,0,61,59,24.42,1422.45,No,One year,Bank transfer (automatic),No internet service,No internet service,No internet service,No internet service,Yes,No,No,0,4,0,75.9,154.9,No
CUST-12848,Female,0,61,7,71.43,522.86,DSL,One year,Bank transfer (automatic),No,No,Yes,Yes,Yes,No,Yes,0,4,1,154.4,126.5,No
CUST-12849,Male,0,24,40,20.13,815.13,No,Two year,Electronic check,No internet service,No internet service,No internet service,No internet service,Yes,No,No,0,3,0,62.3,77.6,No
CUST-12850,Female,0,43,72,112.11,8046.98,Fiber optic,One year,Mailed check,Yes,No,Yes,Yes,Yes,Yes,No,1,3,2,88.6,137.7,No
CUST-12851,Female,0,32,2,70.08,132.18,DSL,Month-to-month,Bank transfer (automatic),No,Yes,No,Yes,No,No phone service,No,0,3,1,209.6,355.3,Yes
CUST-12852,Male,0,59,14,88.23,1237.5,Fiber optic,Two year,Electronic check,Yes,No,Yes,No,Yes,No,Yes,1,2,3,61.3,56.0,Yes
CUST-12853,Male,0,40,10,118.53,1203.14,Fiber optic,One year,Bank transfer (automatic),Yes,Yes,Yes,Yes,Yes,Yes,Yes,1,3,3,349.4,764.2,Yes
CUST-12854,Female,0,55,50,26.44,1347.23,No,Month-to-month,Electronic check,No internet service,No internet service,No internet service,No internet service,Yes,Yes,No,1,3,2,178.6,183.7,No
CUST-12855,Female,0,58,18,96.47,1714.42,Fiber optic,One year,Electronic check,No,No,Yes,Yes,Yes,No,No,0,4,1,164.5,292.5,No
CUST-12856,Male,0,32,18,18.25,348.57,No,Two year,Electronic check,No internet service,No internet service,No internet service,No internet service,No,No phone service,Yes,0,4,3,108.3,147.0,No
CUST-12857,Female,1,71,16,90.44,1420.99,Fiber optic,Two year,Credit card (automatic),No,Yes,Yes,No,Yes,No,Yes,0,4,0,29.5,48.6,No
CUST-12858,Male,1,68,52,110.19,5714.31,Fiber optic,Two year,Credit card (automatic),Yes,No,Yes,Yes,Yes,Yes,No,0,4,3,85.1,74.8,No
CUST-12859,Male,0,49,69,101.86,6999.6,Fiber optic,Month-to-month,Mailed check,No,No,Yes,Yes,Yes,Yes,Yes,0,5,2,71.0,158.9,No
CUST-12860,Male,0,54,52,54.64,2815.11,DSL,Month-to-month,Mailed check,No,Yes,No,No,Yes,No,No,0,3,4,97.7,124.6,Yes
CUST-12861,Male,0,35,31,84.14,2580.29,Fiber optic,Month-to-month,Electronic check,No,No,No,Yes,Yes,No,No,1,2,2,82.4,106.5,Yes
CUST-12862,Female,0,37,23,76.26,1732.74,DSL,Month-to-month,Bank transfer (automatic),No,Yes,No,Yes,Yes,Yes,No,0,4,0,79.2,121.3,No
CUST-12863,Male,0,63,42,69.03,2921.85,DSL,Two year,Electronic check,No,No,No,Yes,Yes,Yes,No,0,3,1,200.0,251.3,No
CUST-12864,Male,0,19,62,78.81,4873.25,Fiber optic,Month-to-month,Bank transfer (automatic),No,No,Yes,No,No,No phone service,Yes,0,4,0,72.9,130.4,No
CUST-12865,Female,0,40,50,56.32,2814.78,DSL,One year,Credit card (automatic),No,No,Yes,No,Yes,No,No,0,4,0,145.3,329.7,No
CUST-12866,Male,0,47,15,87.0,1304.23,Fiber optic,One year,Electronic check,No,Yes,No,No,Yes,Yes,No,0,4,0,298.7,463.2,No
CUST-12867,Female,1,68,44,18.25,832.72,No,One year,Bank transfer (automatic),No internet service,No internet service,No internet service,No internet service,Yes,No,No,0,2,4,183.0,181.5,No
CUST-12868,Female,0,63,42,78.65,3295.18,Fiber optic,Month-to-month,Mailed check,No,No,No,Yes,Yes,No,No,0,5,0,153.5,351.6,No
CUST-12869,Female,0,56,45,98.37,4412.56,Fiber optic,Month-to-month,Electronic check,Yes,No,Yes,No,Yes,Yes,No,0,3,4,68.6,115.8,Yes
CUST-12870,Male,0,64,35,82.35,2910.04,Fiber optic,Month-to-month,Bank transfer (automatic),Yes,No,No,No,Yes,No,No,0,3,2,52.6,127.9,Yes
CUST-12871,Female,0,18,22,53.5,1182.55,DSL,Month-to-month,Mailed check,No,No,No,Yes,Yes,No,No,1,3,1,78.0,177.9,No
CUST-12872,Female,1,74,38,84.65,3204.07,DSL,Two year,Bank transfer (automatic),No,Yes,Yes,Yes,Yes,Yes,No,0,2,0,80.6,183.3,No
CUST-12873,Male,0,39,70,29.76,2070.45,No,Two year,Electronic check,No internet service,No internet service,No internet service,No internet service,Yes,Yes,No,1,4,1,160.0,161.1,No
CUST-12874,Female,0,46,64,20.97,1317.26,No,Month-to-month,Mailed check,No internet service,No internet service,No internet service,No internet service,Yes,No,Yes,0,5,1,60.1,101.7,No
CUST-12875,Female,0,31,7,118.04,829.69,Fiber optic,Two year,Credit card (automatic),Yes,Yes,Yes,Yes,Yes,Yes,No,0,3,1,169.4,379.5,No
CUST-12876,Female,1,79,44,93.44,4124.78,DSL,Month-to-month,Bank transfer (automatic),Yes,Yes,Yes,Yes,Yes,No,No,0,4,1,29.3,62.7,Yes
CUST-12877,Female,0,38,7,63.48,442.84,DSL,One year,Bank transfer (automatic),Yes,No,Yes,No,Yes,No,No,0,4,0,86.8,146.6,No
CUST-12878,Female,0,62,66,18.25,1227.57,No,Month-to-month,Electronic check,No internet service,No internet service,No internet service,No internet service,Yes,No,No,0,4,1,181.1,450.9,No
CUST-12879,Male,0,49,60,110.04,6601.44,Fiber optic,One year,Electronic check,Yes,No,Yes,Yes,Yes,Yes,No,0,4,4,164.5,388.5,No
CUST-12880,Female,0,23,1,85.26,85.26,Fiber optic,Month-to-month,Credit card (automatic),No,No,Yes,No,Yes,Yes,Yes,0,4,0,107.3,163.3,Yes
CUST-12881,Female,0,18,62,23.31,1430.27,No,Month-to-month,Electronic check,No internet service,No internet service,No internet service,No internet service,Yes,Yes,No,0,4,1,88.6,106.5,No
CUST-12882,Male,0,38,18,104.79,1870.82,Fiber optic,Month-to-month,Credit card (automatic),No,Yes,Yes,Yes,Yes,No,No,0,5,2,144.5,208.8,No
CUST-12883,Male,0,21,7,68.93,471.5,DSL,Month-to-month,Electronic check,No,No,No,Yes,Yes,Yes,No,0,3,2,97.4,124.7,Yes
CUST-12884,Male,0,20,54,27.03,1489.14,No,One year,Electronic check,No internet service,No internet service,No internet service,No internet service,Yes,Yes,No,1,3,3,59.7,113.6,No
CUST-12885,Female,0,47,67,18.25,1214.4,No,Month-to-month,Electronic check,No internet service,No internet service,No internet service,No internet service,Yes,No,No,0,4,3,83.2,166.6,No
CUST-12886,Male,0,48,10,86.15,862.98,Fiber optic,One year,Mailed check,No,No,No,Yes,Yes,No,No,0,3,3,43.5,45.0,No
CUST-12887,Female,0,51,61,83.61,5086.69,Fiber optic,One year,Credit card (automatic),Yes,No,No,No,Yes,Yes,No,0,4,0,207.9,268.0,No
CUST-12888,Female,1,78,59,89.73,5272.68,Fiber optic,One year,Credit card (automatic),No,No,No,Yes,Yes,Yes,No,0,4,0,174.7,417.2,No
CUST-12889,Male,0,37,59,18.25,1085.5,No,One year,Mailed check,No internet service,No internet service,No internet service,No internet service,Yes,No,No,0,3,0,80.6,151.7,No
CUST-12890,Male,0,40,69,18.82,1301.29,No,Month-to-month,Electronic check,No internet service,No internet service,No internet service,No internet service,No,No phone service,Yes,1,2,4,122.0,242.2,No
CUST-12891,Female,0,57,63,66.11,4139.0,DSL,One year,Bank transfer (automatic),Yes,No,Yes,No,Yes,No,No,1,3,2,28.2,24.8,No
CUST-12892,Male,0,42,8,67.45,562.57,DSL,Two year,Bank transfer (automatic),No,Yes,Yes,No,Yes,No,Yes,0,3,1,104.9,157.8,No
CUST-12893,Female,0,32,55,89.53,4924.61,Fiber optic,One year,Mailed check,No,No,No,Yes,Yes,Yes,No,0,4,1,48.8,117.8,No
CUST-12894,Male,0,55,6,79.88,469.4,DSL,One year,Electronic check,Yes,No,Yes,No,Yes,Yes,No,0,3,1,119.7,256.2,No
CUST-12895,Male,0,40,1,99.26,116.02,Fiber optic,One year,Electronic check,Yes,No,Yes,Yes,No,No phone service,Yes,0,3,1,253.8,540.3,Yes
CUST-12896,Male,0,19,56,71.58,3985.21,DSL,Month-to-month,Bank transfer (automatic),No,No,Yes,Yes,Yes,No,No,0,4,0,65.5,152.3,No
CUST-12897,Female,0,32,10,62.51,623.53,DSL,One year,Mailed check,Yes,No,No,Yes,Yes,No,Yes,0,4,2,31.0,35.6,No
CUST-12898,Male,0,61,23,64.31,1482.06,DSL,Two year,Bank transfer (automatic),No,No,No,Yes,Yes,Yes,No,0,4,1,136.4,337.7,No
CUST-12899,Female,0,52,16,25.02,416.83,No,Month-to-month,Electronic check,No internet service,No internet service,No internet service,No internet service,Yes,Yes,No,0,4,1,76.4,118.6,Yes
CUST-12900,Female,0,27,16,86.45,1375.41,Fiber optic,Two year,Credit card (automatic),No,No,No,Yes,Yes,No,No,0,4,1,158.3,353.6,No
CUST-12901,Female,0,31,56,47.22,2665.62,DSL,Month-to-month,Electronic check,No,No,No,No,Yes,No,No,1,2,1,171.3,225.7,No
CUST-12902,Female,0,44,6,99.63,609.64,Fiber optic,Month-to-month,Electronic check,Yes,No,No,Yes,Yes,Yes,No,0,3,1,165.6,315.6,Yes
CUST-12903,Male,0,31,30,59.52,1801.86,DSL,Two year,Bank transfer (automatic),No,Yes,No,No,Yes,No,Yes,0,4,1,91.9,83.3,No
CUST-12904,Female,0,52,63,71.21,4514.37,DSL,Two year,Bank transfer (automatic),No,No,Yes,Yes,Yes,No,No,1,4,1,241.2,586.0,No
CUST-12905,Female,0,50,1,96.52,117.21,Fiber optic,Two year,Electronic check,No,Yes,Yes,No,Yes,No,No,1,3,1,60.9,60.8,Yes
CUST-12906,Male,0,18,51,102.05,5195.36,Fiber optic,Two year,Credit card (automatic),Yes,No,No,Yes,Yes,Yes,No,0,3,2,189.5,373.9,No
CUST-12907,Female,0,51,46,87.78,4046.63,Fiber optic,Month-to-month,Bank transfer (automatic),No,Yes,Yes,No,Yes,No,Yes,0,2,3,74.4,60.3,Yes
CUST-12908,Male,1,75,21,101.16,2146.48,Fiber optic,One year,Electronic check,No,Yes,Yes,No,Yes,Yes,Yes,0,3,2,89.7,150.1,Yes
CUST-12909,Female,1,77,38,89.8,3413.91,DSL,Month-to-month,Bank transfer (automatic),Yes,Yes,Yes,No,Yes,Yes,Yes,0,3,2,148.5,200.3,No
CUST-12910,Male,0,59,69,77.14,5333.63,Fiber optic,Month-to-month,Bank transfer (automatic),No,Yes,No,No,Yes,No,No,0,3,1,81.2,97.0,No
CUST-12911,Female,0,21,63,69.93,4385.93,DSL,Month-to-month,Bank transfer (automatic),No,Yes,Yes,No,Yes,No,No,1,1,1,194.9,392.5,Yes
CUST-12912,Male,0,53,50,78.85,3961.45,Fiber optic,One year,Credit card (automatic),No,No,No,Yes,Yes,No,No,0,4,0,41.9,65.1,No
CUST-12913,Female,0,30,12,64.52,789.69,DSL,Month-to-month,Bank transfer (automatic),No,No,Yes,No,Yes,Yes,No,0,3,1,208.0,278.7,Yes
CUST-12914,Female,0,49,69,68.85,4773.98,DSL,Two year,Mailed check,Yes,Yes,No,No,Yes,Yes,No,0,3,0,177.4,277.2,No
CUST-12915,Male,0,26,44,92.41,4078.65,Fiber optic,One year,Credit card (automatic),No,No,Yes,Yes,Yes,No,No,1,2,1,189.3,252.9,No
CUST-12916,Male,0,56,52,65.76,3442.13,DSL,Month-to-month,Bank transfer (automatic),No,Yes,No,No,Yes,Yes,No,1,2,3,69.5,105.5,Yes
CUST-12917,Male,0,33,9,23.45,190.78,No,One year,Bank transfer (automatic),No internet service,No internet service,No internet service,No internet service,Yes,Yes,Yes,0,4,1,42.3,45.7,No
CUST-12918,Male,0,20,65,90.2,5881.82,Fiber optic,Month-to-month,Mailed check,No,Yes,Yes,No,No,No phone service,No,1,1,3,83.3,197.6,Yes
CUST-12919,Female,0,37,10,68.3,710.18,DSL,Month-to-month,Credit card (automatic),Yes,No,Yes,No,Yes,No,No,0,4,3,270.3,409.6,No
CUST-12920,Female,0,27,46,86.49,3997.47,Fiber optic,Two year,Mailed check,No,No,Yes,No,Yes,No,No,0,4,0,60.7,96.7,No
CUST-12921,Male,1,66,58,91.45,5311.01,Fiber optic,Month-to-month,Bank transfer (automatic),No,No,Yes,Yes,Yes,No,No,1,3,0,61.6,125.3,Yes
CUST-12922,Female,0,20,37,61.73,2309.6,DSL,Two year,Mailed check,No,No,No,Yes,Yes,Yes,No,0,4,1,38.2,38.6,Yes
CUST-12923,Male,0,28,52,91.04,4709.75,Fiber optic,One year,Bank transfer (automatic),No,No,Yes,Yes,Yes,No,No,0,5,0,71.8,81.3,Yes
CUST-12924,Male,0,42,13,18.25,208.26,No,One year,Electronic check,No internet service,No internet service,No internet service,No internet service,Yes,No,Yes,0,4,0,64.4,68.0,No
CUST-12925,Female,1,70,6,81.38,516.2,Fiber optic,One year,Credit card (automatic),Yes,No,No,No,Yes,No,No,0,4,1,133.6,215.8,No
CUST-12926,Female,0,25,58,92.99,5404.4,Fiber optic,Month-to-month,Electronic check,No,Yes,No,No,Yes,Yes,No,1,3,1,122.5,220.3,Yes
CUST-12927,Female,0,26,48,67.24,3204.37,DSL,Month-to-month,Bank transfer (automatic),Yes,No,No,Yes,Yes,No,No,0,2,4,121.8,245.4,Yes
CUST-12928,Female,0,32,32,42.71,1357.12,DSL,Month-to-month,Mailed check,No,No,No,No,Yes,No,No,0,4,0,76.9,184.9,No
CUST-12929,Female,0,49,11,91.47,1021.1,DSL,Month-to-month,Bank transfer (automatic),Yes,Yes,Yes,Yes,Yes,No,No,0,3,1,104.8,99.2,No
CUST-12930,Female,0,20,5,78.58,407.92,Fiber optic,Month-to-month,Mailed check,No,No,No,Yes,Yes,No,No,0,3,1,55.1,107.1,Yes
CUST-12931,Female,0,21,6,23.3,120.0,No,Two year,Electronic check,No internet service,No internet service,No internet service,No internet service,Yes,Yes,Yes,0,4,3,54.0,112.5,No
CUST-12932,Male,0,47,21,21.05,440.26,No,Month-to-month,Mailed check,No internet service,No internet service,No internet service,No internet service,Yes,No,Yes,0,5,1,167.1,322.4,Yes
CUST-12933,Male,1,69,42,52.1,2206.64,DSL,One year,Credit card (automatic),Yes,No,No,No,Yes,No,Yes,0,4,3,146.4,329.9,No
CUST-12934,Male,0,61,27,63.99,1755.74,DSL,Month-to-month,Bank transfer (automatic),No,No,No,Yes,Yes,Yes,Yes,0,4,1,96.6,162.7,Yes
CUST-12935,Male,0,38,3,60.31,188.28,DSL,Month-to-month,Electronic check,Yes,No,No,No,Yes,Yes,Yes,0,3,2,89.0,195.0,Yes
CUST-12936,Male,0,58,60,104.18,6259.09,Fiber optic,Month-to-month,Credit card (automatic),Yes,No,No,Yes,Yes,Yes,Yes,0,5,1,123.1,113.0,No
CUST-12937,Female,0,63,66,90.38,5963.24,Fiber optic,One year,Bank transfer (automatic),Yes,No,Yes,No,Yes,No,No,0,3,2,95.1,179.0,No
CUST-12938,Male,1,73,49,101.49,4975.35,Fiber optic,Month-to-month,Mailed check,Yes,Yes,Yes,No,Yes,No,No,0,4,3,81.6,195.8,No
CUST-12939,Male,0,56,34,18.25,596.44,No,Month-to-month,Bank transfer (automatic),No internet service,No internet service,No internet service,No internet service,Yes,No,Yes,0,4,1,165.7,260.7,No
CUST-12940,Male,0,39,37,87.85,3241.43,Fiber optic,One year,Mailed check,Yes,No,Yes,No,Yes,No,No,1,2,2,130.8,131.7,Yes
CUST-12941,Male,0,37,42,57.13,2399.9,DSL,One year,Electronic check,No,No,No,Yes,Yes,No,No,1,2,0,91.5,129.8,No
CUST-12942,Male,0,54,65,83.69,5426.35,Fiber optic,Month-to-month,Credit card (automatic),No,Yes,No,No,Yes,No,No,1,3,1,67.0,150.5,Yes
CUST-12943,Male,0,48,60,75.52,4522.79,DSL,One year,Electronic check,No,No,Yes,Yes,Yes,Yes,No,1,1,4,21.8,22.2,No
CUST-12944,Male,0,27,1,94.81,123.08,Fiber optic,One year,Mailed check,No,Yes,Yes,No,Yes,No,No,0,3,3,88.2,149.6,No
CUST-12945,Female,0,35,59,62.33,3647.78,DSL,One year,Bank transfer (automatic),No,Yes,Yes,No,Yes,No,No,0,4,2,23.5,53.0,No
CUST-12946,Female,0,60,4,85.36,329.6,Fiber optic,Month-to-month,Credit card (automatic),No,Yes,No,No,Yes,Yes,Yes,0,4,2,22.4,47.9,Yes
CUST-12947,Male,0,56,14,18.25,260.54,No,Month-to-month,Electronic check,No internet service,No internet service,No internet service,No internet service,No,No phone service,Yes,1,1,1,39.6,66.2,Yes
CUST-12948,Female,0,63,18,27.03,473.28,No,Month-to-month,Mailed check,No internet service,No internet service,No internet service,No internet service,Yes,Yes,No,1,4,2,16.4,30.5,No
CUST-12949,Female,1,78,34,80.94,2762.55,DSL,Two year,Bank transfer (automatic),No,No,Yes,Yes,Yes,Yes,No,0,5,1,80.5,102.7,No
CUST-12950,Female,0,35,1,92.74,92.74,Fiber optic,Month-to-month,Bank transfer (automatic),No,No,Yes,Yes,Yes,No,No,0,3,2,40.1,95.7,Yes
CUST-12951,Female,0,28,53,95.03,5044.88,Fiber optic,Two year,Credit card (automatic),No,No,Yes,Yes,Yes,No,No,1,2,2,53.5,45.6,No
CUST-12952,Male,0,39,22,23.98,548.55,No,Month-to-month,Electronic check,No internet service,No internet service,No internet service,No internet service,Yes,No,Yes,0,3,2,113.0,160.6,Yes
CUST-12953,Female,0,61,61,88.6,5414.12,Fiber optic,Month-to-month,Bank transfer (automatic),No,No,No,Yes,Yes,Yes,No,0,4,1,129.1,190.1,No
CUST-12954,Female,0,35,22,98.66,2143.51,Fiber optic,Month-to-month,Electronic check,No,Yes,Yes,No,Yes,Yes,Yes,0,4,0,121.7,257.8,No
CUST-12955,Female,1,73,50,50.88,2561.71,DSL,Month-to-month,Bank transfer (automatic),No,Yes,No,No,Yes,No,No,0,3,2,115.4,185.1,No
CUST-12956,Male,0,40,16,110.49,1750.61,Fiber optic,Two year,Electronic check,No,Yes,Yes,Yes,Yes,Yes,Yes,0,5,0,206.7,466.8,No
CUST-12957,Male,1,70,28,72.46,2036.97,Fiber optic,Two year,Credit card (automatic),No,No,No,No,Yes,No,No,0,4,0,69.5,89.2,No
CUST-12958,Male,0,27,70,78.45,5500.3,DSL,One year,Electronic check,Yes,No,No,Yes,Yes,Yes,No,1,4,0,55.8,61.5,No
CUST-12959,Male,0,18,42,94.23,3975.88,Fiber optic,One year,Bank transfer (automatic),Yes,No,Yes,No,No,No phone service,Yes,0,3,1,82.3,100.4,No
CUST-12960,Male,1,68,66,75.07,4954.97,Fiber optic,One year,Electronic check,Yes,No,No,No,No,No phone service,No,1,3,1,64.3,70.4,No
CUST-12961,Male,0,56,71,49.17,3483.63,DSL,Two year,Mailed check,No,No,No,No,Yes,Yes,Yes,1,3,2,133.7,184.5,No
CUST-12962,Male,1,75,35,72.31,2531.93,Fiber optic,Month-to-month,Bank transfer (automatic),No,No,No,No,Yes,No,Yes,0,3,0,147.2,178.6,Yes
CUST-12963,Female,0,48,20,61.42,1231.15,DSL,One year,Electronic check,No,No,No,Yes,Yes,No,No,1,3,1,195.7,361.8,Yes
CUST-12964,Female,1,79,2,79.95,179.19,Fiber optic,One year,Electronic check,No,No,No,No,Yes,Yes,Yes,0,4,1,133.3,109.7,No
CUST-12965,Female,0,34,7,72.26,488.12,DSL,Two year,Electronic check,No,Yes,Yes,No,Yes,Yes,No,0,4,1,141.9,235.2,No
CUST-12966,Male,0,52,49,108.08,5316.73,Fiber optic,Two year,Electronic check,No,Yes,Yes,Yes,Yes,Yes,No,1,2,1,42.9,63.0,Yes
CUST-12967,Male,0,54,9,81.77,727.87,Fiber optic,Two year,Electronic check,No,No,No,No,Yes,Yes,Yes,0,4,1,212.1,289.5,Yes
CUST-12968,Male,0,35,27,75.99,2066.36,Fiber optic,One year,Mailed check,No,Yes,No,No,Yes,No,No,0,4,0,84.5,78.4,No
CUST-12969,Male,0,50,2,78.51,147.16,Fiber optic,Month-to-month,Bank transfer (automatic),No,No,No,Yes,Yes,No,Yes,0,3,1,32.8,66.8,Yes
CUST-12970,Male,0,21,68,20.97,1438.49,No,Month-to-month,Credit card (automatic),No internet service,No internet service,No internet service,No internet service,Yes,No,Yes,0,3,1,168.7,238.8,No
CUST-12971,Female,0,40,60,100.9,6071.95,Fiber optic,One year,Electronic check,Yes,No,Yes,Yes,Yes,No,Yes,1,3,1,151.5,363.3,No
CUST-12972,Female,0,28,49,84.28,4133.2,DSL,One year,Electronic check,Yes,No,Yes,Yes,Yes,Yes,Yes,0,4,3,59.1,142.7,No
CUST-12973,Male,0,26,2,18.25,43.67,No,Month-to-month,Bank transfer (automatic),No internet service,No internet service,No internet service,No internet service,Yes,No,No,1,3,1,97.0,172.2,No
CUST-12974,Male,0,47,17,61.44,1056.95,DSL,Month-to-month,Mailed check,No,No,Yes,No,No,No phone service,No,0,4,1,172.1,240.6,Yes
CUST-12975,Male,0,25,20,88.25,1776.31,Fiber optic,Month-to-month,Electronic check,Yes,No,No,Yes,Yes,No,No,0,4,0,116.9,172.9,No
CUST-12976,Male,0,57,32,74.31,2391.56,Fiber optic,Two year,Mailed check,No,No,No,No,Yes,No,No,0,4,2,125.8,162.2,No
CUST-12977,Female,0,22,51,18.26,952.24,No,Month-to-month,Electronic check,No internet service,No internet service,No internet service,No internet service,Yes,No,No,0,4,1,174.1,341.6,No
CUST-12978,Male,0,29,42,58.22,2428.47,DSL,One year,Electronic check,Yes,No,No,No,Yes,No,Yes,0,3,2,113.6,194.1,No
CUST-12979,Male,0,18,63,71.5,4487.38,DSL,Month-to-month,Bank transfer (automatic),No,Yes,Yes,No,Yes,No,No,0,4,0,37.5,56.9,No
CUST-12980,Male,1,79,61,102.19,6261.83,Fiber optic,Month-to-month,Electronic check,Yes,Yes,No,Yes,Yes,No,No,0,4,2,109.5,185.0,Yes
CUST-12981,Male,0,42,62,22.7,1428.48,No,Two year,Credit card (automatic),No internet service,No internet service,No internet service,No internet service,Yes,No,Yes,1,2,3,143.1,144.0,No
CUST-12982,Female,0,35,3,54.66,169.48,DSL,Month-to-month,Credit card (automatic),No,No,Yes,No,Yes,No,No,1,1,2,72.6,139.9,Yes
CUST-12983,Male,0,55,26,76.83,1968.07,Fiber optic,Month-to-month,Bank transfer (automatic),No,No,No,No,Yes,Yes,No,0,3,2,180.5,302.4,Yes
CUST-12984,Male,0,59,48,57.53,2782.73,DSL,Month-to-month,Electronic check,No,No,No,Yes,Yes,No,No,1,2,0,78.4,144.7,No
CUST-12985,Female,0,63,8,103.5,843.1,Fiber optic,Month-to-month,Electronic check,No,Yes,Yes,No,Yes,Yes,Yes,0,4,3,83.6,106.3,Yes
CUST-12986,Female,0,43,5,83.21,443.43,Fiber optic,One year,Mailed check,No,No,Yes,No,Yes,No,Yes,1,2,2,116.4,240.2,Yes
CUST-12987,Female,0,57,11,18.25,171.54,No,Month-to-month,Mailed check,No internet service,No internet service,No internet service,No internet service,Yes,No,Yes,1,3,1,63.2,102.0,Yes
CUST-12988,Male,0,20,42,68.05,2829.81,Fiber optic,One year,Credit card (automatic),No,No,No,No,Yes,No,No,1,2,2,204.3,197.7,No
CUST-12989,Male,0,39,41,70.65,2897.7,DSL,Month-to-month,Electronic check,Yes,No,Yes,No,Yes,No,No,0,3,1,113.9,220.7,No
CUST-12990,Female,0,43,19,99.4,1909.96,Fiber optic,Two year,Bank transfer (automatic),Yes,Yes,Yes,No,Yes,No,No,0,4,0,154.3,153.0,No
CUST-12991,Female,1,74,48,88.68,4286.12,Fiber optic,Two year,Bank transfer (automatic),No,No,No,Yes,Yes,Yes,No,0,4,1,157.2,141.6,No
CUST-12992,Female,0,61,53,53.9,2845.9,DSL,Two year,Credit card (automatic),No,Yes,No,No,Yes,No,No,0,4,0,145.3,300.1,No
CUST-12993,Female,0,61,55,18.25,975.93,No,Two year,Mailed check,No internet service,No internet service,No internet service,No internet service,Yes,No,Yes,1,3,2,206.6,330.8,No
CUST-12994,Female,1,78,61,92.5,5624.23,Fiber optic,Month-to-month,Bank transfer (automatic),No,No,Yes,Yes,Yes,No,No,0,4,2,137.2,115.7,Yes
CUST-12995,Female,0,56,32,113.17,3644.06,Fiber optic,Month-to-month,Credit card (automatic),Yes,Yes,Yes,No,Yes,Yes,No,1,1,2,118.2,197.6,Yes
CUST-12996,Male,0,53,46,60.49,2780.53,DSL,One year,Electronic check,No,No,Yes,No,Yes,No,No,1,4,0,156.2,362.7,Yes
CUST-12997,Male,0,38,36,82.81,3002.36,Fiber optic,Month-to-month,Electronic check,No,No,No,Yes,No,No phone service,No,0,3,2,188.7,181.4,No
CUST-12998,Male,1,73,18,103.79,1864.85,Fiber optic,Month-to-month,Mailed check,Yes,Yes,No,Yes,Yes,No,No,0,4,1,78.3,108.8,Yes
CUST-12999,Female,1,71,18,78.35,1383.5,Fiber optic,Month-to-month,Mailed check,No,No,No,No,Yes,Yes,Yes,0,4,2,71.2,157.5,Yes
CUST-13000,Female,0,30,12,77.44,936.33,Fiber optic,Month-to-month,Electronic check,No,No,Yes,No,Yes,No,No,1,3,1,99.1,122.1,Yes
CUST-13001,Female,0,53,72,79.97,5753.98,Fiber optic,One year,Electronic check,No,No,No,No,Yes,Yes,No,0,4,1,91.1,89.7,No
CUST-13002,Female,0,41,46,108.97,5012.1,Fiber optic,Month-to-month,Electronic check,No,Yes,Yes,Yes,Yes,No,No,1,3,1,118.4,184.0,Yes
CUST-13003,Female,0,58,55,77.28,4277.34,Fiber optic,Month-to-month,Bank transfer (automatic),Yes,No,No,No,Yes,No,No,0,4,1,100.9,229.0,Yes
CUST-13004,Female,0,43,38,83.82,3182.58,DSL,One year,Mailed check,No,Yes,Yes,Yes,Yes,No,No,1,3,1,89.4,120.9,Yes
CUST-13005,Male,1,67,2,96.98,211.75,Fiber optic,Month-to-month,Credit card (automatic),Yes,No,No,Yes,Yes,No,Yes,1,2,1,66.1,146.9,Yes
CUST-13006,Male,0,35,9,24.42,193.31,No,Two year,Mailed check,No internet service,No internet service,No internet service,No internet service,Yes,Yes,No,1,2,2,23.3,23.1,Yes
CUST-13007,Female,0,32,5,61.26,305.04,DSL,Month-to-month,Bank transfer (automatic),No,No,Yes,No,Yes,No,No,0,3,0,90.9,135.6,Yes
CUST-13008,Male,0,32,19,118.75,2261.45,Fiber optic,One year,Mailed check,Yes,Yes,Yes,Yes,Yes,Yes,No,0,2,1,53.0,86.4,Yes
CUST-13009,Female,0,23,71,19.66,1372.65,No,Month-to-month,Bank transfer (automatic),No internet service,No internet service,No internet service,No internet service,Yes,No,No,0,3,1,20.5,30.2,No
CUST-13010,Male,0,60,39,108.45,4217.68,Fiber optic,Month-to-month,Mailed check,Yes,Yes,Yes,No,Yes,Yes,No,0,3,0,47.7,110.1,Yes
CUST-13011,Female,0,48,42,91.3,3848.98,Fiber optic,Month-to-month,Electronic check,Yes,Yes,No,No,Yes,No,No,0,3,3,78.6,104.6,No
CUST-13012,Female,1,67,17,95.43,1603.34,Fiber optic,Month-to-month,Credit card (automatic),No,Yes,No,Yes,Yes,No,No,0,4,2,108.5,246.2,Yes
CUST-13013,Male,1,74,63,52.34,3275.13,DSL,Two year,Credit card (automatic),No,No,No,Yes,Yes,No,Yes,0,4,0,54.2,120.2,No
CUST-13014,Male,0,46,46,69.35,3178.06,DSL,One year,Electronic check,No,No,Yes,Yes,Yes,No,Yes,0,5,0,91.5,194.4,No
CUST-13015,Female,1,65,20,79.5,1611.54,Fiber optic,Month-to-month,Credit card (automatic),No,No,No,No,Yes,Yes,No,0,2,3,59.8,73.8,Yes
CUST-13016,Female,0,34,70,99.26,6963.98,Fiber optic,Month-to-month,Electronic check,Yes,No,Yes,Yes,Yes,No,Yes,0,4,0,103.8,147.3,No
CUST-13017,Male,0,41,8,70.89,583.73,DSL,Month-to-month,Mailed check,Yes,No,No,Yes,Yes,No,No,0,4,0,46.7,82.0,No
CUST-13018,Male,0,53,19,106.52,2013.23,Fiber optic,Month-to-month,Bank transfer (automatic),No,No,Yes,Yes,Yes,Yes,Yes,0,4,2,64.4,67.8,No
CUST-13019,Female,0,48,32,81.12,2571.78,Fiber optic,Month-to-month,Electronic check,Yes,No,No,No,No,No phone service,No,0,4,1,149.2,229.9,No
CUST-13020,Male,1,69,19,71.17,1324.15,DSL,Two year,Electronic check,Yes,No,Yes,No,Yes,Yes,No,0,4,0,81.8,66.4,No
CUST-13021,Female,0,51,24,24.32,588.85,No,Month-to-month,Mailed check,No internet service,No internet service,No internet service,No internet service,Yes,No,No,0,3,3,140.3,164.4,Yes
CUST-13022,Female,0,19,24,91.05,2197.34,Fiber optic,One year,Mailed check,Yes,No,No,No,Yes,Yes,No,0,4,1,158.9,362.3,No
CUST-13023,Female,0,59,56,77.29,4320.91,Fiber optic,One year,Electronic check,No,No,Yes,No,No,No phone service,Yes,0,4,1,33.5,27.4,No
CUST-13024,Female,0,20,18,28.79,519.95,No,Two year,Electronic check,No internet service,No internet service,No internet service,No internet service,Yes,Yes,No,0,3,1,56.2,80.6,No
CUST-13025,Male,0,47,12,118.15,1404.54,Fiber optic,Month-to-month,Credit card (automatic),Yes,Yes,Yes,Yes,Yes,Yes,No,0,4,0,124.2,295.5,No
CUST-13026,Male,0,25,41,71.41,2919.67,DSL,One year,Mailed check,Yes,No,No,Yes,Yes,Yes,No,0,4,2,76.6,164.2,No
CUST-13027,Male,0,24,48,24.93,1210.43,No,Two year,Electronic check,No internet service,No internet service,No internet service,No internet service,Yes,Yes,Yes,0,3,3,132.5,139.5,No
CUST-13028,Male,0,29,64,18.96,1226.53,No,Month-to-month,Bank transfer (automatic),No internet service,No internet service,No internet service,No internet service,Yes,No,No,0,3,2,95.4,126.1,No
CUST-13029,Male,0,36,16,73.76,1151.85,Fiber optic,Month-to-month,Electronic check,No,No,No,No,No,No phone service,Yes,0,3,1,58.1,118.5,Yes
CUST-13030,Male,0,43,23,83.31,1942.78,Fiber optic,Two year,Electronic check,No,Yes,No,No,Yes,Yes,No,1,3,1,59.0,102.4,Yes
CUST-13031,Male,0,45,39,101.89,3959.85,Fiber optic,One year,Credit card (automatic),Yes,No,No,Yes,Yes,Yes,No,0,4,0,64.9,139.8,No
CUST-13032,Female,0,32,33,32.65,1101.91,No,Month-to-month,Credit card (automatic),No internet service,No internet service,No internet service,No internet service,Yes,Yes,No,0,3,1,138.3,149.7,No
CUST-13033,Male,0,31,24,21.41,514.55,No,One year,Electronic check,No internet service,No internet service,No internet service,No internet service,Yes,No,No,0,4,2,114.2,162.9,No
CUST-13034,Male,0,31,61,95.16,5804.71,Fiber optic,Month-to-month,Credit card (automatic),No,Yes,Yes,No,Yes,No,Yes,1,2,1,33.8,70.5,Yes
CUST-13035,Female,0,20,55,61.02,3353.14,DSL,Month-to-month,Credit card (automatic),No,No,No,Yes,Yes,No,No,0,3,2,90.6,136.0,No
CUST-13036,Male,1,69,61,22.15,1376.5,No,Month-to-month,Bank transfer (automatic),No internet service,No internet service,No internet service,No internet service,No,No phone service,No,0,5,1,79.8,154.0,No
CUST-13037,Male,0,23,40,93.6,3726.49,Fiber optic,Month-to-month,Mailed check,Yes,No,Yes,No,Yes,No,No,0,4,0,169.3,191.8,No
CUST-13038,Female,0,40,58,87.18,5063.14,Fiber optic,One year,Electronic check,Yes,No,No,Yes,Yes,No,No,0,3,2,164.6,314.1,No
CUST-13039,Male,1,67,72,90.19,6482.75,Fiber optic,One year,Electronic check,No,No,No,Yes,Yes,Yes,No,1,1,4,109.3,119.6,Yes
CUST-13040,Male,0,31,1,87.69,112.6,Fiber optic,Two year,Bank transfer (automatic),Yes,No,No,No,Yes,Yes,No,0,4,1,133.7,280.1,No
CUST-13041,Male,0,31,25,28.23,685.91,No,Month-to-month,Credit card (automatic),No internet service,No internet service,No internet service,No internet service,Yes,Yes,No,0,3,1,41.9,72.1,No
CUST-13042,Female,0,37,53,27.32,1458.53,No,Two year,Bank transfer (automatic),No internet service,No internet service,No internet service,No internet service,Yes,Yes,No,0,4,2,112.6,172.5,No
CUST-13043,Male,1,75,61,104.07,6343.58,Fiber optic,Month-to-month,Electronic check,No,Yes,Yes,No,Yes,Yes,Yes,0,5,1,123.8,113.9,No
CUST-13044,Male,1,66,46,73.89,3408.61,Fiber optic,Month-to-month,Electronic check,No,No,No,No,Yes,No,No,1,3,3,29.9,57.7,Yes
CUST-13045,Female,0,52,60,84.26,5035.06,Fiber optic,Two year,Mailed check,Yes,No,No,No,Yes,Yes,No,0,4,0,50.4,56.6,No
CUST-13046,Male,0,62,51,77.33,3937.45,DSL,Month-to-month,Bank transfer (automatic),Yes,Yes,Yes,No,Yes,No,No,0,5,3,172.8,174.1,No
CUST-13047,Female,0,19,48,83.6,3989.24,DSL,Month-to-month,Electronic check,Yes,No,Yes,Yes,Yes,No,No,0,4,2,28.9,30.8,No
CUST-13048,Female,1,72,40,69.99,2827.73,DSL,Month-to-month,Bank transfer (automatic),No,No,Yes,Yes,Yes,No,No,1,2,3,73.3,81.7,Yes
CUST-13049,Male,1,67,7,78.02,528.98,DSL,Month-to-month,Bank transfer (automatic),No,Yes,No,Yes,Yes,Yes,Yes,0,4,2,50.2,98.6,Yes
CUST-13050,Female,0,57,19,102.73,1981.46,Fiber optic,One year,Electronic check,No,Yes,Yes,Yes,Yes,No,No,0,4,1,59.1,96.2,No
CUST-13051,Female,0,41,15,65.77,981.66,DSL,Two year,Electronic check,Yes,No,No,Yes,No,No phone service,No,0,4,2,8.0,12.8,No
CUST-13052,Male,0,46,70,18.26,1252.49,No,One year,Electronic check,No internet service,No internet service,No internet service,No internet service,Yes,No,Yes,1,3,1,84.1,133.5,No
CUST-13053,Female,0,20,61,77.22,4681.47,Fiber optic,Two year,Credit card (automatic),No,No,Yes,No,Yes,No,Yes,0,3,4,156.7,235.0,No
CUST-13054,Female,0,62,56,71.25,3995.94,DSL,One year,Mailed check,Yes,No,Yes,No,Yes,No,No,0,4,4,62.6,104.9,No
CUST-13055,Male,0,21,10,78.5,791.88,Fiber optic,Two year,Mailed check,Yes,No,No,No,Yes,No,No,1,2,0,112.8,121.0,No
CUST-13056,Male,0,19,46,63.67,2930.31,DSL,Month-to-month,Bank transfer (automatic),No,No,No,Yes,Yes,Yes,Yes,0,4,1,177.6,227.7,No
CUST-13057,Male,0,37,57,67.6,3827.18,DSL,Two year,Mailed check,No,No,No,Yes,Yes,Yes,No,0,4,0,71.3,69.2,No
CUST-13058,Female,1,76,35,63.27,2204.34,DSL,Month-to-month,Electronic check,No,Yes,No,No,Yes,Yes,No,1,2,4,113.4,252.0,Yes
CUST-13059,Male,0,49,72,18.62,1332.18,No,Two year,Bank transfer (automatic),No internet service,No internet service,No internet service,No internet service,Yes,No,Yes,0,4,0,222.7,556.7,No
CUST-13060,Female,0,59,3,113.84,353.81,Fiber optic,Month-to-month,Bank transfer (automatic),Yes,Yes,Yes,No,Yes,Yes,No,0,4,4,98.4,196.4,Yes
CUST-13061,Female,0,18,66,90.25,5951.63,DSL,One year,Electronic check,No,Yes,Yes,Yes,Yes,Yes,No,1,3,2,60.5,53.3,Yes
CUST-13062,Female,1,69,53,84.77,4497.19,Fiber optic,One year,Electronic check,No,Yes,No,No,Yes,No,Yes,0,3,3,114.6,183.6,No
CUST-13063,Female,0,52,52,76.41,3960.5,DSL,Two year,Bank transfer (automatic),Yes,No,Yes,No,Yes,Yes,Yes,0,4,2,109.4,88.7,No
CUST-13064,Female,0,24,53,83.9,4460.26,Fiber optic,One year,Bank transfer (automatic),No,No,Yes,No,Yes,No,No,0,4,1,59.5,75.5,No
CUST-13065,Female,0,62,54,18.25,958.31,No,Month-to-month,Electronic check,No internet service,No internet service,No internet service,No internet service,Yes,No,Yes,0,3,2,32.4,30.3,No
CUST-13066,Female,0,30,47,96.0,4541.31,Fiber optic,One year,Bank transfer (automatic),No,Yes,Yes,No,Yes,Yes,No,0,3,1,56.2,85.1,No
CUST-13067,Male,0,18,3,106.06,326.67,Fiber optic,Month-to-month,Credit card (automatic),Yes,Yes,No,Yes,Yes,Yes,No,0,4,0,80.3,123.1,No
CUST-13068,Male,0,31,65,71.46,4623.83,Fiber optic,Month-to-month,Electronic check,No,No,No,No,Yes,No,No,1,2,1,99.7,109.7,Yes
CUST-13069,Female,1,76,15,18.25,286.8,No,Month-to-month,Mailed check,No internet service,No internet service,No internet service,No internet service,No,No phone service,No,0,4,2,88.3,195.1,No
CUST-13070,Female,0,20,34,96.07,3283.57,Fiber optic,Month-to-month,Bank transfer (automatic),No,Yes,Yes,No,Yes,No,No,0,5,1,146.2,307.6,Yes
CUST-13071,Male,1,68,50,106.04,5319.32,Fiber optic,Month-to-month,Electronic check,No,Yes,Yes,Yes,Yes,No,Yes,1,2,3,109.8,242.2,Yes
CUST-13072,Female,0,41,33,87.26,2865.82,Fiber optic,Two year,Bank transfer (automatic),No,No,No,Yes,Yes,Yes,No,0,5,1,60.0,103.7,Yes
CUST-13073,Male,0,18,3,87.79,290.89,Fiber optic,Two year,Credit card (automatic),No,No,Yes,No,Yes,Yes,No,1,2,3,90.2,73.4,Yes
CUST-13074,Male,0,27,2,102.1,175.26,Fiber optic,Month-to-month,Credit card (automatic),No,Yes,No,Yes,Yes,Yes,No,0,5,1,163.3,387.1,Yes
CUST-13075,Male,0,30,4,60.24,233.75,DSL,Month-to-month,Electronic check,No,No,No,Yes,Yes,No,No,0,5,0,230.7,545.0,Yes
CUST-13076,Female,0,53,16,91.39,1438.49,Fiber optic,Month-to-month,Credit card (automatic),No,Yes,No,No,Yes,Yes,No,0,4,1,86.0,148.3,Yes
CUST-13077,Female,0,26,54,64.01,3449.63,DSL,Month-to-month,Mailed check,Yes,No,No,No,Yes,Yes,No,0,4,3,62.2,145.3,No
CUST-13078,Male,0,31,33,78.55,2565.58,Fiber optic,Month-to-month,Electronic check,No,No,Yes,No,Yes,No,No,1,3,1,128.0,160.4,Yes
CUST-13079,Male,0,53,9,107.18,973.32,Fiber optic,Month-to-month,Electronic check,No,Yes,Yes,Yes,Yes,No,No,0,4,0,104.9,176.1,No
CUST-13080,Male,0,27,57,89.92,5099.19,DSL,One year,Credit card (automatic),Yes,No,Yes,Yes,Yes,Yes,No,0,3,1,185.8,366.3,Yes
CUST-13081,Male,1,73,40,85.35,3420.95,Fiber optic,One year,Mailed check,No,No,Yes,No,Yes,No,Yes,0,4,0,188.7,312.3,No
CUST-13082,Male,0,40,52,100.58,5214.21,Fiber optic,Month-to-month,Credit card (automatic),No,Yes,Yes,Yes,Yes,No,No,0,5,2,142.4,319.5,No
CUST-13083,Female,0,52,16,81.84,1290.19,Fiber optic,Month-to-month,Electronic check,Yes,No,No,No,Yes,No,No,0,3,2,99.0,170.4,Yes
CUST-13084,Male,0,24,8,96.6,763.62,Fiber optic,One year,Bank transfer (automatic),Yes,No,Yes,No,Yes,No,Yes,0,5,0,62.2,67.4,No
CUST-13085,Female,0,59,60,64.56,3882.06,DSL,Two year,Electronic check,Yes,No,No,Yes,No,No phone service,No,1,3,1,54.1,119.5,No
CUST-13086,Male,0,52,36,69.17,2494.81,DSL,Month-to-month,Electronic check,Yes,No,Yes,No,Yes,No,No,0,4,0,238.3,477.1,No
CUST-13087,Female,1,77,3,64.59,204.6,DSL,Month-to-month,Credit card (automatic),No,Yes,No,Yes,Yes,No,Yes,0,5,2,72.3,120.8,Yes
CUST-13088,Female,0,32,15,92.07,1406.19,Fiber optic,Month-to-month,Electronic check,No,No,Yes,Yes,Yes,No,No,0,4,0,29.9,49.2,Yes
CUST-13089,Female,0,26,23,81.85,1864.75,Fiber optic,Month-to-month,Mailed check,No,No,No,Yes,Yes,No,No,0,4,4,132.8,262.2,Yes
CUST-13090,Female,0,64,3,97.95,288.65,Fiber optic,Month-to-month,Credit card (automatic),No,No,Yes,Yes,Yes,No,No,0,5,1,52.2,100.7,Yes
CUST-13091,Female,0,34,30,52.39,1557.65,DSL,Month-to-month,Credit card (automatic),No,No,No,Yes,Yes,No,No,0,3,3,65.9,82.0,No
CUST-13092,Female,0,56,45,69.9,3150.68,DSL,Month-to-month,Mailed check,Yes,Yes,No,No,Yes,No,No,0,4,2,122.2,253.5,No
CUST-13093,Male,0,35,17,92.72,1563.24,Fiber optic,Month-to-month,Bank transfer (automatic),No,No,No,Yes,Yes,Yes,Yes,0,4,2,65.2,146.9,Yes
CUST-13094,Female,0,32,58,75.6,4388.28,DSL,One year,Bank transfer (automatic),No,No,Yes,Yes,Yes,Yes,No,1,2,2,67.2,80.7,Yes
CUST-13095,Male,1,73,58,100.54,5850.71,Fiber optic,Month-to-month,Electronic check,Yes,Yes,No,Yes,Yes,No,No,0,4,0,61.8,96.7,Yes
CUST-13096,Female,0,41,57,27.83,1589.37,No,One year,Electronic check,No internet service,No internet service,No internet service,No internet service,Yes,Yes,No,0,4,1,83.3,109.8,No
CUST-13097,Female,0,40,7,81.75,592.54,Fiber optic,Month-to-month,Electronic check,No,No,No,No,Yes,Yes,No,1,3,3,350.0,385.8,Yes
CUST-13098,Male,0,29,39,62.18,2431.7,DSL,Month-to-month,Mailed check,No,Yes,Yes,No,Yes,No,Yes,0,3,4,131.7,126.0,No
CUST-13099,Female,0,40,58,100.48,5850.06,Fiber optic,Two year,Electronic check,Yes,No,Yes,No,Yes,Yes,No,0,2,1,30.0,66.3,No
CUST-13100,Male,0,38,56,18.25,1047.83,No,One year,Electronic check,No internet service,No internet service,No internet service,No internet service,Yes,No,No,0,3,1,55.9,66.2,No
CUST-13101,Male,0,43,15,78.16,1172.87,Fiber optic,Month-to-month,Mailed check,No,No,No,Yes,No,No phone service,Yes,1,3,3,139.2,259.9,Yes
CUST-13102,Male,1,73,44,81.91,3621.48,Fiber optic,One year,Mailed check,No,Yes,No,No,Yes,No,No,1,2,2,33.2,51.2,Yes
CUST-13103,Male,1,78,12,109.34,1310.21,Fiber optic,One year,Mailed check,Yes,No,Yes,Yes,Yes,Yes,Yes,0,4,3,148.0,245.4,No
CUST-13104,Female,1,72,8,18.25,158.31,No,Month-to-month,Electronic check,No internet service,No internet service,No internet service,No internet service,No,No phone service,Yes,0,3,1,65.1,111.3,No
CUST-13105,Female,0,19,41,24.64,982.49,No,Month-to-month,Bank transfer (automatic),No internet service,No internet service,No internet service,No internet service,Yes,Yes,Yes,0,3,0,132.6,245.5,No
CUST-13106,Male,0,22,34,75.09,2581.07,Fiber optic,Two year,Credit card (automatic),No,No,No,No,Yes,Yes,No,0,4,0,56.3,121.3,No
CUST-13107,Female,0,48,46,99.7,4609.86,DSL,Month-to-month,Electronic check,Yes,Yes,Yes,Yes,Yes,Yes,No,0,5,1,87.6,96.4,No
CUST-13108,Female,0,50,29,66.25,1944.85,DSL,Month-to-month,Electronic check,No,No,No,Yes,Yes,Yes,Yes,0,4,1,40.6,54.1,Yes
CUST-13109,Male,0,21,16,102.35,1624.48,Fiber optic,Month-to-month,Bank transfer (automatic),No,Yes,No,Yes,Yes,Yes,No,0,4,2,52.6,52.2,Yes
CUST-13110,Female,0,23,5,80.7,390.49,Fiber optic,One year,Credit card (automatic),No,No,No,Yes,Yes,No,Yes,0,3,2,61.5,122.0,Yes
CUST-13111,Male,0,40,5,18.25,85.41,No,Two year,Electronic check,No internet service,No internet service,No internet service,No internet service,Yes,No,No,0,2,2,98.2,130.8,No
CUST-13112,Male,0,62,30,70.05,2124.31,DSL,Two year,Electronic check,Yes,No,No,Yes,Yes,No,Yes,0,3,3,191.6,412.1,No
CUST-13113,Female,0,36,50,110.4,5541.52,Fiber optic,One year,Electronic check,Yes,Yes,Yes,Yes,No,No phone service,No,1,2,2,95.3,194.1,No
CUST-13114,Female,0,60,5,100.83,491.52,Fiber optic,Two year,Bank transfer (automatic),Yes,Yes,No,Yes,Yes,No,No,0,4,2,128.1,111.9,No
CUST-13115,Female,0,62,13,85.62,1115.57,Fiber optic,One year,Credit card (automatic),No,Yes,No,No,Yes,Yes,No,0,5,3,288.5,280.8,No
CUST-13116,Male,0,25,49,54.97,2692.04,DSL,One year,Bank transfer (automatic),No,No,Yes,No,No,No phone service,Yes,0,2,3,159.8,291.5,No
CUST-13117,Male,0,56,50,101.02,5060.04,Fiber optic,Two year,Bank transfer (automatic),Yes,No,Yes,No,Yes,Yes,No,1,2,2,92.6,184.5,Yes
CUST-13118,Female,0,30,14,83.64,1153.79,DSL,Month-to-month,Bank transfer (automatic),Yes,No,Yes,Yes,Yes,Yes,No,1,3,4,143.1,204.7,Yes
CUST-13119,Female,0,18,46,91.46,4182.26,Fiber optic,One year,Electronic check,Yes,No,Yes,No,Yes,No,No,0,4,2,48.8,55.6,No
CUST-13120,Female,0,23,34,71.39,2398.9,Fiber optic,One year,Bank transfer (automatic),No,No,No,No,Yes,No,No,0,3,2,43.5,46.5,No
CUST-13121,Female,0,24,71,113.69,8064.88,Fiber optic,Two year,Electronic check,Yes,Yes,Yes,No,Yes,Yes,No,1,1,1,173.8,210.1,No
CUST-13122,Male,0,44,47,18.71,906.17,No,Two year,Electronic check,No internet service,No internet service,No internet service,No internet service,Yes,No,Yes,0,4,1,122.0,132.1,No
CUST-13123,Female,0,32,60,92.19,5542.49,Fiber optic,Two year,Electronic check,No,No,Yes,Yes,Yes,No,No,0,3,2,103.3,139.1,No
CUST-13124,Male,0,51,11,55.68,627.43,DSL,Two year,Bank transfer (automatic),No,No,No,Yes,Yes,No,No,0,3,2,94.3,154.1,Yes
CUST-13125,Male,0,40,50,82.01,4127.21,Fiber optic,Month-to-month,Bank transfer (automatic),No,No,No,Yes,Yes,No,No,1,3,4,97.6,190.6,Yes
CUST-13126,Female,0,41,4,63.13,247.84,DSL,Month-to-month,Bank transfer (automatic),No,No,No,Yes,Yes,Yes,Yes,0,3,1,118.2,268.7,Yes
CUST-13127,Female,1,75,41,87.5,3585.96,Fiber optic,Month-to-month,Electronic check,No,No,Yes,No,Yes,Yes,Yes,0,4,0,24.8,50.4,Yes
CUST-13128,Female,0,52,59,55.75,3280.82,DSL,Month-to-month,Electronic check,No,No,Yes,No,Yes,No,No,0,5,0,36.0,68.7,No
CUST-13129,Male,0,21,60,22.78,1347.68,No,Month-to-month,Electronic check,No internet service,No internet service,No internet service,No internet service,Yes,No,No,0,4,2,123.4,263.9,No
CUST-13130,Female,0,61,62,77.53,4822.84,Fiber optic,Month-to-month,Electronic check,No,Yes,No,No,Yes,No,No,1,4,0,136.6,319.3,No
CUST-13131,Female,0,54,25,93.45,2360.65,Fiber optic,Month-to-month,Mailed check,No,No,No,Yes,Yes,Yes,Yes,0,4,2,106.9,127.3,No
CUST-13132,Male,0,34,33,66.85,2224.88,DSL,Two year,Electronic check,No,No,Yes,Yes,Yes,No,Yes,1,2,1,82.6,153.5,No
CUST-13133,Female,0,48,19,93.03,1740.43,Fiber optic,Month-to-month,Bank transfer (automatic),Yes,No,Yes,No,Yes,No,No,0,4,3,63.1,54.5,Yes
CUST-13134,Male,1,73,57,81.71,4645.42,DSL,Two year,Bank transfer (automatic),No,No,Yes,Yes,Yes,Yes,No,0,4,1,40.2,99.9,No
CUST-13135,Female,0,27,15,92.52,1393.33,Fiber optic,Two year,Electronic check,Yes,No,No,No,Yes,Yes,No,0,3,0,75.5,170.5,No
CUST-13136,Male,0,44,41,76.35,3119.98,DSL,Month-to-month,Mailed check,Yes,Yes,No,Yes,Yes,No,No,0,5,1,85.5,122.0,No
CUST-13137,Female,0,59,69,68.68,4717.93,DSL,Month-to-month,Electronic check,Yes,Yes,No,No,Yes,Yes,No,0,3,0,64.3,118.7,No
CUST-13138,Female,1,74,60,92.03,5524.1,Fiber optic,One year,Mailed check,Yes,No,No,No,Yes,Yes,No,0,4,1,162.5,280.6,No
CUST-13139,Male,0,23,22,61.27,1349.23,DSL,One year,Credit card (automatic),No,No,No,Yes,Yes,Yes,Yes,0,4,1,103.1,230.4,No
CUST-13140,Male,0,32,43,74.24,3204.91,Fiber optic,Month-to-month,Bank transfer (automatic),No,No,No,No,No,No phone service,No,1,2,2,33.5,54.0,Yes
CUST-13141,Female,0,21,32,72.33,2344.55,Fiber optic,Month-to-month,Electronic check,No,No,No,No,Yes,No,No,1,2,3,30.7,31.4,Yes
CUST-13142,Male,0,57,13,96.34,1261.31,Fiber optic,Month-to-month,Credit card (automatic),No,Yes,No,Yes,Yes,No,No,0,4,1,109.9,177.6,Yes
CUST-13143,Male,0,24,38,76.65,2901.71,DSL,Month-to-month,Bank transfer (automatic),Yes,No,Yes,No,Yes,Yes,Yes,0,4,0,54.3,54.4,No
CUST-13144,Male,0,62,26,96.95,2548.08,Fiber optic,Month-to-month,Mailed check,No,Yes,Yes,No,Yes,No,No,0,5,0,269.6,585.8,No
CUST-13145,Male,0,64,5,19.67,102.63,No,Month-to-month,Bank transfer (automatic),No internet service,No internet service,No internet service,No internet service,Yes,No,No,0,3,1,82.1,88.9,Yes
CUST-13146,Female,0,43,49,65.3,3208.44,DSL,One year,Electronic check,Yes,No,Yes,No,No,No phone service,No,0,4,0,37.5,53.5,No
CUST-13147,Female,1,80,5,86.93,426.1,Fiber optic,Two year,Mailed check,Yes,No,No,No,Yes,Yes,No,0,3,2,97.9,96.0,No
CUST-13148,Male,0,19,71,18.5,1310.61,No,One year,Bank transfer (automatic),No internet service,No internet service,No internet service,No internet service,Yes,No,No,0,4,2,78.2,112.9,No
CUST-13149,Male,1,67,48,103.01,4939.6,Fiber optic,Two year,Credit card (automatic),No,Yes,Yes,Yes,Yes,No,No,0,5,0,188.0,458.3,No
CUST-13150,Male,0,59,18,48.85,905.47,DSL,One year,Electronic check,No,No,No,No,Yes,No,No,1,2,1,102.0,242.8,Yes
CUST-13151,Male,0,30,6,70.92,444.1,Fiber optic,One year,Mailed check,No,No,No,No,Yes,No,Yes,0,5,0,59.4,104.4,No
CUST-13152,Female,0,35,66,67.26,4414.6,DSL,Month-to-month,Credit card (automatic),Yes,Yes,No,No,Yes,No,No,0,3,1,48.9,92.2,No
CUST-13153,Female,0,47,42,72.88,3049.79,DSL,Month-to-month,Electronic check,Yes,No,No,Yes,Yes,Yes,No,0,3,1,56.4,78.9,No
CUST-13154,Male,0,28,52,69.9,3608.14,DSL,Two year,Credit card (automatic),No,No,Yes,No,Yes,Yes,No,1,3,1,124.6,144.3,No
CUST-13155,Male,0,30,11,79.81,878.92,Fiber optic,Two year,Electronic check,No,No,No,Yes,Yes,No,No,0,4,0,156.3,198.9,Yes
CUST-13156,Male,0,41,26,88.59,2290.11,Fiber optic,Month-to-month,Electronic check,No,Yes,Yes,No,Yes,No,No,0,3,1,134.3,125.5,Yes
CUST-13157,Female,0,46,21,72.78,1502.78,Fiber optic,Month-to-month,Electronic check,No,No,No,No,Yes,No,Yes,1,3,1,29.4,45.8,Yes
CUST-13158,Male,0,22,66,103.39,6840.06,Fiber optic,One year,Bank transfer (automatic),Yes,No,Yes,No,Yes,Yes,No,0,4,1,228.6,216.0,No
CUST-13159,Female,0,52,40,98.94,3933.07,Fiber optic,Month-to-month,Electronic check,Yes,No,Yes,No,Yes,Yes,Yes,0,5,0,35.9,51.4,No
CUST-13160,Male,0,36,56,67.41,3761.25,DSL,Month-to-month,Mailed check,No,Yes,No,Yes,Yes,No,Yes,1,2,1,43.7,98.2,Yes
CUST-13161,Female,0,30,51,27.14,1400.44,No,Two year,Electronic check,No internet service,No internet service,No internet service,No internet service,Yes,Yes,No,1,2,1,135.6,198.6,No
CUST-13162,Male,1,79,20,87.94,1759.49,Fiber optic,Month-to-month,Electronic check,No,No,No,Yes,Yes,Yes,No,0,3,2,45.7,70.4,Yes
CUST-13163,Female,0,61,57,93.13,5327.44,Fiber optic,One year,Mailed check,Yes,Yes,No,No,Yes,No,No,1,2,2,138.0,234.0,No
CUST-13164,Male,0,31,5,22.57,107.72,No,Two year,Electronic check,No internet service,No internet service,No internet service,No internet service,Yes,No,No,0,5,0,132.7,177.1,No
CUST-13165,Male,0,55,14,19.85,296.79,No,Month-to-month,Electronic check,No internet service,No internet service,No internet service,No internet service,Yes,No,Yes,0,3,0,52.6,49.4,No
CUST-13166,Male,0,39,24,77.56,1863.73,Fiber optic,Month-to-month,Mailed check,No,No,No,No,Yes,Yes,No,0,4,1,75.6,158.4,No
CUST-13167,Female,1,74,68,96.8,6557.68,Fiber optic,Month-to-month,Bank transfer (automatic),No,Yes,Yes,No,Yes,Yes,Yes,1,3,0,101.0,122.2,No
CUST-13168,Male,0,57,52,70.37,3657.53,DSL,Month-to-month,Electronic check,No,No,Yes,Yes,Yes,No,Yes,0,5,2,199.5,208.9,No
CUST-13169,Female,0,43,48,83.24,3998.73,DSL,One year,Mailed check,Yes,No,Yes,Yes,Yes,No,Yes,1,2,3,88.7,84.1,Yes
CUST-13170,Female,0,62,47,72.19,3399.66,Fiber optic,Month-to-month,Electronic check,No,No,No,No,Yes,No,Yes,0,3,2,290.9,569.1,Yes
CUST-13171,Male,0,22,60,57.06,3449.27,DSL,Month-to-month,Mailed check,No,No,Yes,No,Yes,No,No,0,4,1,145.6,120.7,No
CUST-13172,Male,1,77,3,62.39,168.18,DSL,Month-to-month,Credit card (automatic),No,Yes,No,Yes,Yes,No,Yes,0,2,2,90.6,163.9,Yes
CUST-13173,Male,0,39,9,106.3,963.06,Fiber optic,Month-to-month,Credit card (automatic),No,No,Yes,Yes,Yes,Yes,No,1,2,3,78.8,109.7,Yes
CUST-13174,Female,0,20,24,63.08,1529.04,DSL,Month-to-month,Electronic check,No,No,Yes,No,Yes,Yes,No,0,4,1,83.3,138.4,No
CUST-13175,Male,0,45,4,108.0,455.4,Fiber optic,One year,Bank transfer (automatic),Yes,Yes,No,Yes,Yes,Yes,No,0,4,0,112.3,263.1,Yes
CUST-13176,Female,0,55,9,44.7,403.82,DSL,Month-to-month,Bank transfer (automatic),No,No,No,No,Yes,No,No,0,4,0,44.1,35.3,No
CUST-13177,Female,0,31,1,52.29,52.29,DSL,Month-to-month,Credit card (automatic),No,No,No,No,Yes,Yes,No,0,3,2,147.0,276.3,No
CUST-13178,Male,0,64,35,104.62,3680.76,Fiber optic,Month-to-month,Credit card (automatic),Yes,No,Yes,No,Yes,Yes,No,0,3,1,128.4,297.8,No
CUST-13179,Male,0,31,12,53.65,668.1,DSL,Two year,Mailed check,No,No,Yes,No,Yes,No,No,0,4,2,65.7,79.9,No
CUST-13180,Male,1,80,18,64.89,1144.4,DSL,Month-to-month,Credit card (automatic),No,Yes,No,No,Yes,Yes,No,0,4,0,73.7,73.5,No
CUST-13181,Male,0,28,10,24.07,224.48,No,One year,Credit card (automatic),No internet service,No internet service,No internet service,No internet service,Yes,Yes,Yes,0,4,0,207.4,303.3,No
CUST-13182,Male,0,26,18,101.77,1854.15,Fiber optic,One year,Mailed check,No,Yes,Yes,Yes,Yes,No,No,0,3,2,107.9,260.8,No
CUST-13183,Male,0,55,24,96.22,2308.34,Fiber optic,One year,Mailed check,No,No,Yes,Yes,Yes,No,No,0,4,1,78.2,140.1,Yes
CUST-13184,Female,1,78,1,23.04,23.04,No,Month-to-month,Bank transfer (automatic),No internet service,No internet service,No internet service,No internet service,Yes,No,Yes,1,3,0,126.6,305.1,Yes
CUST-13185,Female,0,61,72,78.69,5674.4,DSL,Two year,Mailed check,No,Yes,Yes,Yes,Yes,No,No,0,4,1,171.1,215.5,No
CUST-13186,Female,0,23,16,30.89,491.74,No,One year,Bank transfer (automatic),No internet service,No internet service,No internet service,No internet service,Yes,Yes,No,1,1,4,129.1,261.6,Yes
CUST-13187,Male,0,18,15,86.35,1323.33,Fiber optic,Two year,Mailed check,No,No,Yes,No,Yes,No,No,0,4,1,46.7,59.2,No
CUST-13188,Female,0,42,62,96.36,5957.68,Fiber optic,Month-to-month,Electronic check,Yes,No,Yes,No,Yes,No,Yes,0,4,3,168.2,282.1,No
CUST-13189,Female,0,33,5,88.42,433.83,Fiber optic,One year,Credit card (automatic),No,No,Yes,No,Yes,Yes,No,1,3,0,150.7,352.3,Yes
CUST-13190,Female,0,32,45,18.25,801.22,No,One year,Credit card (automatic),No internet service,No internet service,No internet service,No internet service,Yes,No,No,1,2,2,119.9,113.9,No
CUST-13191,Female,0,51,52,30.26,1546.5,No,Month-to-month,Electronic check,No internet service,No internet service,No internet service,No internet service,Yes,Yes,No,0,4,2,148.1,193.0,No
CUST-13192,Female,0,34,71,86.54,6130.77,DSL,Month-to-month,Bank transfer (automatic),Yes,Yes,No,Yes,Yes,Yes,No,0,4,0,47.4,66.5,No
CUST-13193,Male,0,20,7,90.92,655.63,Fiber optic,One year,Mailed check,No,Yes,Yes,No,Yes,No,No,0,3,2,156.5,140.8,Yes
CUST-13194,Male,1,73,27,87.29,2342.86,Fiber optic,Month-to-month,Bank transfer (automatic),No,No,Yes,No,Yes,Yes,Yes,0,4,2,27.2,32.7,Yes
CUST-13195,Female,1,80,13,54.18,716.12,DSL,One year,Mailed check,No,No,No,No,Yes,Yes,No,1,2,1,126.4,114.7,No
CUST-13196,Female,0,34,17,76.3,1298.66,DSL,Month-to-month,Mailed check,No,No,Yes,Yes,Yes,Yes,No,1,2,2,64.7,84.1,Yes
CUST-13197,Female,0,55,44,59.32,2611.26,DSL,Month-to-month,Mailed check,No,Yes,No,No,Yes,Yes,No,0,4,1,123.1,104.3,No
CUST-13198,Male,0,18,13,93.39,1230.96,Fiber optic,One year,Credit card (automatic),No,Yes,No,Yes,Yes,No,Yes,0,4,1,53.2,46.1,No
CUST-13199,Male,0,24,5,81.98,416.97,Fiber optic,Month-to-month,Bank transfer (automatic),No,Yes,No,No,Yes,No,No,0,2,2,135.4,162.4,No
CUST-13200,Female,0,43,33,68.64,2244.71,Fiber optic,Two year,Mailed check,No,No,No,No,Yes,No,No,0,4,1,98.5,142.2,No
CUST-13201,Male,0,64,4,56.32,208.53,DSL,Two year,Bank transfer (automatic),No,No,No,No,Yes,Yes,No,0,5,1,218.0,322.0,No
CUST-13202,Male,0,56,26,65.74,1711.87,Fiber optic,One year,Credit card (automatic),No,No,No,No,Yes,No,Yes,0,4,3,147.6,206.1,Yes
CUST-13203,Female,0,36,68,27.96,1922.0,No,Two year,Electronic check,No internet service,No internet service,No internet service,No internet service,Yes,Yes,No,0,4,1,42.7,71.4,No
CUST-13204,Male,0,47,16,77.56,1220.1,DSL,Two year,Mailed check,Yes,Yes,No,No,Yes,Yes,No,0,4,0,128.1,301.4,No
CUST-13205,Male,0,60,22,86.9,1888.21,Fiber optic,Month-to-month,Credit card (automatic),No,No,No,Yes,Yes,Yes,No,0,3,3,145.1,229.0,Yes
CUST-13206,Female,0,31,36,96.72,3482.97,Fiber optic,Two year,Bank transfer (automatic),Yes,No,No,Yes,Yes,Yes,No,0,4,1,135.9,131.8,No
CUST-13207,Male,0,30,58,18.79,1071.14,No,Month-to-month,Credit card (automatic),No internet service,No internet service,No internet service,No internet service,Yes,No,No,0,5,2,54.9,107.5,Yes
CUST-13208,Male,0,37,55,79.68,4412.05,Fiber optic,Month-to-month,Electronic check,No,No,Yes,No,Yes,No,No,0,4,2,116.0,281.2,Yes
CUST-13209,Female,0,43,35,101.22,3512.96,Fiber optic,One year,Credit card (automatic),No,Yes,Yes,Yes,No,No phone service,Yes,0,5,2,27.8,31.5,No
CUST-13210,Male,0,44,25,24.5,609.43,No,One year,Credit card (automatic),No internet service,No internet service,No internet service,No internet service,Yes,No,Yes,0,5,0,44.1,49.8,No
CUST-13211,Male,0,42,72,65.45,4692.15,DSL,Month-to-month,Credit card (automatic),No,Yes,Yes,No,No,No phone service,No,1,2,3,221.2,271.5,Yes
CUST-13212,Female,1,69,61,74.6,4561.46,DSL,Month-to-month,Bank transfer (automatic),Yes,No,Yes,Yes,Yes,No,No,0,4,1,227.5,201.1,No
CUST-13213,Female,0,58,18,82.0,1483.81,Fiber optic,One year,Electronic check,No,No,No,No,Yes,Yes,No,1,2,1,60.9,132.2,Yes
CUST-13214,Female,0,29,58,19.48,1148.26,No,Month-to-month,Mailed check,No internet service,No internet service,No internet service,No internet service,Yes,No,No,1,3,0,195.2,282.6,No
CUST-13215,Male,0,27,57,72.36,4128.32,Fiber optic,One year,Mailed check,No,No,No,No,Yes,No,Yes,1,2,2,108.1,228.8,Yes
CUST-13216,Female,1,79,63,80.67,5063.57,Fiber optic,One year,Mailed check,No,No,No,Yes,Yes,No,No,0,4,1,117.9,219.8,No
CUST-13217,Male,1,77,12,102.35,1201.4,Fiber optic,Month-to-month,Bank transfer (automatic),Yes,Yes,No,No,Yes,Yes,No,0,4,2,23.0,22.8,Yes
CUST-13218,Female,0,58,11,77.88,870.01,Fiber optic,Month-to-month,Bank transfer (automatic),No,Yes,No,No,Yes,No,No,0,2,2,340.4,588.2,Yes
CUST-13219,Male,1,70,13,21.63,277.59,No,One year,Electronic check,No internet service,No internet service,No internet service,No internet service,Yes,No,No,0,5,1,62.0,125.1,No
CUST-13220,Female,0,23,35,56.24,1951.73,DSL,Month-to-month,Bank transfer (automatic),No,No,No,No,Yes,Yes,No,0,4,0,108.0,95.3,No
CUST-13221,Female,0,19,27,52.38,1399.37,DSL,Month-to-month,Electronic check,No,Yes,No,No,Yes,No,Yes,1,2,1,52.5,79.6,Yes
CUST-13222,Female,0,32,67,31.02,2057.28,No,Month-to-month,Electronic check,No internet service,No internet service,No internet service,No internet service,Yes,Yes,Yes,0,4,2,64.0,139.3,No
CUST-13223,Female,0,34,45,112.92,5068.41,Fiber optic,Month-to-month,Mailed check,Yes,Yes,No,Yes,Yes,Yes,No,0,3,0,93.9,232.0,No
CUST-13224,Male,1,80,67,86.64,5822.4,Fiber optic,Month-to-month,Bank transfer (automatic),No,No,Yes,No,Yes,No,No,1,2,0,165.9,329.6,Yes
CUST-13225,Female,0,45,22,91.23,2014.3,DSL,Month-to-month,Credit card (automatic),No,Yes,Yes,Yes,Yes,Yes,No,0,3,3,91.5,121.4,Yes
CUST-13226,Female,1,70,42,53.89,2292.62,DSL,One year,Mailed check,No,Yes,No,No,Yes,No,No,1,2,2,42.1,53.8,No
CUST-13227,Male,0,25,20,53.91,1079.66,DSL,One year,Credit card (automatic),No,No,No,No,Yes,Yes,Yes,0,3,1,178.6,321.0,No
CUST-13228,Female,0,27,48,82.25,3949.29,Fiber optic,Two year,Electronic check,No,No,No,No,Yes,Yes,No,0,4,0,188.8,450.6,No
CUST-13229,Male,0,27,18,62.04,1098.2,DSL,Month-to-month,Credit card (automatic),Yes,No,Yes,No,Yes,No,No,0,3,1,38.7,46.0,No
CUST-13230,Female,0,27,70,101.27,7094.09,Fiber optic,Month-to-month,Credit card (automatic),Yes,No,No,Yes,Yes,Yes,No,0,4,0,127.4,151.9,No
CUST-13231,Female,0,26,6,91.15,553.4,Fiber optic,One year,Bank transfer (automatic),No,No,Yes,Yes,Yes,No,No,0,3,4,58.5,97.8,No
CUST-13232,Female,0,45,39,94.39,3663.6,Fiber optic,One year,Electronic check,Yes,No,No,Yes,Yes,No,No,1,3,2,62.6,111.3,Yes
CUST-13233,Male,1,78,11,116.96,1261.84,Fiber optic,One year,Mailed check,Yes,Yes,Yes,Yes,Yes,No,No,0,4,1,98.7,236.2,No
CUST-13234,Female,0,36,25,94.13,2345.38,Fiber optic,One year,Electronic check,Yes,No,No,Yes,Yes,No,Yes,1,2,0,66.8,90.1,No
CUST-13235,Female,0,50,55,74.96,4103.13,Fiber optic,One year,Bank transfer (automatic),No,No,No,No,Yes,No,Yes,0,4,3,42.2,64.4,No
CUST-13236,Female,0,21,58,19.79,1148.01,No,Month-to-month,Electronic check,No internet service,No internet service,No internet service,No internet service,Yes,No,Yes,0,2,1,109.4,153.9,No
CUST-13237,Male,0,20,37,20.61,764.14,No,One year,Mailed check,No internet service,No internet service,No internet service,No internet service,Yes,No,No,0,3,2,43.8,89.7,No
CUST-13238,Male,1,77,16,66.09,1063.93,DSL,One year,Electronic check,Yes,No,Yes,No,Yes,No,Yes,0,5,0,175.4,246.4,No
CUST-13239,Female,0,29,70,32.74,2297.97,No,Two year,Electronic check,No internet service,No internet service,No internet service,No internet service,Yes,Yes,No,1,2,1,33.5,51.6,No
CUST-13240,Male,0,35,37,32.23,1203.0,No,One year,Electronic check,No internet service,No internet service,No internet service,No internet service,Yes,Yes,No,1,3,2,75.1,106.6,No
CUST-13241,Female,0,40,53,96.87,5117.94,Fiber optic,One year,Electronic check,Yes,No,Yes,No,Yes,No,No,0,4,3,120.9,102.5,No
CUST-13242,Female,0,37,16,74.85,1211.45,Fiber optic,Month-to-month,Bank transfer (automatic),No,No,No,No,Yes,No,No,1,2,2,33.9,58.4,Yes
CUST-13243,Female,0,23,18,23.95,432.59,No,Two year,Electronic check,No internet service,No internet service,No internet service,No internet service,Yes,No,Yes,1,2,1,83.2,122.3,No
CUST-13244,Female,0,51,19,57.31,1085.13,DSL,Two year,Bank transfer (automatic),No,No,No,No,Yes,Yes,No,0,5,0,15.3,15.6,No
CUST-13245,Female,0,59,44,78.2,3449.67,Fiber optic,One year,Bank transfer (automatic),No,No,Yes,No,Yes,No,No,0,3,2,71.6,130.4,No
CUST-13246,Female,0,19,2,75.74,151.56,DSL,One year,Electronic check,No,Yes,Yes,Yes,Yes,No,Yes,1,1,1,86.9,171.4,Yes
CUST-13247,Female,0,47,58,103.85,6024.84,Fiber optic,Month-to-month,Electronic check,No,Yes,No,Yes,Yes,Yes,Yes,1,2,1,143.1,239.0,Yes
CUST-13248,Male,0,26,10,84.27,814.09,Fiber optic,One year,Mailed check,No,No,No,Yes,Yes,No,Yes,1,2,2,199.1,243.4,Yes
CUST-13249,Male,0,44,46,83.75,3870.62,Fiber optic,One year,Credit card (automatic),Yes,No,No,No,Yes,No,No,0,3,2,38.4,65.6,No
CUST-13250,Male,0,59,19,94.7,1794.75,Fiber optic,One year,Mailed check,Yes,No,Yes,No,Yes,No,Yes,1,4,2,45.7,58.1,No
CUST-13251,Male,0,51,38,84.4,3208.28,Fiber optic,Month-to-month,Mailed check,No,Yes,No,No,Yes,Yes,No,0,3,1,39.1,41.3,No
CUST-13252,Male,0,57,37,24.17,887.68,No,One year,Bank transfer (automatic),No internet service,No internet service,No internet service,No internet service,Yes,No,No,0,4,0,178.3,171.8,No
CUST-13253,Male,1,73,45,100.71,4535.04,Fiber optic,Month-to-month,Credit card (automatic),Yes,Yes,No,No,Yes,Yes,Yes,1,2,3,97.3,105.8,Yes
CUST-13254,Male,0,34,34,92.71,3125.38,Fiber optic,One year,Credit card (automatic),No,Yes,No,Yes,Yes,No,No,1,3,1,39.6,95.0,Yes
CUST-13255,Female,0,46,2,88.32,169.67,Fiber optic,Month-to-month,Mailed check,No,Yes,No,No,Yes,Yes,Yes,0,4,0,113.2,146.3,Yes
CUST-13256,Female,1,75,44,55.74,2462.68,DSL,One year,Electronic check,No,Yes,No,No,Yes,No,Yes,0,4,0,63.1,119.3,No
CUST-13257,Female,0,29,27,26.9,752.61,No,Month-to-month,Bank transfer (automatic),No internet service,No internet service,No internet service,No internet service,Yes,Yes,Yes,0,4,2,66.9,140.4,No
CUST-13258,Female,0,48,48,97.03,,Fiber optic,Month-to-month,Electronic check,No,No,Yes,Yes,Yes,No,No,0,4,0,223.5,393.6,Yes
CUST-13259,Male,0,26,7,86.09,630.4,Fiber optic,One year,Mailed check,No,No,Yes,No,Yes,No,No,0,4,3,23.0,38.2,No
CUST-13260,Male,0,36,27,89.53,2434.2,Fiber optic,Month-to-month,Bank transfer (automatic),Yes,No,Yes,No,Yes,No,Yes,1,2,0,38.0,52.9,Yes
CUST-13261,Female,0,63,71,58.38,4152.94,DSL,One year,Bank transfer (automatic),No,Yes,No,No,Yes,Yes,Yes,0,3,0,98.2,112.8,No
CUST-13262,Female,0,63,18,89.03,1597.94,Fiber optic,Two year,Bank transfer (automatic),No,Yes,Yes,No,No,No phone service,No,1,1,4,198.6,462.3,Yes
CUST-13263,Male,1,66,33,102.57,3362.2,Fiber optic,Two year,Electronic check,No,Yes,Yes,No,Yes,Yes,No,0,4,1,49.1,89.3,Yes
CUST-13264,Female,0,19,33,113.68,3736.49,Fiber optic,Month-to-month,Credit card (automatic),Yes,Yes,Yes,No,Yes,Yes,Yes,0,5,0,236.7,247.0,No
CUST-13265,Female,0,57,25,88.49,2198.52,Fiber optic,Two year,Electronic check,No,No,Yes,No,Yes,Yes,No,0,3,1,82.1,169.6,No
CUST-13266,Female,0,22,14,24.52,338.95,No,Month-to-month,Electronic check,No internet service,No internet service,No internet service,No internet service,Yes,Yes,No,0,5,0,227.8,219.2,No
CUST-13267,Female,0,56,38,73.59,2803.01,Fiber optic,Two year,Bank transfer (automatic),No,No,No,No,Yes,No,Yes,0,4,4,75.0,126.3,No
CUST-13268,Male,0,33,38,91.15,3470.82,Fiber optic,One year,Credit card (automatic),No,No,Yes,Yes,Yes,No,Yes,0,4,1,148.4,134.2,No
CUST-13269,Female,0,34,4,25.42,99.01,No,Month-to-month,Mailed check,No internet service,No internet service,No internet service,No internet service,Yes,Yes,Yes,0,3,3,92.3,148.6,Yes
CUST-13270,Female,0,44,62,18.25,1117.98,No,Month-to-month,Bank transfer (automatic),No internet service,No internet service,No internet service,No internet service,No,No phone service,No,0,4,1,78.6,135.2,No
CUST-13271,Male,0,24,10,104.1,1014.39,Fiber optic,Month-to-month,Mailed check,Yes,No,No,Yes,Yes,Yes,Yes,1,2,2,97.4,161.2,Yes
CUST-13272,Male,1,77,35,18.27,668.78,No,One year,Electronic check,No internet service,No internet service,No internet service,No internet service,Yes,No,No,0,4,2,153.9,238.0,No
CUST-13273,Female,1,74,23,53.72,1261.93,DSL,Month-to-month,Bank transfer (automatic),No,No,No,Yes,No,No phone service,No,0,4,2,85.3,103.6,No
CUST-13274,Male,0,40,65,114.54,7426.08,Fiber optic,One year,Mailed check,Yes,Yes,No,Yes,Yes,Yes,No,0,3,2,63.4,60.6,No
CUST-13275,Female,0,49,25,55.36,1390.32,DSL,One year,Credit card (automatic),No,No,No,Yes,Yes,No,Yes,0,3,3,229.3,427.6,No
CUST-13276,Female,0,60,53,80.47,4252.65,Fiber optic,Two year,Electronic check,No,No,No,No,Yes,Yes,No,0,3,1,315.6,335.4,No
CUST-13277,Male,1,79,17,75.3,1261.77,Fiber optic,Two year,Electronic check,No,No,No,No,Yes,Yes,No,0,5,0,193.5,280.0,No
CUST-13278,Female,0,35,57,80.27,4586.45,Fiber optic,Month-to-month,Mailed check,No,No,No,No,Yes,Yes,No,0,4,2,27.5,56.4,No
CUST-13279,Female,0,55,20,84.32,1703.57,DSL,One year,Mailed check,Yes,No,Yes,Yes,Yes,Yes,No,0,5,1,115.2,210.9,No
CUST-13280,Female,0,29,25,21.38,528.9,No,Two year,Mailed check,No internet service,No internet service,No internet service,No internet service,Yes,No,No,0,4,0,97.8,223.4,No
CUST-13281,Female,0,32,42,101.41,4232.76,Fiber optic,Two year,Electronic check,No,No,Yes,Yes,Yes,Yes,No,0,3,1,173.1,338.8,No
CUST-13282,Male,0,45,45,94.99,4268.64,Fiber optic,Month-to-month,Electronic check,No,Yes,Yes,No,Yes,No,No,0,5,0,19.2,46.0,Yes
CUST-13283,Male,0,55,31,77.3,2398.23,DSL,Month-to-month,Credit card (automatic),No,Yes,No,Yes,Yes,Yes,Yes,0,4,3,241.0,280.9,No
CUST-13284,Female,0,48,65,73.35,4791.34,DSL,Month-to-month,Mailed check,No,No,Yes,Yes,Yes,No,No,0,3,1,109.0,94.8,No
CUST-13285,Male,0,26,52,67.77,3533.45,DSL,Month-to-month,Bank transfer (automatic),No,No,Yes,Yes,Yes,No,No,0,3,2,82.6,77.2,Yes
CUST-13286,Female,0,25,21,106.54,2249.97,Fiber optic,Month-to-month,Mailed check,No,Yes,Yes,Yes,No,No phone service,No,0,4,2,64.0,73.3,Yes
CUST-13287,Female,0,63,30,61.69,1832.86,DSL,Month-to-month,Bank transfer (automatic),No,No,No,Yes,Yes,No,No,1,3,2,157.5,140.2,Yes
CUST-13288,Female,1,66,3,80.36,254.3,Fiber optic,One year,Bank transfer (automatic),No,No,Yes,No,No,No phone service,No,0,3,2,107.9,134.9,Yes
CUST-13289,Female,0,25,70,50.9,3563.11,DSL,Month-to-month,Bank transfer (automatic),No,No,No,No,Yes,Yes,Yes,0,4,2,149.9,337.3,No
CUST-13290,Female,1,68,43,84.69,3660.89,Fiber optic,One year,Electronic check,No,No,No,Yes,Yes,No,No,0,4,1,68.3,85.1,No
CUST-13291,Male,0,21,29,91.46,2635.32,Fiber optic,Month-to-month,Mailed check,Yes,No,No,Yes,Yes,No,Yes,0,4,1,151.7,331.8,No
CUST-13292,Female,0,48,3,80.99,243.86,Fiber optic,Two year,Electronic check,No,No,Yes,No,No,No phone service,No,0,4,0,121.6,163.4,No
CUST-13293,Male,0,55,58,28.46,1633.25,No,Two year,Bank transfer (automatic),No internet service,No internet service,No internet service,No internet service,Yes,Yes,Yes,0,5,1,97.1,149.9,No
CUST-13294,Male,0,20,33,71.36,2342.03,DSL,One year,Mailed check,No,Yes,Yes,No,Yes,No,No,0,4,1,129.8,292.0,No
CUST-13295,Female,0,52,45,18.25,841.18,No,Two year,Electronic check,No internet service,No internet service,No internet service,No internet service,Yes,No,No,0,5,1,131.5,215.3,No
CUST-13296,Female,0,36,69,101.66,7025.81,Fiber optic,Month-to-month,Bank transfer (automatic),No,No,Yes,Yes,Yes,Yes,Yes,1,2,3,161.7,163.1,No
CUST-13297,Female,0,60,32,53.1,1712.91,DSL,One year,Electronic check,No,No,No,Yes,No,No phone service,Yes,0,3,1,68.4,96.6,No
CUST-13298,Female,0,46,52,73.84,3813.79,Fiber optic,Month-to-month,Credit card (automatic),No,No,No,No,Yes,No,No,0,4,2,71.0,155.0,No
CUST-13299,Female,0,27,64,65.37,4197.41,DSL,Month-to-month,Electronic check,No,No,Yes,Yes,No,No phone service,Yes,1,2,0,105.4,97.0,Yes
CUST-13300,Male,1,77,40,23.9,955.48,No,Month-to-month,Credit card (automatic),No internet service,No internet service,No internet service,No internet service,Yes,Yes,No,0,3,0,225.8,464.1,No
CUST-13301,Female,0,63,13,32.64,421.87,No,One year,Mailed check,No internet service,No internet service,No internet service,No internet service,Yes,Yes,No,0,5,2,206.1,423.2,No
CUST-13302,Female,1,73,29,55.63,1608.03,DSL,Month-to-month,Electronic check,No,Yes,No,No,Yes,No,No,1,3,1,206.7,321.5,Yes
CUST-13303,Male,0,47,63,82.26,5203.49,DSL,One year,Electronic check,No,Yes,Yes,Yes,Yes,No,No,1,2,1,199.6,166.6,No
CUST-13304,Male,0,35,26,27.7,700.85,No,Month-to-month,Electronic check,No internet service,No internet service,No internet service,No internet service,Yes,Yes,No,0,3,2,52.3,63.6,No
CUST-13305,Female,1,67,59,93.36,5527.09,Fiber optic,Two year,Electronic check,No,No,Yes,Yes,Yes,No,Yes,1,3,2,173.0,219.1,Yes
CUST-13306,Male,0,49,49,24.12,1207.58,No,One year,Electronic check,No internet service,No internet service,No internet service,No internet service,Yes,No,No,0,5,1,78.4,164.4,No
CUST-13307,Female,0,26,53,24.9,1299.79,No,Month-to-month,Electronic check,No internet service,No internet service,No internet service,No internet service,Yes,No,No,0,3,1,63.0,108.0,No
CUST-13308,Male,0,64,31,78.19,2453.87,DSL,Month-to-month,Electronic check,No,No,Yes,Yes,Yes,Yes,No,1,3,1,58.9,80.7,Yes
CUST-13309,Male,1,73,12,81.18,1003.59,DSL,Two year,Mailed check,No,No,Yes,Yes,Yes,Yes,Yes,1,2,1,67.5,124.7,Yes
CUST-13310,Female,0,43,58,93.63,5437.82,Fiber optic,Month-to-month,Mailed check,Yes,Yes,No,No,Yes,No,No,1,3,1,77.0,75.3,Yes
CUST-13311,Male,0,20,36,92.44,3313.95,Fiber optic,Month-to-month,Bank transfer (automatic),Yes,No,No,Yes,Yes,No,Yes,0,4,0,156.2,389.3,No
CUST-13312,Male,0,40,10,71.41,709.88,DSL,One year,Electronic check,Yes,No,No,Yes,Yes,No,Yes,1,1,2,74.4,69.2,Yes
CUST-13313,Male,0,28,6,67.1,382.82,Fiber optic,Month-to-month,Credit card (automatic),No,No,No,No,No,No phone service,No,0,3,4,132.6,291.7,Yes
CUST-13314,Male,0,27,7,60.85,403.16,DSL,Month-to-month,Mailed check,No,No,No,Yes,Yes,No,Yes,0,4,4,278.0,431.1,No
CUST-13315,Male,0,53,31,26.09,821.03,No,Month-to-month,Bank transfer (automatic),No internet service,No internet service,No internet service,No internet service,Yes,Yes,No,0,3,1,212.4,490.4,No
CUST-13316,Male,0,30,72,87.31,6291.11,Fiber optic,Month-to-month,Electronic check,No,Yes,No,Yes,Yes,No,No,0,4,2,56.9,64.8,Yes
CUST-13317,Female,0,46,3,100.87,306.42,Fiber optic,Month-to-month,Mailed check,Yes,Yes,No,No,Yes,Yes,Yes,0,4,0,105.8,183.7,No
CUST-13318,Female,0,55,47,69.3,3241.97,DSL,Month-to-month,Mailed check,No,No,No,Yes,Yes,Yes,No,0,3,1,45.1,81.6,No
CUST-13319,Male,0,30,1,99.17,99.17,Fiber optic,Month-to-month,Credit card (automatic),No,No,Yes,Yes,Yes,Yes,No,1,3,0,118.4,188.3,No
CUST-13320,Female,0,43,45,94.34,4274.68,Fiber optic,Month-to-month,Credit card (automatic),No,No,Yes,Yes,Yes,No,Yes,0,3,2,236.7,302.2,Yes
CUST-13321,Female,1,72,54,102.49,5542.19,Fiber optic,Two year,Bank transfer (automatic),No,Yes,No,Yes,Yes,Yes,No,1,2,2,50.4,109.7,No
CUST-13322,Female,0,22,50,100.32,5035.17,Fiber optic,One year,Bank transfer (automatic),No,No,Yes,Yes,Yes,Yes,Yes,1,2,1,106.2,122.3,No
CUST-13323,Male,0,37,7,108.47,752.0,Fiber optic,One year,Bank transfer (automatic),Yes,No,Yes,Yes,Yes,Yes,No,1,3,1,99.6,123.9,Yes
CUST-13324,Female,0,31,63,18.92,1212.58,No,Month-to-month,Electronic check,No internet service,No internet service,No internet service,No internet service,No,No phone service,No,0,3,1,155.3,233.2,No
CUST-13325,Male,0,62,15,91.57,1386.89,Fiber optic,Month-to-month,Bank transfer (automatic),Yes,No,No,Yes,No,No phone service,No,1,2,3,9.4,20.8,Yes
CUST-13326,Female,0,31,67,102.42,6853.15,Fiber optic,Two year,Electronic check,Yes,No,No,Yes,Yes,Yes,No,1,3,0,101.5,82.6,No
CUST-13327,Male,0,25,30,18.25,560.56,No,One year,Bank transfer (automatic),No internet service,No internet service,No internet service,No internet service,Yes,No,No,0,4,2,81.2,188.4,No
CUST-13328,Male,0,30,68,23.15,1599.74,No,Month-to-month,Electronic check,No internet service,No internet service,No internet service,No internet service,Yes,No,Yes,1,2,3,101.8,175.7,No
CUST-13329,Female,0,41,36,90.02,3223.54,Fiber optic,Month-to-month,Electronic check,No,No,No,Yes,Yes,Yes,No,0,4,0,193.6,186.0,No
CUST-13330,Female,0,32,67,69.04,4628.54,DSL,Month-to-month,Mailed check,No,No,No,Yes,Yes,Yes,Yes,0,4,1,78.2,92.2,No
CUST-13331,Male,0,18,5,57.66,316.3,DSL,Two year,Electronic check,No,No,Yes,No,Yes,No,Yes,0,4,2,159.5,147.0,No
CUST-13332,Female,1,78,25,66.47,1681.03,DSL,Month-to-month,Bank transfer (automatic),No,Yes,Yes,No,Yes,No,No,1,2,1,104.0,162.6,Yes
CUST-13333,Female,0,51,11,64.87,720.79,DSL,One year,Mailed check,No,Yes,No,Yes,Yes,No,No,0,3,2,168.2,139.9,No
CUST-13334,Female,0,57,72,73.06,5234.51,DSL,One year,Credit card (automatic),No,No,Yes,Yes,Yes,Yes,No,0,3,4,115.0,224.1,No
CUST-13335,Male,0,20,66,80.72,5321.9,Fiber optic,Two year,Mailed check,No,No,Yes,No,No,No phone service,Yes,0,4,0,117.9,118.1,No
CUST-13336,Male,0,43,28,56.14,1580.97,DSL,Two year,Bank transfer (automatic),No,No,Yes,No,Yes,No,No,0,3,2,139.6,160.2,No
CUST-13337,Female,0,31,60,79.68,4775.38,DSL,Month-to-month,Credit card (automatic),No,Yes,Yes,Yes,Yes,No,No,1,2,0,29.8,24.6,Yes
CUST-13338,Female,0,58,10,70.6,735.83,DSL,One year,Electronic check,Yes,No,Yes,No,Yes,No,No,1,1,5,239.9,287.5,No
CUST-13339,Female,0,25,50,99.64,4997.2,Fiber optic,One year,Bank transfer (automatic),Yes,No,No,Yes,Yes,Yes,No,1,3,0,185.4,160.2,No
CUST-13340,Male,0,33,39,68.14,2638.68,Fiber optic,One year,Mailed check,No,No,No,No,No,No phone service,Yes,0,3,4,81.4,78.4,No
CUST-13341,Male,0,59,37,31.73,1173.43,No,Two year,Electronic check,No internet service,No internet service,No internet service,No internet service,Yes,Yes,No,0,3,2,131.6,320.5,No
CUST-13342,Female,0,38,63,84.34,5306.46,Fiber optic,Two year,Electronic check,No,No,Yes,No,Yes,No,No,0,4,2,89.9,85.7,No
CUST-13343,Female,0,27,61,110.07,6719.9,Fiber optic,Month-to-month,Bank transfer (automatic),Yes,No,Yes,Yes,Yes,Yes,No,1,3,2,164.4,351.2,No
CUST-13344,Female,0,42,38,71.67,2720.25,DSL,Month-to-month,Electronic check,No,Yes,Yes,No,Yes,Yes,Yes,0,4,2,135.4,256.7,No
CUST-13345,Female,0,55,33,79.91,2621.3,Fiber optic,One year,Electronic check,No,No,Yes,No,Yes,No,Yes,1,2,4,151.3,196.3,Yes
CUST-13346,Female,0,39,45,66.24,2994.26,Fiber optic,Month-to-month,Mailed check,No,No,No,No,Yes,No,No,1,4,1,26.7,60.4,Yes
CUST-13347,Female,0,64,44,61.03,2661.72,DSL,Month-to-month,Electronic check,No,No,No,Yes,No,No phone service,Yes,0,4,4,27.7,44.5,No
CUST-13348,Male,1,73,1,80.12,82.05,DSL,Month-to-month,Bank transfer (automatic),Yes,No,Yes,Yes,Yes,No,Yes,0,3,3,74.6,97.1,No
CUST-13349,Female,0,21,53,70.64,3732.53,DSL,Two year,Electronic check,Yes,No,Yes,No,Yes,No,No,0,4,1,45.2,97.5,No
CUST-13350,Male,1,75,47,23.2,1118.39,No,Month-to-month,Electronic check,No internet service,No internet service,No internet service,No internet service,Yes,No,Yes,0,4,0,40.0,79.3,No
CUST-13351,Female,0,47,33,90.53,2975.7,Fiber optic,One year,Mailed check,No,No,Yes,Yes,Yes,No,Yes,0,3,5,102.9,96.3,No
CUST-13352,Female,0,19,67,44.43,2967.27,DSL,Month-to-month,Mailed check,No,No,No,No,Yes,No,Yes,1,3,3,194.3,264.3,Yes
CUST-13353,Male,0,46,15,96.72,1463.23,Fiber optic,Month-to-month,Credit card (automatic),Yes,No,No,Yes,No,No phone service,No,1,3,2,56.9,109.8,Yes
CUST-13354,Male,1,66,14,101.34,1396.47,Fiber optic,Month-to-month,Bank transfer (automatic),No,Yes,Yes,Yes,Yes,No,Yes,0,5,1,132.1,163.2,No
CUST-13355,Male,0,53,23,62.5,1426.98,DSL,Month-to-month,Credit card (automatic),Yes,No,No,Yes,Yes,No,No,0,4,1,86.4,159.5,No
CUST-13356,Male,0,38,54,100.46,5436.59,Fiber optic,Two year,Electronic check,No,No,Yes,Yes,Yes,Yes,No,0,4,4,100.4,131.9,No
CUST-13357,Female,0,38,8,67.11,508.73,DSL,Two year,Bank transfer (automatic),Yes,No,No,Yes,Yes,No,No,0,3,3,52.6,60.6,No
CUST-13358,Male,0,38,54,95.56,5148.9,Fiber optic,One year,Bank transfer (automatic),Yes,No,No,Yes,Yes,Yes,Yes,0,5,0,107.1,150.2,No
CUST-13359,Female,0,21,36,103.27,3688.22,Fiber optic,Month-to-month,Bank transfer (automatic),No,Yes,Yes,Yes,Yes,No,No,1,2,1,262.2,370.6,Yes
CUST-13360,Male,1,68,52,62.53,3230.57,DSL,Month-to-month,Credit card (automatic),No,No,Yes,No,Yes,Yes,No,1,2,1,101.0,193.4,Yes
CUST-13361,Female,1,76,6,64.12,390.97,DSL,Month-to-month,Mailed check,Yes,No,No,Yes,Yes,No,Yes,0,2,1,48.0,86.6,No
CUST-13362,Female,0,19,28,85.64,2395.32,Fiber optic,Month-to-month,Mailed check,Yes,No,No,No,Yes,Yes,No,1,2,4,67.1,103.2,Yes
CUST-13363,Female,1,65,50,18.25,891.86,No,Month-to-month,Credit card (automatic),No internet service,No internet service,No internet service,No internet service,Yes,No,Yes,0,5,0,67.0,138.7,No
CUST-13364,Female,0,62,38,85.77,3233.94,Fiber optic,One year,Electronic check,No,No,No,Yes,Yes,Yes,No,1,4,1,154.9,351.2,No
CUST-13365,Female,0,35,30,78.96,2342.18,Fiber optic,Month-to-month,Electronic check,No,No,No,No,Yes,Yes,No,0,4,1,69.5,65.3,Yes
CUST-13366,Female,0,59,54,108.48,5833.04,Fiber optic,Month-to-month,Mailed check,No,Yes,Yes,Yes,Yes,No,No,1,3,1,109.8,206.9,Yes
CUST-13367,Male,0,58,71,115.05,8144.31,Fiber optic,Two year,Electronic check,No,Yes,Yes,Yes,Yes,Yes,No,1,3,1,34.2,68.8,Yes
CUST-13368,Female,1,76,46,105.34,4820.82,Fiber optic,Month-to-month,Mailed check,No,No,Yes,Yes,Yes,Yes,No,1,4,1,117.4,181.4,Yes
CUST-13369,Male,0,42,28,59.35,1635.1,DSL,Two year,Credit card (automatic),No,No,Yes,No,Yes,No,No,0,4,0,37.0,33.2,No
CUST-13370,Male,0,43,17,71.56,1228.34,DSL,Two year,Electronic check,Yes,No,No,Yes,Yes,No,No,0,5,0,31.2,48.2,No
CUST-13371,Female,0,53,48,104.51,5042.96,Fiber optic,Month-to-month,Bank transfer (automatic),Yes,No,Yes,No,Yes,Yes,No,0,5,0,252.1,575.8,No
CUST-13372,Male,0,59,44,22.78,1023.68,No,Month-to-month,Electronic check,No internet service,No internet service,No internet service,No internet service,No,No phone service,No,0,4,1,144.2,154.9,No
CUST-13373,Female,0,52,60,92.16,5515.55,Fiber optic,One year,Electronic check,No,No,No,Yes,Yes,Yes,No,0,3,3,59.9,85.0,No
CUST-13374,Male,1,73,60,68.05,4065.26,Fiber optic,Month-to-month,Electronic check,No,No,No,No,Yes,No,No,0,3,0,122.0,251.7,No
CUST-13375,Female,0,20,5,97.91,462.42,Fiber optic,Month-to-month,Bank transfer (automatic),No,No,Yes,Yes,Yes,Yes,No,0,4,2,130.9,299.4,Yes
CUST-13376,Male,0,58,69,85.93,5908.53,Fiber optic,One year,Electronic check,No,No,No,Yes,Yes,Yes,No,0,4,2,182.8,430.3,No
CUST-13377,Female,0,52,70,59.36,4159.27,DSL,Month-to-month,Bank transfer (automatic),No,No,No,Yes,Yes,No,Yes,0,3,4,152.7,324.1,No
CUST-13378,Female,0,57,7,83.28,612.85,Fiber optic,Month-to-month,Bank transfer (automatic),Yes,No,No,No,Yes,Yes,No,0,4,1,65.1,117.9,No
CUST-13379,Female,0,39,53,70.16,3740.02,DSL,One year,Mailed check,Yes,No,No,Yes,Yes,No,No,0,4,1,30.0,41.8,No
CUST-13380,Female,0,25,17,55.66,947.12,DSL,One year,Electronic check,No,No,No,Yes,Yes,No,No,0,4,3,113.7,185.2,No
CUST-13381,Male,0,32,59,65.92,3884.69,DSL,Month-to-month,Electronic check,No,No,Yes,Yes,Yes,No,Yes,0,5,1,60.5,49.2,No
CUST-13382,Female,0,62,9,68.08,591.59,DSL,Month-to-month,Mailed check,No,No,Yes,Yes,Yes,No,No,0,3,2,160.8,224.4,Yes
CUST-13383,Male,0,24,22,72.03,1579.78,Fiber optic,Month-to-month,Credit card (automatic),No,No,No,No,Yes,No,No,0,3,1,86.8,176.4,No
CUST-13384,Male,0,36,45,79.75,3594.44,Fiber optic,Month-to-month,Bank transfer (automatic),No,No,No,Yes,Yes,No,Yes,0,3,1,258.3,494.4,No
CUST-13385,Male,0,57,59,41.74,2468.39,DSL,One year,Mailed check,No,No,No,No,Yes,No,No,1,4,1,93.0,75.7,No
CUST-13386,Female,0,59,13,92.38,1204.39,Fiber optic,One year,Credit card (automatic),No,No,No,Yes,Yes,Yes,No,0,4,1,105.7,182.9,No
CUST-13387,Male,0,34,12,93.81,1145.16,Fiber optic,One year,Electronic check,No,No,No,Yes,Yes,Yes,No,0,4,1,205.7,167.1,No
CUST-13388,Male,1,77,36,55.86,2011.57,DSL,Month-to-month,Mailed check,No,Yes,No,No,Yes,No,No,1,2,1,107.3,152.1,Yes
CUST-13389,Male,0,62,10,100.24,1000.77,Fiber optic,Month-to-month,Mailed check,No,Yes,No,Yes,Yes,Yes,No,0,4,0,179.4,445.6,Yes
CUST-13390,Female,0,46,16,67.55,1069.15,DSL,Month-to-month,Electronic check,No,No,No,Yes,Yes,Yes,No,0,3,1,31.3,46.8,Yes
CUST-13391,Female,0,30,19,82.33,1545.08,Fiber optic,Month-to-month,Credit card (automatic),No,Yes,No,No,Yes,No,No,0,3,2,64.4,149.3,Yes
CUST-13392,Male,0,46,6,18.25,79.58,No,Month-to-month,Mailed check,No internet service,No internet service,No internet service,No internet service,Yes,No,No,0,4,4,159.7,132.1,No
CUST-13393,Female,0,58,4,72.82,280.61,DSL,Month-to-month,Electronic check,No,Yes,Yes,No,Yes,Yes,Yes,0,5,1,83.6,169.2,Yes
CUST-13394,Female,1,68,30,82.32,2477.58,Fiber optic,Month-to-month,Electronic check,No,No,No,No,Yes,Yes,No,0,3,1,60.8,95.9,Yes
CUST-13395,Male,0,23,46,69.6,3205.13,DSL,One year,Mailed check,No,No,Yes,No,Yes,Yes,No,1,1,5,292.0,505.1,No
CUST-13396,Male,0,22,27,57.1,1543.53,DSL,One year,Mailed check,No,No,Yes,No,Yes,No,Yes,0,3,1,179.8,447.3,No
CUST-13397,Female,0,51,45,67.6,3058.34,DSL,One year,Credit card (automatic),No,Yes,Yes,No,Yes,No,No,0,5,1,175.3,231.2,No
CUST-13398,Male,0,28,37,60.01,2204.34,DSL,Month-to-month,Bank transfer (automatic),No,No,No,Yes,Yes,Yes,No,1,3,1,47.0,106.5,No
CUST-13399,Female,0,26,9,80.72,737.19,DSL,Two year,Bank transfer (automatic),Yes,No,Yes,Yes,Yes,No,No,0,3,2,330.5,779.1,No
CUST-13400,Female,1,73,61,118.75,7250.18,Fiber optic,Two year,Electronic check,Yes,Yes,Yes,Yes,Yes,Yes,Yes,1,2,3,97.8,127.7,No
CUST-13401,Female,0,57,35,66.28,2310.14,Fiber optic,Month-to-month,Electronic check,No,No,No,No,Yes,No,No,1,4,1,201.4,177.4,Yes
CUST-13402,Female,0,58,47,26.05,1207.46,No,One year,Bank transfer (automatic),No internet service,No internet service,No internet service,No internet service,Yes,Yes,Yes,0,4,0,71.4,152.5,No
CUST-13403,Female,0,26,21,83.65,1760.41,Fiber optic,Two year,Credit card (automatic),No,No,No,Yes,Yes,No,No,0,4,1,67.9,162.1,No
CUST-13404,Female,0,25,17,93.36,1613.83,Fiber optic,Month-to-month,Bank transfer (automatic),No,No,Yes,Yes,No,No phone service,Yes,0,2,4,138.4,223.1,Yes
CUST-13405,Male,0,61,55,92.49,5061.53,Fiber optic,Month-to-month,Mailed check,No,No,Yes,Yes,No,No phone service,Yes,1,3,0,37.2,85.1,Yes
CUST-13406,Male,0,57,6,30.27,208.8,No,Month-to-month,Bank transfer (automatic),No internet service,No internet service,No internet service,No internet service,Yes,Yes,No,0,4,2,23.0,27.0,No
CUST-13407,Female,0,20,35,88.14,3082.79,DSL,Month-to-month,Mailed check,Yes,Yes,Yes,No,Yes,Yes,No,1,2,2,79.1,165.1,Yes
CUST-13408,Female,0,30,50,80.69,4047.1,DSL,Month-to-month,Electronic check,No,No,Yes,Yes,Yes,Yes,No,0,4,1,128.5,256.5,No
CUST-13409,Female,0,36,37,27.45,1033.84,No,Two year,Bank transfer (automatic),No internet service,No internet service,No internet service,No internet service,Yes,Yes,Yes,0,4,3,93.2,158.1,No
CUST-13410,Male,0,51,13,22.18,267.43,No,One year,Mailed check,No internet service,No internet service,No internet service,No internet service,Yes,No,No,0,2,2,97.8,131.3,No
CUST-13411,Female,0,49,25,70.85,1743.95,DSL,Month-to-month,Mailed check,No,Yes,No,Yes,No,No phone service,Yes,0,3,1,165.1,202.4,Yes
CUST-13412,Male,0,33,1,96.09,96.09,Fiber optic,One year,Mailed check,Yes,No,Yes,No,Yes,No,Yes,0,4,4,105.2,212.7,No
CUST-13413,Female,0,53,49,81.92,4004.54,Fiber optic,One year,Electronic check,No,No,No,Yes,No,No phone service,Yes,1,2,0,112.4,199.0,No
CUST-13414,Female,0,35,35,43.55,1551.64,DSL,Month-to-month,Mailed check,No,No,No,No,Yes,No,Yes,0,3,1,107.9,244.7,No
CUST-13415,Male,0,31,53,84.0,4424.57,Fiber optic,Month-to-month,Bank transfer (automatic),No,Yes,No,No,No,No phone service,No,0,4,3,50.7,111.3,Yes
CUST-13416,Male,0,47,52,72.61,3800.91,DSL,Two year,Electronic check,Yes,No,No,Yes,Yes,Yes,Yes,0,4,1,202.3,222.3,No
CUST-13417,Female,0,19,54,55.97,3026.06,DSL,One year,Bank transfer (automatic),No,No,No,No,Yes,Yes,No,1,3,0,40.0,46.6,No
CUST-13418,Female,1,73,47,89.09,4163.37,DSL,Month-to-month,Mailed check,Yes,Yes,Yes,No,Yes,Yes,No,1,3,3,155.3,373.4,Yes
CUST-13419,Female,0,44,43,114.4,4898.36,Fiber optic,Month-to-month,Credit card (automatic),Yes,No,Yes,Yes,Yes,Yes,Yes,0,4,0,104.4,150.3,No
CUST-13420,Male,0,34,20,101.8,2047.36,Fiber optic,Month-to-month,Credit card (automatic),Yes,No,Yes,No,Yes,Yes,No,0,3,1,98.7,170.8,Yes
CUST-13421,Male,0,48,33,62.51,2069.34,DSL,Month-to-month,Mailed check,No,Yes,No,Yes,Yes,No,No,0,4,3,127.4,193.5,Yes
CUST-13422,Male,0,32,16,109.03,1724.53,Fiber optic,Month-to-month,Electronic check,No,Yes,Yes,Yes,Yes,Yes,No,0,4,2,237.2,417.3,Yes
CUST-13423,Male,0,37,7,56.67,420.95,DSL,One year,Bank transfer (automatic),No,Yes,No,No,Yes,No,No,0,5,0,70.8,137.9,No
CUST-13424,Male,0,22,70,59.85,4167.47,DSL,Month-to-month,Mailed check,No,No,No,Yes,Yes,No,No,0,3,2,113.1,160.5,No
CUST-13425,Male,0,24,21,18.25,383.94,No,Month-to-month,Bank transfer (automatic),No internet service,No internet service,No internet service,No internet service,No,No phone service,No,0,4,1,164.8,224.8,No
CUST-13426,Female,0,35,36,23.19,836.54,No,Month-to-month,Electronic check,No internet service,No internet service,No internet service,No internet service,Yes,Yes,Yes,0,4,1,111.3,248.9,No
CUST-13427,Female,0,28,54,80.12,4348.71,Fiber optic,Month-to-month,Bank transfer (automatic),No,No,No,Yes,Yes,No,Yes,1,2,2,82.7,153.0,Yes
CUST-13428,Male,0,49,19,86.45,1613.88,DSL,Two year,Mailed check,Yes,Yes,No,Yes,Yes,Yes,No,1,2,1,182.7,411.3,No
CUST-13429,Female,0,44,25,90.12,2231.19,Fiber optic,Month-to-month,Electronic check,No,No,No,Yes,Yes,Yes,No,1,2,1,83.8,190.8,No
CUST-13430,Female,0,43,67,109.08,7288.6,Fiber optic,One year,Credit card (automatic),Yes,Yes,Yes,Yes,No,No phone service,No,0,3,1,68.9,74.1,No
CUST-13431,Male,0,54,53,49.52,2598.33,DSL,Month-to-month,Mailed check,No,No,No,No,Yes,Yes,No,1,3,1,103.1,222.8,No
CUST-13432,Female,0,62,48,59.52,2864.85,DSL,Month-to-month,Bank transfer (automatic),No,No,No,Yes,Yes,No,Yes,1,3,0,50.0,116.5,Yes
CUST-13433,Male,0,45,42,62.98,2628.94,DSL,One year,Bank transfer (automatic),No,No,No,Yes,Yes,Yes,Yes,0,4,0,278.2,430.1,No
CUST-13434,Male,1,66,47,76.17,3584.59,Fiber optic,Month-to-month,Electronic check,Yes,No,No,No,No,No phone service,Yes,0,4,0,80.8,134.0,Yes
CUST-13435,Female,0,37,42,18.25,783.46,No,One year,Bank transfer (automatic),No internet service,No internet service,No internet service,No internet service,Yes,No,No,1,2,0,149.9,215.6,No
CUST-13436,Male,0,21,2,103.5,201.51,Fiber optic,Month-to-month,Electronic check,Yes,No,No,Yes,Yes,Yes,Yes,0,4,0,18.8,19.9,Yes
CUST-13437,Male,0,30,6,27.72,182.45,No,One year,Credit card (automatic),No internet service,No internet service,No internet service,No internet service,Yes,Yes,No,0,5,1,152.8,260.9,No
CUST-13438,Male,0,41,46,63.04,2916.51,DSL,One year,Bank transfer (automatic),No,Yes,No,No,Yes,Yes,No,0,3,1,41.1,60.7,No
CUST-13439,Male,0,55,66,75.61,4976.07,Fiber optic,One year,Electronic check,No,Yes,No,No,Yes,No,Yes,0,4,2,54.3,119.4,No
CUST-13440,Male,0,57,40,81.89,3246.54,Fiber optic,One year,Mailed check,No,No,No,Yes,No,No phone service,No,1,2,2,93.1,151.3,Yes
CUST-13441,Male,0,62,58,103.46,5976.88,Fiber optic,One year,Bank transfer (automatic),Yes,Yes,No,Yes,Yes,No,No,0,4,1,212.0,514.4,No
CUST-13442,Male,0,46,33,18.25,621.66,No,Two year,Mailed check,No internet service,No internet service,No internet service,No internet service,Yes,No,No,0,4,1,75.2,154.3,No
CUST-13443,Male,0,53,62,32.03,1980.18,No,Month-to-month,Bank transfer (automatic),No internet service,No internet service,No internet service,No internet service,Yes,Yes,No,1,3,0,81.0,96.9,No
CUST-13444,Female,1,75,12,55.83,690.31,DSL,One year,Electronic check,No,No,No,No,Yes,Yes,Yes,0,4,0,18.0,26.7,No
CUST-13445,Female,0,58,49,72.02,3531.83,DSL,Month-to-month,Bank transfer (automatic),No,No,Yes,Yes,Yes,No,No,0,3,1,138.3,254.8,No
CUST-13446,Female,0,35,5,65.37,308.69,DSL,Month-to-month,Electronic check,No,No,No,Yes,Yes,Yes,No,0,3,2,198.1,203.8,No
CUST-13447,Male,0,25,51,75.34,3855.07,DSL,Month-to-month,Bank transfer (automatic),No,No,Yes,Yes,Yes,Yes,No,0,4,2,58.8,97.9,No
CUST-13448,Male,1,73,69,78.4,5413.09,DSL,Two year,Electronic check,No,No,Yes,Yes,Yes,Yes,No,0,4,0,51.7,117.7,No
CUST-13449,Female,0,58,32,79.25,2527.11,Fiber optic,Month-to-month,Electronic check,No,No,Yes,No,Yes,No,No,0,4,2,36.9,40.5,Yes
CUST-13450,Female,0,34,49,18.25,869.51,No,One year,Bank transfer (automatic),No internet service,No internet service,No internet service,No internet service,Yes,No,No,0,4,1,114.5,108.0,No
CUST-13451,Female,0,40,60,65.38,3898.94,DSL,Month-to-month,Electronic check,No,No,No,Yes,Yes,Yes,Yes,0,4,2,98.4,161.8,No
CUST-13452,Male,0,19,46,79.79,3651.65,Fiber optic,Month-to-month,Credit card (automatic),No,Yes,No,No,No,No phone service,No,0,5,1,171.3,396.5,No
CUST-13453,Female,1,67,68,18.25,1251.38,No,Two year,Bank transfer (automatic),No internet service,No internet service,No internet service,No internet service,Yes,No,No,0,4,2,230.8,460.5,No
CUST-13454,Female,0,46,41,79.3,3264.98,DSL,Month-to-month,Credit card (automatic),Yes,No,Yes,Yes,Yes,No,No,0,4,1,100.2,178.0,No
CUST-13455,Male,0,44,67,102.46,6872.67,Fiber optic,Month-to-month,Mailed check,No,No,Yes,Yes,Yes,Yes,No,1,2,5,195.1,214.1,Yes
CUST-13456,Female,1,70,13,105.72,1364.6,Fiber optic,Month-to-month,Electronic check,Yes,Yes,No,Yes,No,No phone service,No,1,2,0,33.3,68.7,No
CUST-13457,Male,0,51,18,67.59,1213.05,DSL,One year,Bank transfer (automatic),No,No,Yes,No,Yes,Yes,No,0,3,1,89.7,174.6,No
CUST-13458,Male,0,35,51,18.25,943.32,No,Month-to-month,Electronic check,No internet service,No internet service,No internet service,No internet service,Yes,No,Yes,0,5,0,190.3,462.1,No
CUST-13459,Male,0,59,36,23.18,844.07,No,Month-to-month,Mailed check,No internet service,No internet service,No internet service,No internet service,Yes,No,Yes,0,4,1,92.2,93.2,No
CUST-13460,Female,0,27,34,79.69,2725.84,DSL,One year,Bank transfer (automatic),No,Yes,Yes,No,Yes,Yes,No,0,5,3,89.4,121.7,No
CUST-13461,Female,0,55,12,84.17,994.51,Fiber optic,Month-to-month,Bank transfer (automatic),No,No,No,Yes,Yes,No,Yes,0,3,1,124.1,201.3,Yes
CUST-13462,Male,0,61,5,72.87,334.62,Fiber optic,One year,Electronic check,No,No,No,No,Yes,No,No,0,4,0,61.7,116.5,No
CUST-13463,Female,0,34,48,91.66,4385.67,Fiber optic,Month-to-month,Bank transfer (automatic),No,No,Yes,Yes,Yes,No,No,0,4,2,125.8,201.1,No
CUST-13464,Female,0,30,40,32.92,1307.67,No,Month-to-month,Mailed check,No internet service,No internet service,No internet service,No internet service,Yes,Yes,Yes,0,4,0,65.5,95.7,No
CUST-13465,Female,0,59,13,18.25,264.88,No,One year,Mailed check,No internet service,No internet service,No internet service,No internet service,No,No phone service,No,0,4,1,19.7,28.1,No
CUST-13466,Female,0,44,26,104.51,2700.32,Fiber optic,Two year,Electronic check,Yes,Yes,No,Yes,No,No phone service,No,0,4,1,115.5,111.2,No
CUST-13467,Male,0,19,14,63.95,914.88,DSL,One year,Mailed check,No,No,Yes,No,Yes,Yes,Yes,1,2,3,129.4,193.5,Yes
CUST-13468,Female,0,51,11,55.57,618.62,DSL,One year,Bank transfer (automatic),No,No,No,Yes,Yes,No,Yes,0,4,2,141.2,173.3,No
CUST-13469,Male,0,48,38,77.85,2938.35,Fiber optic,Month-to-month,Bank transfer (automatic),No,Yes,No,No,Yes,No,No,0,4,0,12.9,16.7,No
CUST-13470,Male,0,40,57,72.41,4121.58,DSL,Month-to-month,Mailed check,Yes,Yes,No,No,Yes,Yes,No,0,2,3,117.6,94.7,Yes
CUST-13471,Female,0,24,22,22.91,504.63,No,Month-to-month,Bank transfer (automatic),No internet service,No internet service,No internet service,No internet service,Yes,No,No,1,3,0,43.7,37.6,No
CUST-13472,Male,0,55,16,86.41,1373.21,Fiber optic,Two year,Electronic check,No,No,Yes,No,Yes,No,No,1,3,1,133.1,170.9,No
CUST-13473,Female,0,50,29,19.16,539.21,No,Two year,Credit card (automatic),No internet service,No internet service,No internet service,No internet service,Yes,No,No,0,4,1,104.1,117.1,No
CUST-13474,Female,0,29,2,113.52,212.21,Fiber optic,Two year,Bank transfer (automatic),Yes,No,Yes,Yes,Yes,Yes,Yes,0,5,0,36.6,64.0,No
CUST-13475,Male,0,62,54,72.88,3940.63,Fiber optic,Month-to-month,Bank transfer (automatic),No,No,No,No,Yes,No,No,0,4,2,51.5,86.1,No
CUST-13476,Male,0,29,2,76.0,163.29,Fiber optic,Month-to-month,Mailed check,No,Yes,No,No,No,No phone service,No,0,4,0,166.0,373.8,Yes
CUST-13477,Male,0,36,3,24.61,71.97,No,One year,Electronic check,No internet service,No internet service,No internet service,No internet service,Yes,No,Yes,0,4,1,211.0,190.8,No
CUST-13478,Male,1,80,56,99.12,5577.22,Fiber optic,One year,Mailed check,No,No,Yes,Yes,Yes,Yes,Yes,1,3,4,118.0,232.3,No
CUST-13479,Female,0,27,72,57.15,4128.51,DSL,One year,Mailed check,No,No,No,No,Yes,Yes,No,1,3,1,60.4,141.7,Yes
CUST-13480,Female,0,34,11,79.87,902.08,DSL,One year,Electronic check,Yes,No,Yes,No,Yes,Yes,No,0,4,2,75.7,140.2,No
CUST-13481,Female,0,57,32,51.0,1630.54,DSL,Month-to-month,Electronic check,Yes,No,No,No,Yes,No,No,0,5,2,12.9,29.0,No
CUST-13482,Male,1,67,4,31.93,98.61,No,Month-to-month,Bank transfer (automatic),No internet service,No internet service,No internet service,No internet service,Yes,Yes,No,1,3,0,137.2,243.6,Yes
CUST-13483,Male,0,58,9,103.41,936.21,Fiber optic,Month-to-month,Electronic check,Yes,Yes,Yes,No,Yes,No,No,0,3,1,116.7,247.6,Yes
CUST-13484,Male,0,27,56,23.18,1317.18,No,Month-to-month,Credit card (automatic),No internet service,No internet service,No internet service,No internet service,Yes,No,Yes,1,3,1,66.9,61.1,No
CUST-13485,Female,0,29,16,98.09,1571.63,Fiber optic,Month-to-month,Electronic check,Yes,Yes,No,Yes,Yes,No,No,1,3,1,142.7,154.5,Yes
CUST-13486,Male,1,79,71,70.34,4998.21,DSL,Month-to-month,Credit card (automatic),No,Yes,No,Yes,No,No phone service,Yes,0,4,1,96.0,91.5,Yes
CUST-13487,Female,0,48,10,58.26,611.1,DSL,Month-to-month,Credit card (automatic),No,No,No,Yes,Yes,No,No,0,4,2,119.9,281.8,No
CUST-13488,Male,0,32,36,20.11,715.93,No,One year,Mailed check,No internet service,No internet service,No internet service,No internet service,Yes,No,No,0,3,1,53.3,94.2,No
CUST-13489,Female,1,76,24,102.6,2480.51,Fiber optic,Two year,Credit card (automatic),No,No,Yes,Yes,Yes,Yes,No,0,3,3,146.1,201.8,No
CUST-13490,Female,1,65,64,81.44,5212.46,DSL,Two year,Credit card (automatic),No,Yes,Yes,Yes,Yes,No,No,0,4,0,31.3,53.4,No
CUST-13491,Male,1,65,56,99.98,5596.7,Fiber optic,Month-to-month,Electronic check,No,No,Yes,Yes,Yes,Yes,Yes,1,2,2,71.1,58.0,Yes
CUST-13492,Male,0,18,22,102.43,2232.19,Fiber optic,Month-to-month,Credit card (automatic),Yes,Yes,No,No,Yes,Yes,No,1,2,1,184.6,365.2,Yes
CUST-13493,Female,0,61,52,80.08,4179.06,Fiber optic,Month-to-month,Electronic check,No,No,No,Yes,No,No phone service,No,0,4,0,228.7,285.2,No
CUST-13494,Female,0,51,50,91.77,4607.9,Fiber optic,Two year,Electronic check,No,Yes,No,No,Yes,Yes,Yes,0,3,1,71.6,87.3,No
CUST-13495,Male,0,64,47,18.25,853.6,No,Month-to-month,Bank transfer (automatic),No internet service,No internet service,No internet service,No internet service,Yes,No,Yes,0,4,2,55.8,67.8,No
CUST-13496,Male,0,34,23,69.16,1606.49,DSL,Month-to-month,Electronic check,No,No,Yes,No,Yes,Yes,No,1,2,2,61.4,81.5,Yes
CUST-13497,Female,0,56,19,95.52,1819.75,Fiber optic,Two year,Electronic check,Yes,No,No,Yes,Yes,No,No,0,4,2,60.8,117.3,No
CUST-13498,Male,0,55,52,18.25,934.45,No,Month-to-month,Credit card (automatic),No internet service,No internet service,No internet service,No internet service,Yes,No,No,0,4,1,45.1,83.8,No
CUST-13499,Female,0,61,34,92.37,3166.0,Fiber optic,Two year,Credit card (automatic),No,No,Yes,No,Yes,Yes,No,0,3,1,190.7,345.3,No
CUST-13500,Female,0,50,29,53.74,1570.27,DSL,Month-to-month,Credit card (automatic),Yes,No,No,No,Yes,No,No,0,4,2,82.0,107.9,No
CUST-13501,Male,0,38,61,19.8,1230.5,No,Month-to-month,Mailed check,No internet service,No internet service,No internet service,No internet service,Yes,No,No,0,3,4,149.9,310.9,Yes
CUST-13502,Male,0,43,35,23.69,816.04,No,Month-to-month,Credit card (automatic),No internet service,No internet service,No internet service,No internet service,Yes,Yes,Yes,0,4,3,53.5,132.2,No
CUST-13503,Male,0,63,5,77.13,410.63,Fiber optic,Two year,Electronic check,Yes,No,No,No,Yes,No,No,1,3,0,119.7,223.6,Yes
CUST-13504,Male,0,53,7,49.54,338.66,DSL,Two year,Credit card (automatic),No,No,No,No,Yes,No,Yes,0,5,1,135.8,232.0,No
CUST-13505,Male,0,22,41,99.18,4036.95,Fiber optic,One year,Mailed check,Yes,No,No,Yes,Yes,Yes,Yes,0,3,1,22.3,24.4,Yes
CUST-13506,Female,0,50,2,18.25,18.25,No,Month-to-month,Credit card (automatic),No internet service,No internet service,No internet service,No internet service,No,No phone service,No,0,4,0,170.0,158.8,No
CUST-13507,Female,0,18,10,63.15,606.86,DSL,Month-to-month,Bank transfer (automatic),No,Yes,No,No,Yes,Yes,Yes,0,4,0,67.8,80.3,Yes
CUST-13508,Male,0,23,44,49.95,2180.23,DSL,Two year,Credit card (automatic),No,No,No,No,No,No phone service,No,0,3,2,144.5,235.1,No
CUST-13509,Male,0,54,70,102.33,7144.29,Fiber optic,One year,Credit card (automatic),Yes,No,Yes,Yes,Yes,No,No,1,2,0,119.8,154.0,No
CUST-13510,Male,0,19,35,41.41,1422.82,DSL,One year,Credit card (automatic),No,No,No,No,Yes,No,Yes,0,3,3,80.0,197.9,No
CUST-13511,Female,0,22,62,66.44,4143.0,DSL,Month-to-month,Bank transfer (automatic),No,No,Yes,No,Yes,Yes,No,1,1,5,68.5,126.7,Yes
CUST-13512,Male,1,78,20,101.2,2043.7,DSL,Month-to-month,Credit card (automatic),Yes,Yes,Yes,Yes,Yes,Yes,No,0,3,2,54.8,75.3,Yes
CUST-13513,Male,0,58,35,72.59,2556.42,DSL,Month-to-month,Bank transfer (automatic),No,No,Yes,Yes,Yes,No,No,0,4,0,39.3,80.7,No
CUST-13514,Female,1,70,37,29.57,1092.84,No,One year,Electronic check,No internet service,No internet service,No internet service,No internet service,Yes,Yes,No,1,3,2,56.6,66.5,No
CUST-13515,Female,1,65,72,75.84,5455.99,DSL,Two year,Bank transfer (automatic),Yes,No,Yes,Yes,Yes,No,No,0,4,1,116.8,274.2,No
CUST-13516,Male,0,29,54,96.84,5224.88,Fiber optic,Month-to-month,Electronic check,No,No,Yes,Yes,Yes,No,Yes,1,2,2,116.4,189.5,Yes
CUST-13517,Male,1,76,28,23.23,636.15,No,Month-to-month,Credit card (automatic),No internet service,No internet service,No internet service,No internet service,Yes,No,Yes,0,3,3,131.7,220.0,No
CUST-13518,Male,0,19,70,93.5,6551.5,Fiber optic,Month-to-month,Electronic check,No,No,Yes,No,Yes,Yes,No,1,2,3,108.8,128.8,Yes
CUST-13519,Female,0,21,32,66.04,2086.82,DSL,Month-to-month,Credit card (automatic),Yes,No,Yes,No,Yes,No,No,0,4,1,190.7,158.0,No
CUST-13520,Male,0,44,11,19.09,219.52,No,Two year,Mailed check,No internet service,No internet service,No internet service,No internet service,No,No phone service,No,0,3,3,152.8,379.7,No
CUST-13521,Male,0,27,42,98.55,4139.93,Fiber optic,Month-to-month,Electronic check,No,No,Yes,Yes,Yes,Yes,No,0,3,3,82.1,170.4,Yes
CUST-13522,Male,1,70,23,30.73,725.78,No,Two year,Credit card (automatic),No internet service,No internet service,No internet service,No internet service,Yes,Yes,Yes,0,3,0,77.9,166.4,No
CUST-13523,Female,0,61,30,47.37,1449.46,DSL,One year,Electronic check,No,No,No,No,Yes,No,Yes,0,4,3,58.6,79.8,No
CUST-13524,Female,0,19,9,65.0,607.6,DSL,One year,Mailed check,No,No,Yes,Yes,Yes,No,No,0,5,1,35.4,64.3,No
CUST-13525,Male,0,43,59,75.2,4450.0,Fiber optic,Two year,Bank transfer (automatic),Yes,No,No,No,Yes,No,No,1,3,3,20.9,30.4,No
CUST-13526,Male,0,32,28,74.52,2082.53,Fiber optic,One year,Electronic check,No,No,No,No,Yes,No,Yes,1,3,0,77.3,63.9,Yes
CUST-13527,Female,0,63,33,23.17,747.48,No,Two year,Mailed check,No internet service,No internet service,No internet service,No internet service,Yes,Yes,No,1,2,2,34.9,75.3,No
CUST-13528,Female,0,27,47,101.29,4770.52,Fiber optic,Month-to-month,Bank transfer (automatic),No,Yes,No,Yes,Yes,Yes,No,0,4,2,118.6,96.5,No
CUST-13529,Female,1,75,22,66.54,1445.98,DSL,One year,Credit card (automatic),No,Yes,No,Yes,Yes,No,No,0,3,2,110.5,189.7,No
CUST-13530,Female,0,57,29,90.77,2603.55,Fiber optic,One year,Electronic check,No,Yes,No,No,Yes,Yes,No,0,4,0,77.7,131.0,Yes
CUST-13531,Female,0,42,34,85.88,2924.31,Fiber optic,Month-to-month,Electronic check,Yes,Yes,No,No,Yes,No,No,0,4,1,28.2,39.6,No
CUST-13532,Female,0,32,42,46.82,1960.09,DSL,One year,Mailed check,No,No,No,No,Yes,No,Yes,0,4,1,54.8,45.4,No
CUST-13533,Female,0,30,52,71.15,3722.36,Fiber optic,One year,Mailed check,No,No,No,No,Yes,No,Yes,0,5,1,52.7,98.5,No
CUST-13534,Female,0,25,47,23.54,1115.13,No,Two year,Mailed check,No internet service,No internet service,No internet service,No internet service,Yes,No,Yes,0,5,0,197.5,395.4,No
CUST-13535,Female,0,38,51,63.19,3231.53,DSL,Month-to-month,Electronic check,No,Yes,No,No,Yes,Yes,Yes,0,4,1,67.0,54.7,No
CUST-13536,Male,0,38,45,67.28,3044.87,DSL,One year,Mailed check,No,No,Yes,No,Yes,Yes,No,1,4,1,63.8,86.3,Yes
CUST-13537,Male,1,69,34,99.38,3369.06,Fiber optic,Month-to-month,Credit card (automatic),No,Yes,Yes,No,Yes,Yes,Yes,0,5,4,98.9,169.0,Yes
CUST-13538,Male,0,63,21,32.84,717.13,No,One year,Electronic check,No internet service,No internet service,No internet service,No internet service,Yes,Yes,No,0,4,1,119.6,293.7,No
CUST-13539,Female,1,78,13,100.59,1290.95,Fiber optic,Month-to-month,Electronic check,No,Yes,Yes,No,Yes,Yes,No,1,3,1,158.2,275.0,Yes
CUST-13540,Male,0,62,54,89.54,4857.46,DSL,One year,Bank transfer (automatic),No,Yes,Yes,Yes,Yes,Yes,No,0,3,1,153.4,338.6,No
CUST-13541,Female,0,44,25,99.93,2522.9,Fiber optic,Month-to-month,Electronic check,No,Yes,Yes,Yes,Yes,No,No,0,3,3,136.5,211.0,Yes
CUST-13542,Female,0,57,21,77.63,1602.57,Fiber optic,Month-to-month,Bank transfer (automatic),No,No,No,No,Yes,Yes,No,0,3,1,66.5,56.8,No
CUST-13543,Male,1,72,1,52.64,60.55,DSL,Month-to-month,Electronic check,No,No,Yes,No,Yes,No,No,1,2,0,141.9,192.0,Yes
CUST-13544,Female,0,47,58,73.22,4261.73,DSL,Month-to-month,Mailed check,No,No,Yes,Yes,Yes,Yes,No,1,3,3,120.0,184.6,Yes
CUST-13545,Male,1,72,69,70.06,4861.37,Fiber optic,One year,Mailed check,No,No,No,No,No,No phone service,Yes,0,4,0,122.4,203.2,No
CUST-13546,Male,1,76,71,95.52,6767.0,DSL,Two year,Electronic check,Yes,Yes,Yes,Yes,Yes,Yes,Yes,1,2,1,87.6,108.8,No
CUST-13547,Male,0,52,13,78.6,1025.51,DSL,Month-to-month,Credit card (automatic),No,Yes,Yes,Yes,No,No phone service,No,0,3,1,59.0,91.2,No
CUST-13548,Female,0,35,52,111.96,5838.31,Fiber optic,Month-to-month,Credit card (automatic),No,Yes,Yes,Yes,Yes,Yes,No,0,3,1,52.0,76.1,No
CUST-13549,Male,0,59,23,96.6,2200.7,Fiber optic,Month-to-month,Mailed check,Yes,No,No,Yes,Yes,Yes,No,1,2,1,176.4,186.4,Yes
CUST-13550,Female,0,22,21,90.66,1925.04,Fiber optic,One year,Bank transfer (automatic),Yes,No,No,Yes,Yes,No,No,0,4,2,146.9,296.8,No
CUST-13551,Male,0,44,6,97.61,579.88,Fiber optic,Month-to-month,Electronic check,No,No,Yes,Yes,Yes,No,No,0,2,3,70.3,95.9,No
CUST-13552,Male,0,23,20,95.57,1919.79,Fiber optic,Month-to-month,Bank transfer (automatic),Yes,No,Yes,No,Yes,No,No,0,4,1,76.9,102.6,Yes
CUST-13553,Male,0,49,40,69.91,2768.92,Fiber optic,Month-to-month,Bank transfer (automatic),No,No,No,No,Yes,No,No,0,4,3,75.7,70.4,No
CUST-13554,Female,0,25,9,91.49,806.79,DSL,Month-to-month,Electronic check,Yes,Yes,Yes,Yes,Yes,No,Yes,0,3,0,88.3,209.3,No
CUST-13555,Female,0,56,50,94.54,4725.69,Fiber optic,Month-to-month,Electronic check,Yes,No,No,Yes,No,No phone service,No,0,3,2,55.1,106.7,No
CUST-13556,Female,0,38,28,84.44,2351.67,DSL,Month-to-month,Electronic check,Yes,Yes,Yes,Yes,Yes,No,No,0,4,1,94.2,194.3,No
CUST-13557,Male,0,35,11,21.11,259.68,No,One year,Electronic check,No internet service,No internet service,No internet service,No internet service,No,No phone service,No,0,4,1,158.6,315.8,No
CUST-13558,Male,0,31,56,23.05,1308.5,No,One year,Bank transfer (automatic),No internet service,No internet service,No internet service,No internet service,Yes,No,No,0,4,1,120.4,128.9,No
CUST-13559,Female,0,32,35,28.94,1034.79,No,Month-to-month,Credit card (automatic),No internet service,No internet service,No internet service,No internet service,Yes,Yes,No,1,2,2,51.5,52.5,Yes
CUST-13560,Female,0,59,25,104.42,2608.48,Fiber optic,One year,Bank transfer (automatic),No,Yes,Yes,Yes,Yes,No,No,0,4,1,125.8,302.8,No
CUST-13561,Female,0,43,19,114.31,2170.31,Fiber optic,Month-to-month,Mailed check,Yes,Yes,Yes,Yes,Yes,No,Yes,0,4,3,121.5,100.4,Yes
CUST-13562,Female,0,61,31,20.08,640.79,No,Two year,Mailed check,No internet service,No internet service,No internet service,No internet service,Yes,No,No,0,4,3,31.2,71.9,No
CUST-13563,Female,0,49,50,96.78,4832.25,Fiber optic,Month-to-month,Mailed check,No,No,Yes,Yes,Yes,No,No,0,4,2,116.4,274.7,Yes
CUST-13564,Female,0,56,63,115.42,7270.31,Fiber optic,One year,Bank transfer (automatic),Yes,Yes,Yes,Yes,No,No phone service,Yes,0,4,0,142.0,247.3,No
CUST-13565,Male,0,45,47,60.16,2829.24,DSL,One year,Mailed check,Yes,No,No,No,Yes,Yes,No,0,4,1,58.3,83.6,No
CUST-13566,Female,1,66,1,91.33,97.76,Fiber optic,Month-to-month,Electronic check,No,Yes,No,Yes,Yes,No,No,1,3,1,178.9,323.7,Yes
CUST-13567,Male,0,60,58,20.29,1185.82,No,Two year,Bank transfer (automatic),No internet service,No internet service,No internet service,No internet service,Yes,No,Yes,0,5,0,27.0,46.5,No
CUST-13568,Male,0,49,10,56.19,572.75,DSL,Month-to-month,Mailed check,No,No,Yes,No,Yes,No,No,0,4,1,76.4,187.9,Yes
CUST-13569,Female,0,30,8,64.38,511.68,DSL,One year,Electronic check,Yes,No,No,Yes,Yes,No,No,0,2,5,149.0,208.1,No
CUST-13570,Female,0,32,26,24.25,618.21,No,Month-to-month,Electronic check,No internet service,No internet service,No internet service,No internet service,Yes,Yes,No,0,4,2,67.6,122.5,No
CUST-13571,Male,0,35,34,86.17,2954.99,Fiber optic,Month-to-month,Electronic check,No,No,Yes,No,Yes,Yes,No,0,4,1,43.7,73.9,Yes
CUST-13572,Female,0,56,19,76.96,1481.84,DSL,One year,Mailed check,No,Yes,Yes,Yes,No,No phone service,No,0,4,1,60.0,65.4,No
CUST-13573,Female,0,23,72,69.03,4940.37,Fiber optic,Month-to-month,Mailed check,No,No,No,No,No,No phone service,Yes,1,3,3,52.0,118.9,Yes
CUST-13574,Male,0,28,1,80.83,81.61,DSL,Month-to-month,Electronic check,No,Yes,Yes,Yes,Yes,No,Yes,0,4,0,33.1,38.1,Yes
CUST-13575,Male,0,49,48,82.85,3963.28,Fiber optic,Month-to-month,Electronic check,No,No,No,No,Yes,Yes,No,0,3,3,188.4,344.5,No
CUST-13576,Male,0,57,25,80.97,2032.81,DSL,One year,Electronic check,Yes,Yes,Yes,No,Yes,No,No,0,4,1,100.9,141.7,No
CUST-13577,Female,1,78,24,23.14,555.52,No,Month-to-month,Credit card (automatic),No internet service,No internet service,No internet service,No internet service,Yes,No,Yes,0,4,0,115.4,258.5,No
CUST-13578,Male,0,50,47,93.14,4348.85,Fiber optic,Month-to-month,Electronic check,No,No,Yes,No,Yes,Yes,Yes,0,3,0,55.0,123.3,No
CUST-13579,Female,0,57,69,112.96,7807.91,Fiber optic,One year,Electronic check,Yes,No,Yes,Yes,Yes,Yes,No,0,4,2,90.3,94.0,No
CUST-13580,Male,0,25,67,89.53,5985.03,Fiber optic,Month-to-month,Bank transfer (automatic),Yes,No,No,Yes,Yes,No,Yes,0,4,0,134.0,324.2,No
CUST-13581,Male,0,52,32,77.72,2472.65,Fiber optic,Month-to-month,Electronic check,No,No,No,No,Yes,Yes,No,0,5,2,50.7,53.1,Yes
CUST-13582,Male,0,22,17,108.43,1815.23,Fiber optic,Month-to-month,Mailed check,Yes,No,Yes,Yes,Yes,Yes,No,1,2,4,127.3,200.2,Yes
CUST-13583,Female,0,52,61,20.66,1279.96,No,Month-to-month,Electronic check,No internet service,No internet service,No internet service,No internet service,Yes,No,No,0,3,2,101.6,201.9,No
CUST-13584,Female,0,64,69,52.23,3608.6,DSL,Month-to-month,Credit card (automatic),No,No,No,Yes,Yes,No,No,0,4,1,57.6,85.8,No
CUST-13585,Male,0,31,11,51.89,569.88,DSL,Two year,Credit card (automatic),Yes,No,No,No,Yes,No,Yes,1,2,2,76.1,132.6,Yes
CUST-13586,Male,0,38,38,71.12,2713.11,DSL,Month-to-month,Bank transfer (automatic),No,No,Yes,Yes,Yes,No,No,0,4,0,65.6,163.6,No
CUST-13587,Male,0,64,68,91.77,6231.08,Fiber optic,Month-to-month,Bank transfer (automatic),No,No,Yes,Yes,Yes,No,Yes,1,2,3,64.1,79.4,Yes
CUST-13588,Female,0,41,19,81.2,1546.97,Fiber optic,Month-to-month,Mailed check,No,No,Yes,No,Yes,No,No,1,2,0,223.4,468.2,Yes
CUST-13589,Male,0,34,17,82.32,1384.4,DSL,Month-to-month,Credit card (automatic),Yes,No,Yes,Yes,Yes,No,No,0,4,1,87.5,168.0,No
CUST-13590,Female,0,35,13,62.45,785.63,DSL,One year,Mailed check,Yes,No,Yes,No,Yes,No,No,0,3,2,20.4,49.2,No
CUST-13591,Male,0,51,1,97.23,100.91,Fiber optic,Month-to-month,Electronic check,No,No,Yes,Yes,Yes,Yes,No,0,5,0,137.0,133.0,Yes
CUST-13592,Male,0,29,2,87.29,157.85,Fiber optic,Month-to-month,Electronic check,No,No,No,Yes,Yes,Yes,Yes,0,4,3,227.8,286.1,Yes
CUST-13593,Male,0,33,66,103.84,6868.44,Fiber optic,Month-to-month,Electronic check,Yes,Yes,Yes,No,Yes,No,No,0,4,1,64.8,136.2,No
CUST-13594,Male,0,21,68,87.36,5937.59,Fiber optic,Two year,Bank transfer (automatic),No,No,No,Yes,Yes,Yes,No,0,4,2,205.3,449.8,No
CUST-13595,Male,0,42,16,93.64,1483.26,Fiber optic,Month-to-month,Electronic check,No,No,Yes,No,Yes,Yes,No,0,4,1,86.7,174.9,Yes
CUST-13596,Male,0,51,4,67.52,276.58,DSL,Month-to-month,Bank transfer (automatic),No,No,Yes,Yes,Yes,No,Yes,1,4,1,94.7,100.2,Yes
CUST-13597,Female,0,45,57,25.84,1449.88,No,One year,Mailed check,No internet service,No internet service,No internet service,No internet service,Yes,Yes,No,0,4,1,35.3,48.1,No
CUST-13598,Male,1,67,23,95.33,2208.28,Fiber optic,Month-to-month,Credit card (automatic),Yes,Yes,No,No,Yes,Yes,No,1,2,0,36.7,43.4,Yes
CUST-13599,Female,0,28,2,65.74,128.61,DSL,One year,Mailed check,No,No,No,Yes,Yes,Yes,No,0,4,0,97.8,205.4,No
CUST-13600,Male,0,30,67,85.56,5751.28,Fiber optic,One year,Bank transfer (automatic),No,No,Yes,No,Yes,No,No,0,3,2,198.6,460.6,No
CUST-13601,Male,0,48,26,44.06,1123.85,DSL,Month-to-month,Mailed check,No,No,No,No,Yes,No,No,0,4,1,51.1,94.1,No
CUST-13602,Female,0,42,7,76.53,528.66,DSL,Month-to-month,Credit card (automatic),No,Yes,Yes,Yes,Yes,No,No,0,4,1,69.7,74.3,Yes
CUST-13603,Male,0,56,44,19.21,826.04,No,Two year,Electronic check,No internet service,No internet service,No internet service,No internet service,Yes,No,Yes,1,2,4,78.8,179.4,No
CUST-13604,Female,0,27,33,86.05,2813.32,Fiber optic,One year,Electronic check,No,No,No,Yes,No,No phone service,No,1,2,0,116.5,179.5,Yes
CUST-13605,Female,1,69,64,100.35,6449.72,Fiber optic,Two year,Bank transfer (automatic),Yes,Yes,No,Yes,Yes,No,No,0,4,3,132.9,145.8,No
CUST-13606,Male,1,71,36,80.56,2913.76,DSL,Month-to-month,Bank transfer (automatic),Yes,No,Yes,Yes,Yes,No,Yes,0,4,0,36.4,67.5,No
CUST-13607,Female,0,42,4,98.3,382.74,Fiber optic,Month-to-month,Mailed check,Yes,No,No,Yes,Yes,Yes,No,0,3,2,171.6,161.7,No
CUST-13608,Female,0,45,23,93.75,2141.02,Fiber optic,Two year,Mailed check,Yes,No,No,Yes,Yes,No,No,1,2,4,69.1,125.7,Yes
CUST-13609,Male,1,72,25,73.81,1827.51,Fiber optic,Month-to-month,Electronic check,No,No,No,No,No,No phone service,No,1,2,3,80.2,196.6,Yes
CUST-13610,Female,0,35,27,75.99,2024.31,DSL,Two year,Electronic check,Yes,No,Yes,No,Yes,Yes,No,0,5,0,65.3,118.1,No
CUST-13611,Male,0,23,51,94.47,4794.13,Fiber optic,Month-to-month,Credit card (automatic),No,No,Yes,No,Yes,Yes,No,0,5,0,60.6,136.8,No
CUST-13612,Male,0,19,69,21.02,1426.55,No,Two year,Electronic check,No internet service,No internet service,No internet service,No internet service,Yes,No,No,0,4,3,95.4,216.6,No
CUST-13613,Male,0,20,23,116.75,2695.23,Fiber optic,Month-to-month,Bank transfer (automatic),No,Yes,Yes,Yes,Yes,Yes,No,0,4,2,24.4,26.4,Yes
CUST-13614,Male,0,63,9,106.24,961.84,Fiber optic,Month-to-month,Bank transfer (automatic),No,Yes,Yes,Yes,Yes,No,No,0,3,4,112.1,217.4,Yes
CUST-13615,Female,0,25,33,66.53,2199.58,DSL,Two year,Electronic check,No,No,Yes,No,Yes,Yes,No,0,4,2,142.4,243.2,No
CUST-13616,Male,0,48,35,93.3,3279.57,Fiber optic,Month-to-month,Electronic check,No,No,Yes,No,Yes,Yes,No,0,4,3,63.9,56.1,Yes
CUST-13617,Male,0,36,50,60.11,2990.57,DSL,Month-to-month,Electronic check,No,No,No,Yes,Yes,Yes,No,1,3,1,67.7,75.5,Yes
CUST-13618,Female,0,23,24,54.57,1300.23,DSL,Month-to-month,Bank transfer (automatic),No,No,No,Yes,Yes,No,No,0,4,2,99.9,108.8,No
CUST-13619,Male,0,31,24,54.16,1277.44,DSL,One year,Electronic check,No,No,No,Yes,Yes,No,No,0,4,1,39.1,72.5,No
CUST-13620,Male,0,20,19,63.11,1204.35,DSL,Two year,Electronic check,Yes,No,No,Yes,Yes,No,No,0,4,0,325.0,347.1,No
CUST-13621,Female,0,18,39,108.38,4252.79,Fiber optic,Month-to-month,Electronic check,No,Yes,Yes,Yes,Yes,No,No,0,3,0,93.6,123.3,Yes
CUST-13622,Female,0,61,61,18.25,1135.04,No,Month-to-month,Electronic check,No internet service,No internet service,No internet service,No internet service,Yes,No,No,0,5,1,97.4,95.8,No
CUST-13623,Female,1,76,25,72.63,1819.05,DSL,Month-to-month,Electronic check,Yes,No,Yes,No,Yes,Yes,No,0,5,1,90.8,82.1,No
CUST-13624,Female,1,71,25,68.35,1717.43,Fiber optic,One year,Electronic check,No,No,No,No,Yes,No,Yes,0,4,0,32.2,80.4,No
CUST-13625,Female,0,36,27,93.25,2547.29,Fiber optic,Month-to-month,Electronic check,Yes,No,Yes,No,Yes,No,No,1,2,2,80.1,118.0,Yes
CUST-13626,Female,0,36,32,84.67,2710.48,Fiber optic,Month-to-month,Bank transfer (automatic),No,No,Yes,No,Yes,No,No,0,5,1,61.8,102.1,No
CUST-13627,Female,0,26,11,89.05,1001.79,Fiber optic,Month-to-month,Electronic check,No,Yes,No,No,Yes,Yes,Yes,0,3,1,119.7,103.2,Yes
CUST-13628,Male,0,24,69,59.49,4104.85,DSL,One year,Bank transfer (automatic),No,No,Yes,No,Yes,No,No,1,2,3,124.9,133.9,No
CUST-13629,Female,1,79,33,89.02,2910.53,Fiber optic,Two year,Bank transfer (automatic),No,No,No,Yes,Yes,Yes,No,0,5,1,66.6,121.1,No
CUST-13630,Female,1,77,19,24.96,500.32,No,Month-to-month,Credit card (automatic),No internet service,No internet service,No internet service,No internet service,Yes,No,Yes,1,2,0,14.9,22.1,Yes
CUST-13631,Female,0,58,16,78.7,1235.91,Fiber optic,Month-to-month,Electronic check,No,No,No,Yes,Yes,No,Yes,1,2,2,127.7,235.1,Yes
CUST-13632,Male,0,24,11,69.0,771.25,Fiber optic,One year,Electronic check,No,No,No,No,No,No phone service,Yes,1,2,2,135.3,179.6,Yes
CUST-13633,Male,0,26,69,103.32,7113.36,Fiber optic,One year,Credit card (automatic),No,Yes,Yes,No,Yes,Yes,Yes,0,5,1,97.8,160.0,No
CUST-13634,Female,0,21,55,109.47,6044.91,Fiber optic,Month-to-month,Credit card (automatic),Yes,No,Yes,Yes,Yes,Yes,No,0,3,1,115.3,270.7,Yes
CUST-13635,Female,0,42,25,22.51,544.78,No,Month-to-month,Electronic check,No internet service,No internet service,No internet service,No internet service,Yes,No,No,1,2,0,25.2,46.6,No
CUST-13636,Female,0,29,34,77.64,2618.16,DSL,Month-to-month,Electronic check,No,Yes,Yes,Yes,Yes,No,No,0,4,3,115.4,232.0,Yes
CUST-13637,Male,0,23,12,78.78,941.68,Fiber optic,One year,Credit card (automatic),No,No,Yes,No,Yes,No,No,0,4,0,82.0,194.6,No
CUST-13638,Male,0,35,21,19.03,399.43,No,One year,Electronic check,No internet service,No internet service,No internet service,No internet service,Yes,No,No,0,4,2,136.6,275.4,No
CUST-13639,Female,0,57,29,22.85,681.79,No,Month-to-month,Credit card (automatic),No internet service,No internet service,No internet service,No internet service,Yes,No,No,0,4,1,64.4,122.4,No
CUST-13640,Male,0,38,51,83.12,4254.86,DSL,Month-to-month,Credit card (automatic),Yes,No,Yes,Yes,Yes,Yes,No,1,2,1,79.5,178.9,No
CUST-13641,Female,0,32,23,20.16,453.38,No,Month-to-month,Electronic check,No internet service,No internet service,No internet service,No internet service,Yes,No,No,0,5,1,103.9,205.5,No
CUST-13642,Male,0,20,33,69.41,2283.63,DSL,Two year,Credit card (automatic),No,Yes,Yes,No,Yes,No,No,0,3,1,103.5,188.8,No
CUST-13643,Male,0,19,8,67.52,544.76,DSL,Month-to-month,Mailed check,No,No,Yes,No,Yes,Yes,Yes,0,3,1,27.5,33.2,Yes
CUST-13644,Female,0,58,42,86.9,3652.89,Fiber optic,Two year,Bank transfer (automatic),Yes,No,No,No,Yes,Yes,No,1,3,3,66.9,56.5,No
CUST-13645,Female,1,70,69,87.66,6070.26,Fiber optic,One year,Mailed check,Yes,No,No,No,Yes,Yes,Yes,1,4,1,81.6,123.7,No
CUST-13646,Female,0,21,41,90.57,3711.72,DSL,Month-to-month,Electronic check,Yes,No,Yes,Yes,Yes,Yes,No,0,3,1,284.3,623.6,No
CUST-13647,Female,0,49,63,18.25,1173.36,No,Month-to-month,Bank transfer (automatic),No internet service,No internet service,No internet service,No internet service,Yes,No,Yes,1,2,1,126.6,213.9,No
CUST-13648,Male,0,19,14,81.93,1129.32,DSL,Two year,Electronic check,No,No,Yes,Yes,Yes,Yes,No,0,5,0,141.9,133.8,No
CUST-13649,Male,0,63,62,19.19,1211.84,No,Month-to-month,Credit card (automatic),No internet service,No internet service,No internet service,No internet service,Yes,No,No,0,4,0,237.9,368.5,No
CUST-13650,Male,1,67,46,101.75,4668.76,Fiber optic,Two year,Mailed check,Yes,No,Yes,Yes,Yes,No,No,0,4,1,34.9,63.8,No
CUST-13651,Female,0,19,67,80.03,5379.37,DSL,Month-to-month,Electronic check,Yes,Yes,No,Yes,Yes,Yes,Yes,0,4,1,46.5,55.9,No
CUST-13652,Male,1,71,53,71.25,3780.17,DSL,One year,Electronic check,Yes,No,No,Yes,Yes,Yes,Yes,0,4,1,85.8,80.9,No
CUST-13653,Female,0,44,52,59.57,3120.17,DSL,Two year,Credit card (automatic),No,No,Yes,No,Yes,No,No,1,2,2,137.4,240.2,Yes
CUST-13654,Male,1,66,7,54.49,365.31,DSL,Two year,Electronic check,No,No,No,No,Yes,Yes,Yes,0,4,0,123.6,117.3,No
CUST-13655,Female,0,61,54,87.47,4735.47,Fiber optic,Month-to-month,Credit card (automatic),No,No,Yes,No,Yes,Yes,No,1,3,2,96.7,79.3,Yes
CUST-13656,Female,1,71,11,104.27,1167.91,Fiber optic,One year,Electronic check,No,Yes,Yes,No,Yes,Yes,No,0,4,0,92.0,189.4,No
CUST-13657,Male,0,35,25,31.36,800.6,No,Month-to-month,Mailed check,No internet service,No internet service,No internet service,No internet service,Yes,Yes,Yes,1,2,3,32.4,51.2,No
CUST-13658,Female,0,53,59,97.69,5767.67,Fiber optic,Month-to-month,Credit card (automatic),Yes,No,Yes,No,Yes,Yes,Yes,1,4,0,76.8,66.9,Yes
CUST-13659,Female,0,36,66,83.3,5508.32,DSL,Month-to-month,Electronic check,Yes,Yes,Yes,No,Yes,Yes,No,0,3,1,45.2,82.0,No
CUST-13660,Male,1,66,27,98.85,2650.74,Fiber optic,Month-to-month,Electronic check,Yes,Yes,Yes,No,Yes,No,No,0,3,2,123.5,101.6,No
CUST-13661,Female,0,62,58,79.43,4589.93,Fiber optic,Month-to-month,Credit card (automatic),No,No,No,No,Yes,Yes,Yes,1,4,1,97.0,131.4,Yes
CUST-13662,Female,0,37,11,59.01,635.15,DSL,Month-to-month,Bank transfer (automatic),No,No,Yes,No,Yes,No,No,0,3,3,36.3,39.6,Yes
CUST-13663,Female,1,73,55,73.96,4087.48,DSL,Two year,Bank transfer (automatic),Yes,No,No,Yes,Yes,Yes,No,0,4,2,96.9,142.7,No
CUST-13664,Male,0,40,19,30.37,557.08,No,One year,Credit card (automatic),No internet service,No internet service,No internet service,No internet service,Yes,Yes,No,1,3,2,81.4,67.1,No
CUST-13665,Male,0,47,39,96.92,3767.82,Fiber optic,Month-to-month,Mailed check,Yes,No,No,Yes,Yes,No,No,0,5,2,153.8,377.1,No
CUST-13666,Female,0,42,70,76.12,5353.63,DSL,Two year,Credit card (automatic),Yes,No,Yes,No,Yes,Yes,Yes,0,4,1,58.2,61.2,No
CUST-13667,Male,0,48,11,29.49,339.7,No,Month-to-month,Bank transfer (automatic),No internet service,No internet service,No internet service,No internet service,Yes,Yes,Yes,0,4,2,133.6,324.5,No
CUST-13668,Female,1,79,14,18.74,276.35,No,Month-to-month,Bank transfer (automatic),No internet service,No internet service,No internet service,No internet service,Yes,No,No,0,4,1,102.0,169.4,No
CUST-13669,Female,0,51,60,23.11,1383.91,No,One year,Electronic check,No internet service,No internet service,No internet service,No internet service,Yes,Yes,No,0,5,2,78.2,71.5,No
CUST-13670,Female,0,25,36,81.54,2947.58,DSL,Month-to-month,Credit card (automatic),No,No,Yes,Yes,Yes,Yes,No,0,3,1,145.7,334.5,No
CUST-13671,Female,1,78,41,80.72,3313.46,Fiber optic,One year,Credit card (automatic),No,No,No,No,Yes,Yes,No,0,4,2,144.6,217.5,No
CUST-13672,Female,0,58,2,113.96,202.21,Fiber optic,Month-to-month,Electronic check,Yes,No,Yes,Yes,Yes,Yes,No,0,3,2,192.8,202.4,Yes
CUST-13673,Male,0,43,57,23.3,1332.69,No,Month-to-month,Bank transfer (automatic),No internet service,No internet service,No internet service,No internet service,Yes,Yes,No,0,4,0,39.2,49.4,No
CUST-13674,Female,0,45,60,22.59,1352.53,No,Month-to-month,Mailed check,No internet service,No internet service,No internet service,No internet service,Yes,No,No,0,3,1,129.1,167.7,No
CUST-13675,Male,0,21,20,68.7,1350.84,DSL,Two year,Bank transfer (automatic),No,Yes,No,Yes,Yes,No,No,1,1,0,113.7,208.6,Yes
CUST-13676,Male,0,48,22,92.69,2029.84,Fiber optic,One year,Credit card (automatic),No,Yes,No,Yes,Yes,No,Yes,1,3,1,106.8,261.9,Yes
CUST-13677,Female,1,67,4,90.24,384.65,DSL,One year,Electronic check,Yes,Yes,Yes,Yes,Yes,No,No,0,3,0,184.2,205.6,No
CUST-13678,Female,0,27,56,96.18,5404.3,Fiber optic,One year,Credit card (automatic),Yes,No,Yes,No,Yes,No,Yes,0,3,3,80.9,94.0,No
CUST-13679,Male,0,55,58,50.07,2928.89,DSL,Month-to-month,Electronic check,Yes,No,No,No,Yes,No,No,1,2,2,230.9,565.2,No
CUST-13680,Male,0,27,65,98.57,6420.07,Fiber optic,One year,Mailed check,Yes,Yes,No,Yes,Yes,No,No,0,4,0,87.8,103.1,No
CUST-13681,Male,0,62,58,31.95,1861.05,No,Month-to-month,Mailed check,No internet service,No internet service,No internet service,No internet service,Yes,Yes,No,0,4,1,11.8,14.1,No
CUST-13682,Female,1,71,30,85.08,2530.75,Fiber optic,Month-to-month,Electronic check,No,No,Yes,No,Yes,Yes,No,0,4,1,88.7,220.5,Yes
CUST-13683,Male,1,68,19,49.04,908.19,DSL,One year,Mailed check,No,No,No,No,Yes,No,Yes,0,4,0,78.1,149.4,No
CUST-13684,Female,0,53,62,77.3,4777.41,Fiber optic,Month-to-month,Credit card (automatic),No,No,Yes,No,Yes,No,No,1,2,2,102.3,135.3,Yes
CUST-13685,Female,0,53,68,67.79,4598.57,DSL,Month-to-month,Electronic check,No,No,No,Yes,Yes,Yes,Yes,0,3,1,80.5,97.5,Yes
CUST-13686,Female,0,36,44,70.91,3126.46,DSL,Two year,Electronic check,No,Yes,Yes,No,Yes,No,Yes,0,4,0,85.3,137.6,No
CUST-13687,Male,0,36,61,21.13,1311.57,No,One year,Bank transfer (automatic),No internet service,No internet service,No internet service,No internet service,Yes,No,No,1,1,3,175.5,236.0,No
CUST-13688,Female,0,29,21,103.41,2195.05,Fiber optic,One year,Bank transfer (automatic),Yes,Yes,No,Yes,No,No phone service,Yes,1,3,2,33.9,27.6,Yes
CUST-13689,Female,0,30,10,85.51,866.04,Fiber optic,Month-to-month,Credit card (automatic),No,No,Yes,No,Yes,Yes,Yes,0,4,1,266.2,244.6,Yes
CUST-13690,Female,0,42,30,66.11,1987.73,DSL,Month-to-month,Electronic check,No,No,Yes,Yes,No,No phone service,Yes,0,3,0,43.5,74.7,No
CUST-13691,Female,0,53,24,107.99,2576.42,Fiber optic,One year,Credit card (automatic),No,Yes,Yes,Yes,Yes,No,No,0,4,1,131.5,163.9,No
CUST-13692,Female,0,42,48,73.24,3541.8,Fiber optic,One year,Mailed check,No,No,No,No,Yes,No,No,0,4,0,132.3,317.7,No
CUST-13693,Male,0,45,55,52.6,2903.27,DSL,Month-to-month,Electronic check,No,No,Yes,No,Yes,No,Yes,0,5,0,70.6,139.9,No
CUST-13694,Female,0,59,52,78.13,4064.77,DSL,Two year,Credit card (automatic),No,Yes,Yes,No,Yes,Yes,No,0,3,1,151.0,371.8,No
CUST-13695,Female,0,56,38,99.23,3746.98,Fiber optic,Two year,Electronic check,Yes,No,No,Yes,Yes,Yes,No,0,3,1,71.6,155.3,No
CUST-13696,Male,0,47,67,110.61,7430.42,Fiber optic,Month-to-month,Bank transfer (automatic),Yes,Yes,Yes,No,Yes,Yes,No,1,3,0,89.9,119.8,No
CUST-13697,Female,1,65,8,24.08,183.58,No,Two year,Bank transfer (automatic),No internet service,No internet service,No internet service,No internet service,Yes,Yes,No,0,5,0,121.6,251.2,No
CUST-13698,Male,0,34,29,55.99,1647.75,DSL,Month-to-month,Mailed check,No,No,Yes,No,Yes,No,No,1,3,0,148.3,235.8,No
CUST-13699,Female,0,35,10,93.35,913.6,Fiber optic,Month-to-month,Bank transfer (automatic),No,No,Yes,Yes,No,No phone service,No,0,3,4,99.0,165.6,Yes
CUST-13700,Male,0,60,69,115.69,7955.53,Fiber optic,Month-to-month,Bank transfer (automatic),Yes,Yes,Yes,Yes,Yes,No,No,0,3,1,122.5,208.3,No
CUST-13701,Male,1,68,68,56.58,3843.52,DSL,One year,Electronic check,Yes,No,No,No,Yes,No,Yes,0,3,1,45.3,88.9,No
CUST-13702,Female,1,71,49,100.49,4898.71,Fiber optic,Two year,Bank transfer (automatic),Yes,No,Yes,No,Yes,Yes,Yes,0,3,1,225.5,318.9,No
CUST-13703,Female,0,39,58,23.31,1325.69,No,One year,Credit card (automatic),No internet service,No internet service,No internet service,No internet service,Yes,Yes,No,0,5,0,79.8,170.2,No
CUST-13704,Female,0,56,35,75.62,2659.52,DSL,One year,Mailed check,No,Yes,Yes,Yes,Yes,No,No,1,3,1,54.1,59.3,Yes
CUST-13705,Male,1,77,50,83.6,4165.44,DSL,Month-to-month,Credit card (automatic),No,Yes,Yes,Yes,Yes,Yes,No,0,4,0,231.9,326.4,No
CUST-13706,Male,0,33,40,23.88,963.53,No,Month-to-month,Mailed check,No internet service,No internet service,No internet service,No internet service,Yes,No,No,0,5,1,77.2,150.5,No
CUST-13707,Male,0,19,12,74.02,892.49,Fiber optic,Month-to-month,Mailed check,No,No,No,No,Yes,No,No,0,4,3,138.0,308.8,No
CUST-13708,Female,0,18,16,95.06,1499.41,Fiber optic,Month-to-month,Bank transfer (automatic),No,Yes,Yes,No,Yes,No,No,0,5,0,258.8,583.7,No
CUST-13709,Male,0,47,48,71.75,3437.15,DSL,One year,Electronic check,Yes,No,No,Yes,Yes,Yes,Yes,1,3,0,64.7,88.7,No
CUST-13710,Male,0,60,1,82.4,82.4,DSL,Month-to-month,Credit card (automatic),No,Yes,Yes,Yes,Yes,No,No,0,4,1,77.1,116.9,Yes
CUST-13711,Female,0,54,65,86.88,5642.5,Fiber optic,One year,Credit card (automatic),No,No,Yes,No,Yes,Yes,No,0,4,0,55.4,69.0,No
CUST-13712,Male,0,40,22,80.55,1753.04,Fiber optic,Month-to-month,Credit card (automatic),Yes,No,No,No,Yes,No,No,0,3,2,195.5,362.6,Yes
CUST-13713,Male,1,68,15,114.34,1690.88,Fiber optic,Month-to-month,Bank transfer (automatic),No,Yes,Yes,Yes,Yes,Yes,No,0,3,2,119.6,171.8,Yes
CUST-13714,Female,0,36,67,77.52,5182.86,Fiber optic,Month-to-month,Credit card (automatic),No,No,Yes,No,Yes,No,Yes,0,4,3,52.1,123.8,No
CUST-13715,Male,0,63,14,75.98,1033.93,DSL,Two year,Bank transfer (automatic),No,Yes,No,Yes,Yes,Yes,No,0,3,2,170.1,237.4,No
CUST-13716,Female,0,20,19,86.51,1659.16,DSL,Month-to-month,Mailed check,Yes,Yes,Yes,Yes,Yes,No,Yes,0,4,2,20.0,39.0,No
CUST-13717,Female,0,19,40,89.98,3578.69,Fiber optic,Month-to-month,Credit card (automatic),No,No,No,Yes,Yes,Yes,No,0,3,3,38.2,73.8,Yes
CUST-13718,Female,0,54,4,88.84,362.91,Fiber optic,Two year,Mailed check,No,No,Yes,No,Yes,Yes,No,0,3,1,93.9,154.0,No
CUST-13719,Female,1,65,33,83.87,2787.66,Fiber optic,Two year,Mailed check,No,No,Yes,No,Yes,No,No,0,4,0,86.7,72.5,No
CUST-13720,Female,0,45,43,81.89,3546.3,Fiber optic,One year,Electronic check,No,No,Yes,No,Yes,No,No,0,2,2,149.9,194.6,Yes
CUST-13721,Male,0,35,37,88.02,3260.19,Fiber optic,Month-to-month,Credit card (automatic),Yes,Yes,No,No,Yes,No,No,0,4,2,53.1,106.3,No
CUST-13722,Male,0,50,66,74.1,4907.9,Fiber optic,Month-to-month,Electronic check,No,No,No,No,Yes,No,No,0,4,4,47.2,70.7,No
CUST-13723,Female,0,32,27,82.59,2227.22,Fiber optic,Two year,Electronic check,No,No,No,No,Yes,Yes,Yes,1,2,4,79.7,73.2,Yes
CUST-13724,Female,1,78,45,66.02,2970.31,DSL,Two year,Electronic check,Yes,No,No,No,Yes,Yes,No,0,4,2,63.8,148.4,No
CUST-13725,Male,0,58,50,65.81,3293.31,DSL,One year,Mailed check,No,No,No,Yes,Yes,Yes,No,1,3,1,145.3,260.9,No
CUST-13726,Female,1,79,63,105.84,6678.13,Fiber optic,Month-to-month,Electronic check,Yes,Yes,No,Yes,Yes,No,No,0,3,4,186.1,175.0,No
CUST-13727,Female,0,54,6,29.02,184.32,No,Month-to-month,Bank transfer (automatic),No internet service,No internet service,No internet service,No internet service,Yes,Yes,Yes,1,3,2,129.7,114.0,No
CUST-13728,Female,0,49,67,18.25,1239.87,No,Month-to-month,Electronic check,No internet service,No internet service,No internet service,No internet service,Yes,No,No,0,3,3,172.0,165.5,No
CUST-13729,Male,0,62,67,18.25,1229.77,No,One year,Bank transfer (automatic),No internet service,No internet service,No internet service,No internet service,Yes,No,No,0,4,2,25.6,64.0,No
CUST-13730,Male,0,36,59,22.26,1336.3,No,Month-to-month,Electronic check,No internet service,No internet service,No internet service,No internet service,Yes,No,No,0,3,2,69.7,89.2,No
CUST-13731,Female,0,45,13,69.52,916.31,DSL,Two year,Electronic check,Yes,No,No,Yes,Yes,No,Yes,1,3,3,118.9,237.2,No
CUST-13732,Female,0,45,21,91.26,1942.2,DSL,Month-to-month,Credit card (automatic),Yes,No,Yes,Yes,Yes,Yes,Yes,0,3,3,154.7,167.8,No
CUST-13733,Male,0,27,64,95.24,6110.39,Fiber optic,One year,Mailed check,Yes,No,Yes,No,Yes,No,No,1,3,1,71.8,89.2,No
CUST-13734,Male,0,37,37,56.4,2101.12,DSL,Month-to-month,Electronic check,Yes,No,No,No,Yes,No,No,0,3,3,31.6,25.7,No
CUST-13735,Female,0,42,48,51.9,2512.82,DSL,Month-to-month,Credit card (automatic),Yes,No,No,No,Yes,No,No,0,3,2,232.2,523.8,No
CUST-13736,Female,0,38,56,87.94,4933.99,DSL,Month-to-month,Electronic check,No,Yes,Yes,Yes,Yes,Yes,Yes,0,3,1,39.4,97.9,No
CUST-13737,Male,1,80,44,76.35,3340.17,DSL,One year,Electronic check,No,No,Yes,Yes,Yes,Yes,Yes,0,5,3,86.2,124.3,No
CUST-13738,Male,0,39,13,89.32,1136.14,Fiber optic,One year,Mailed check,No,Yes,No,Yes,Yes,No,No,0,4,2,69.6,80.8,No
CUST-13739,Male,0,43,4,79.99,308.91,DSL,Month-to-month,Electronic check,No,No,Yes,Yes,Yes,Yes,Yes,0,4,1,171.9,185.2,Yes
CUST-13740,Female,0,61,33,66.5,2213.36,Fiber optic,Two year,Electronic check,No,No,No,No,Yes,No,No,0,4,2,54.0,67.2,No
CUST-13741,Male,0,28,37,74.3,2720.4,DSL,Month-to-month,Credit card (automatic),Yes,Yes,No,No,Yes,Yes,No,0,3,2,114.1,165.6,No
CUST-13742,Female,0,24,53,21.11,1097.83,No,Two year,Electronic check,No internet service,No internet service,No internet service,No internet service,Yes,No,No,0,4,1,117.8,238.9,No
CUST-13743,Male,0,34,24,18.25,414.37,No,Two year,Electronic check,No internet service,No internet service,No internet service,No internet service,Yes,No,No,0,3,2,184.3,369.9,No
CUST-13744,Male,0,35,51,66.29,3353.02,DSL,Two year,Credit card (automatic),No,Yes,No,Yes,Yes,No,Yes,0,3,0,95.6,160.0,No
CUST-13745,Male,1,71,41,66.17,2731.59,Fiber optic,Month-to-month,Mailed check,No,No,No,No,Yes,No,No,0,4,2,96.5,142.1,No
CUST-13746,Male,0,37,29,18.25,516.03,No,Month-to-month,Electronic check,No internet service,No internet service,No internet service,No internet service,Yes,No,No,0,4,1,168.5,281.0,No
CUST-13747,Female,0,55,59,87.13,5154.41,Fiber optic,Two year,Bank transfer (automatic),No,Yes,Yes,No,Yes,No,No,0,3,1,88.1,154.8,No
CUST-13748,Female,0,28,40,18.25,708.51,No,Month-to-month,Electronic check,No internet service,No internet service,No internet service,No internet service,Yes,No,No,0,4,0,79.2,146.1,No
CUST-13749,Male,0,61,51,93.67,4771.71,Fiber optic,Month-to-month,Mailed check,No,No,Yes,No,Yes,Yes,Yes,0,4,2,88.3,168.5,Yes
CUST-13750,Female,0,33,50,100.23,4988.49,Fiber optic,One year,Bank transfer (automatic),Yes,No,Yes,No,Yes,Yes,No,0,3,1,301.2,571.4,No
CUST-13751,Male,0,44,36,71.17,2532.27,DSL,Month-to-month,Credit card (automatic),No,Yes,Yes,No,Yes,Yes,Yes,1,3,1,50.6,58.6,No
CUST-13752,Male,0,28,60,79.05,4749.79,DSL,One year,Electronic check,Yes,No,No,Yes,Yes,Yes,No,0,4,0,37.7,61.0,No
CUST-13753,Male,0,33,18,70.69,1271.28,Fiber optic,Two year,Bank transfer (automatic),No,No,No,No,Yes,No,No,0,4,2,94.8,129.9,No
CUST-13754,Male,0,40,20,40.28,800.6,DSL,One year,Electronic check,No,No,No,No,Yes,No,No,0,4,3,102.5,185.7,Yes
CUST-13755,Female,0,29,5,69.63,322.87,DSL,Month-to-month,Mailed check,No,Yes,No,Yes,Yes,No,Yes,0,3,2,175.0,288.3,Yes
CUST-13756,Male,0,57,18,103.73,1872.43,Fiber optic,Month-to-month,Electronic check,Yes,No,Yes,Yes,No,No phone service,Yes,0,4,0,105.5,120.3,No
CUST-13757,Male,0,20,40,97.33,3910.0,DSL,Month-to-month,Mailed check,Yes,Yes,Yes,Yes,Yes,Yes,No,0,3,4,48.2,94.3,No
CUST-13758,Female,1,73,1,91.13,91.13,Fiber optic,Month-to-month,Mailed check,No,No,No,Yes,Yes,Yes,Yes,0,4,0,58.8,49.0,Yes
CUST-13759,Male,1,76,19,52.94,1000.67,DSL,Month-to-month,Credit card (automatic),No,No,Yes,No,Yes,No,No,0,4,1,106.4,141.8,No
CUST-13760,Male,0,41,26,86.48,2237.17,Fiber optic,Month-to-month,Credit card (automatic),No,No,Yes,No,Yes,No,No,0,3,1,81.7,174.3,No
CUST-13761,Male,0,46,29,76.55,2243.46,DSL,Month-to-month,Bank transfer (automatic),Yes,No,Yes,Yes,Yes,No,No,0,4,2,72.6,152.7,No
CUST-13762,Female,0,64,59,93.22,5485.74,Fiber optic,Month-to-month,Electronic check,Yes,No,Yes,No,Yes,No,Yes,1,3,1,133.4,322.1,No
CUST-13763,Male,1,80,63,73.56,4660.94,Fiber optic,Two year,Mailed check,No,No,No,No,Yes,No,Yes,0,3,2,62.3,112.0,No
CUST-13764,Female,0,51,62,55.32,3449.54,DSL,Month-to-month,Credit card (automatic),No,No,No,Yes,Yes,No,No,0,3,1,90.3,145.8,Yes
CUST-13765,Male,0,37,48,80.28,3829.45,DSL,Month-to-month,Electronic check,Yes,No,Yes,Yes,Yes,No,No,0,2,3,209.1,404.3,No
CUST-13766,Male,0,35,62,24.89,1542.02,No,One year,Mailed check,No internet service,No internet service,No internet service,No internet service,Yes,No,No,0,4,1,190.5,426.0,No
CUST-13767,Female,1,68,18,31.52,576.3,No,One year,Electronic check,No internet service,No internet service,No internet service,No internet service,Yes,Yes,No,1,2,1,186.2,338.8,Yes
CUST-13768,Male,0,35,66,47.79,3159.72,DSL,Month-to-month,Electronic check,No,No,No,No,Yes,No,No,1,3,0,33.4,69.0,No
CUST-13769,Male,1,68,27,68.39,1857.28,DSL,One year,Electronic check,No,No,Yes,Yes,Yes,No,Yes,0,4,4,67.3,89.7,No
CUST-13770,Female,0,18,6,109.51,652.64,Fiber optic,Month-to-month,Credit card (automatic),Yes,Yes,Yes,No,Yes,Yes,No,1,3,0,67.6,91.7,Yes
CUST-13771,Female,0,37,70,89.86,6314.48,Fiber optic,Month-to-month,Electronic check,No,No,No,Yes,Yes,Yes,No,0,4,2,50.3,46.3,No
CUST-13772,Female,0,51,59,93.9,5526.32,Fiber optic,Two year,Electronic check,No,Yes,No,Yes,Yes,No,No,0,3,1,237.7,299.0,No
CUST-13773,Female,0,58,6,18.25,85.15,No,Two year,Credit card (automatic),No internet service,No internet service,No internet service,No internet service,Yes,No,No,1,3,1,62.8,102.7,No
CUST-13774,Female,0,58,31,105.61,3302.59,Fiber optic,One year,Mailed check,Yes,Yes,No,Yes,Yes,No,Yes,1,3,1,60.9,117.5,Yes
CUST-13775,Male,0,28,56,72.18,4051.2,DSL,One year,Bank transfer (automatic),No,No,Yes,Yes,Yes,Yes,No,0,4,0,104.4,180.7,No
CUST-13776,Female,1,78,54,86.7,4691.35,Fiber optic,Two year,Electronic check,No,No,No,Yes,Yes,Yes,Yes,1,3,1,74.3,150.3,Yes
CUST-13777,Male,0,40,41,111.82,4603.67,Fiber optic,Two year,Mailed check,No,Yes,Yes,Yes,Yes,Yes,No,1,3,0,88.9,139.7,No
CUST-13778,Male,0,55,18,77.52,1390.65,Fiber optic,Month-to-month,Electronic check,No,Yes,No,No,Yes,No,Yes,0,3,3,101.3,169.4,Yes
CUST-13779,Male,0,61,23,65.66,1503.35,DSL,One year,Mailed check,Yes,No,No,Yes,Yes,No,No,0,4,2,85.1,135.7,No
CUST-13780,Female,1,71,36,68.33,2486.83,Fiber optic,Month-to-month,Mailed check,No,No,No,No,Yes,No,No,0,3,2,98.4,179.4,No
CUST-13781,Female,0,29,25,52.69,1310.46,DSL,Month-to-month,Mailed check,No,Yes,No,No,No,No phone service,No,1,2,0,123.7,170.3,Yes
CUST-13782,Male,1,77,7,51.8,337.31,DSL,Month-to-month,Mailed check,No,No,No,No,Yes,Yes,Yes,0,4,1,95.1,175.2,Yes
CUST-13783,Female,1,70,20,75.05,1489.47,DSL,One year,Bank transfer (automatic),Yes,No,Yes,No,Yes,Yes,No,0,3,2,108.3,161.5,No
CUST-13784,Female,0,40,5,64.76,346.21,DSL,Two year,Mailed check,No,No,Yes,No,Yes,Yes,No,1,2,2,139.3,253.3,Yes
CUST-13785,Female,0,18,18,72.12,1273.86,DSL,Two year,Bank transfer (automatic),No,No,Yes,Yes,Yes,No,No,0,3,2,92.0,127.2,Yes
CUST-13786,Female,0,58,33,85.08,2820.64,DSL,Month-to-month,Electronic check,No,Yes,Yes,Yes,Yes,Yes,No,0,4,2,83.7,90.1,Yes
CUST-13787,Male,0,37,35,107.82,3759.68,Fiber optic,Month-to-month,Credit card (automatic),Yes,Yes,No,Yes,Yes,Yes,No,0,4,0,99.6,112.7,No
CUST-13788,Male,1,77,65,20.04,1317.35,No,Month-to-month,Mailed check,No internet service,No internet service,No internet service,No internet service,Yes,No,No,0,3,3,112.1,117.3,No
CUST-13789,Female,0,28,63,99.48,6268.11,Fiber optic,Month-to-month,Mailed check,Yes,No,Yes,Yes,Yes,No,Yes,0,3,2,55.8,59.7,No
CUST-13790,Male,0,52,72,86.12,6208.83,Fiber optic,Two year,Mailed check,No,No,Yes,No,Yes,Yes,No,1,2,2,90.6,167.9,No
CUST-13791,Female,0,21,71,85.03,6021.72,Fiber optic,Month-to-month,Credit card (automatic),No,No,No,Yes,No,No phone service,Yes,0,2,3,201.7,462.6,Yes
CUST-13792,Female,0,46,41,74.94,3052.63,DSL,One year,Credit card (automatic),No,Yes,Yes,No,Yes,Yes,No,1,3,1,28.4,65.3,Yes
CUST-13793,Male,1,76,50,89.67,4457.3,Fiber optic,Month-to-month,Electronic check,No,No,Yes,Yes,Yes,No,No,1,2,1,117.1,238.8,Yes
CUST-13794,Male,0,46,30,56.4,1711.53,DSL,Month-to-month,Bank transfer (automatic),No,No,Yes,No,Yes,No,Yes,1,3,3,43.5,75.0,Yes
CUST-13795,Male,0,55,38,65.98,2519.87,DSL,One year,Electronic check,No,Yes,No,Yes,Yes,No,No,0,3,3,193.6,307.2,No
CUST-13796,Female,0,18,35,72.46,2523.7,DSL,Month-to-month,Electronic check,No,Yes,No,Yes,Yes,Yes,No,1,3,2,215.4,218.8,Yes
CUST-13797,Male,0,57,66,68.72,4555.73,Fiber optic,Month-to-month,Credit card (automatic),No,No,No,No,Yes,No,No,1,3,0,110.1,125.3,No
CUST-13798,Female,0,25,46,63.88,2958.5,DSL,Month-to-month,Electronic check,Yes,No,No,Yes,Yes,No,Yes,1,3,0,64.1,153.8,Yes
CUST-13799,Male,0,55,8,79.49,614.19,Fiber optic,One year,Electronic check,No,Yes,No,No,Yes,No,Yes,0,3,0,45.1,60.7,Yes
CUST-13800,Male,0,34,68,111.09,7566.94,Fiber optic,Two year,Bank transfer (automatic),Yes,No,Yes,Yes,Yes,Yes,No,0,4,1,42.4,76.4,No
CUST-13801,Female,0,36,37,79.08,2913.5,Fiber optic,Two year,Credit card (automatic),No,No,No,No,Yes,Yes,No,0,4,1,61.1,113.0,No
CUST-13802,Female,0,50,13,81.42,1056.49,DSL,Two year,Electronic check,Yes,Yes,Yes,No,Yes,No,No,0,2,2,88.3,103.3,No
CUST-13803,Female,0,32,45,53.85,2419.06,DSL,Two year,Electronic check,No,No,No,Yes,Yes,No,No,0,4,1,119.8,250.5,No
CUST-13804,Female,0,62,29,68.17,1982.94,DSL,Two year,Electronic check,No,No,Yes,Yes,Yes,No,No,0,4,2,140.4,135.3,No
CUST-13805,Female,0,48,41,65.62,2681.25,DSL,One year,Electronic check,No,No,Yes,No,Yes,Yes,No,0,4,1,162.9,204.8,No
CUST-13806,Female,0,38,56,57.47,3192.72,DSL,Month-to-month,Electronic check,No,No,No,Yes,Yes,No,No,1,1,2,80.3,140.3,Yes
CUST-13807,Female,0,20,16,101.61,1636.12,Fiber optic,Month-to-month,Credit card (automatic),No,Yes,Yes,No,Yes,Yes,No,0,4,1,48.2,78.4,No
CUST-13808,Female,0,19,12,87.68,1079.79,Fiber optic,Two year,Electronic check,No,No,Yes,No,Yes,Yes,No,1,3,1,114.2,233.7,No
CUST-13809,Male,0,52,66,21.35,1419.17,No,Month-to-month,Bank transfer (automatic),No internet service,No internet service,No internet service,No internet service,Yes,No,Yes,0,4,2,105.3,255.8,No
CUST-13810,Female,1,76,62,72.01,4467.0,DSL,Month-to-month,Credit card (automatic),Yes,No,Yes,No,Yes,Yes,No,0,3,1,141.8,173.0,No
CUST-13811,Female,0,33,19,61.25,1143.57,DSL,Two year,Bank transfer (automatic),No,No,Yes,No,Yes,Yes,No,0,4,3,109.8,94.4,Yes
CUST-13812,Male,0,62,30,48.32,1457.11,DSL,Month-to-month,Electronic check,No,No,No,No,Yes,No,No,0,4,0,228.7,311.3,No
CUST-13813,Female,0,38,16,74.74,1202.51,DSL,Two year,Bank transfer (automatic),No,Yes,No,Yes,Yes,Yes,No,1,1,3,90.4,198.9,Yes
CUST-13814,Male,0,29,13,55.97,734.74,DSL,One year,Credit card (automatic),No,No,Yes,No,Yes,No,No,0,4,0,74.6,153.2,No
CUST-13815,Male,0,45,69,74.29,5149.55,Fiber optic,Month-to-month,Electronic check,No,No,No,No,Yes,No,No,0,4,2,100.1,167.4,Yes
CUST-13816,Female,0,29,23,22.1,521.28,No,One year,Electronic check,No internet service,No internet service,No internet service,No internet service,Yes,No,No,1,3,2,175.8,275.6,No
CUST-13817,Male,0,50,62,81.77,5086.74,Fiber optic,Two year,Electronic check,No,Yes,No,No,Yes,No,No,0,3,1,105.6,152.7,No
CUST-13818,Female,0,37,31,78.94,2435.94,Fiber optic,Month-to-month,Mailed check,No,No,Yes,No,Yes,No,No,0,4,0,137.4,159.7,Yes
CUST-13819,Male,0,57,53,87.09,4601.99,Fiber optic,One year,Electronic check,No,No,No,Yes,Yes,Yes,No,0,4,0,153.0,211.1,No
CUST-13820,Male,0,38,17,68.83,1152.52,DSL,Two year,Bank transfer (automatic),No,No,Yes,Yes,Yes,No,Yes,0,4,1,86.9,98.0,No
CUST-13821,Male,0,56,49,58.52,2884.18,DSL,Month-to-month,Bank transfer (automatic),No,No,No,Yes,Yes,No,No,0,3,0,178.7,162.8,No
CUST-13822,Female,0,58,49,75.95,3733.47,DSL,Month-to-month,Mailed check,No,No,Yes,Yes,Yes,Yes,Yes,1,3,4,62.1,143.4,No
CUST-13823,Female,0,59,67,18.25,1213.28,No,Month-to-month,Bank transfer (automatic),No internet service,No internet service,No internet service,No internet service,Yes,No,No,0,4,0,118.5,143.9,No
CUST-13824,Male,1,66,26,101.83,2626.05,Fiber optic,Month-to-month,Electronic check,Yes,No,No,Yes,Yes,Yes,Yes,0,3,3,190.4,183.7,Yes
CUST-13825,Male,0,39,13,79.74,1057.42,DSL,Month-to-month,Bank transfer (automatic),No,No,Yes,Yes,Yes,Yes,Yes,0,4,1,270.8,447.2,No
CUST-13826,Female,0,43,38,57.44,2175.78,DSL,One year,Bank transfer (automatic),No,No,No,No,Yes,Yes,No,0,3,1,92.7,113.6,No
CUST-13827,Female,1,80,22,27.09,577.36,No,Month-to-month,Bank transfer (automatic),No internet service,No internet service,No internet service,No internet service,Yes,Yes,No,0,4,2,55.8,82.9,No
CUST-13828,Male,0,24,29,67.58,1938.48,Fiber optic,Two year,Electronic check,No,No,No,No,Yes,No,Yes,0,4,1,188.9,460.5,No
CUST-13829,Male,0,25,45,24.26,1116.88,No,Month-to-month,Bank transfer (automatic),No internet service,No internet service,No internet service,No internet service,Yes,No,Yes,0,4,0,132.2,147.8,No
CUST-13830,Female,0,43,46,96.15,4400.71,Fiber optic,Month-to-month,Mailed check,No,No,Yes,Yes,Yes,No,No,0,4,0,58.0,76.8,No
CUST-13831,Female,1,79,39,40.64,1576.54,DSL,One year,Mailed check,No,No,No,No,Yes,No,Yes,1,2,3,167.6,280.4,Yes
CUST-13832,Female,1,65,69,57.8,3996.13,DSL,Two year,Electronic check,No,No,Yes,No,Yes,No,No,0,4,1,213.1,324.6,No
CUST-13833,Female,0,57,68,18.25,1235.48,No,Month-to-month,Electronic check,No internet service,No internet service,No internet service,No internet service,Yes,No,No,0,4,1,317.8,307.6,No
CUST-13834,Female,0,29,39,89.27,3480.18,Fiber optic,Month-to-month,Mailed check,No,Yes,No,Yes,Yes,No,No,0,4,3,239.9,495.7,No
CUST-13835,Male,0,64,20,105.71,2132.36,Fiber optic,Two year,Mailed check,Yes,Yes,Yes,No,Yes,Yes,Yes,1,2,3,77.3,123.7,Yes
CUST-13836,Female,0,25,68,79.05,5405.35,Fiber optic,Month-to-month,Mailed check,No,No,Yes,No,Yes,No,Yes,0,3,0,123.6,153.3,No
CUST-13837,Male,0,26,35,78.9,2759.53,DSL,Month-to-month,Bank transfer (automatic),No,Yes,Yes,Yes,Yes,No,No,1,1,2,48.3,101.9,Yes
CUST-13838,Female,0,20,8,66.99,528.65,DSL,Month-to-month,Electronic check,No,No,Yes,Yes,Yes,No,No,1,2,1,124.3,180.2,Yes
CUST-13839,Male,0,38,52,18.25,943.41,No,One year,Electronic check,No internet service,No internet service,No internet service,No internet service,Yes,No,Yes,0,4,1,118.1,158.4,No
CUST-13840,Female,0,48,40,56.82,2264.95,DSL,Month-to-month,Mailed check,No,No,Yes,No,Yes,No,Yes,0,4,2,97.8,203.4,No
CUST-13841,Female,0,64,36,94.08,3385.31,Fiber optic,One year,Bank transfer (automatic),No,Yes,Yes,No,Yes,No,No,0,2,2,85.5,84.5,No
CUST-13842,Male,0,41,6,77.53,455.17,Fiber optic,One year,Mailed check,No,No,No,Yes,Yes,No,Yes,0,4,0,50.9,119.4,No
CUST-13843,Male,0,21,70,97.82,6845.16,Fiber optic,Two year,Credit card (automatic),No,No,Yes,Yes,Yes,No,Yes,0,4,1,144.2,126.9,No
CUST-13844,Female,1,73,16,66.53,1091.21,DSL,Month-to-month,Bank transfer (automatic),No,No,No,Yes,Yes,Yes,No,1,4,3,82.7,85.8,Yes
CUST-13845,Female,0,33,46,28.19,1283.91,No,Month-to-month,Electronic check,No internet service,No internet service,No internet service,No internet service,Yes,Yes,No,0,5,1,145.7,174.0,No
CUST-13846,Female,0,27,59,18.96,1127.75,No,Month-to-month,Mailed check,No internet service,No internet service,No internet service,No internet service,Yes,No,No,0,3,2,47.7,92.9,No
CUST-13847,Female,0,60,38,88.93,3378.56,Fiber optic,Month-to-month,Mailed check,No,No,No,Yes,Yes,Yes,No,1,2,2,61.0,120.0,Yes
CUST-13848,Female,0,43,18,88.36,1604.42,Fiber optic,One year,Mailed check,No,No,No,Yes,Yes,Yes,No,0,4,0,116.3,289.8,No
CUST-13849,Male,1,79,12,66.16,792.26,Fiber optic,One year,Credit card (automatic),No,No,No,No,Yes,No,Yes,0,4,1,143.2,247.7,No
CUST-13850,Male,0,22,54,58.79,3154.29,DSL,One year,Mailed check,Yes,No,No,No,Yes,Yes,No,0,4,1,47.0,103.8,No
CUST-13851,Female,0,28,47,18.25,880.1,No,Two year,Bank transfer (automatic),No internet service,No internet service,No internet service,No internet service,Yes,No,No,0,4,1,76.2,119.5,No
CUST-13852,Male,0,46,1,71.67,82.22,Fiber optic,Two year,Credit card (automatic),No,No,No,No,Yes,No,No,0,3,2,105.7,200.0,Yes
CUST-13853,Male,0,62,15,67.88,1019.75,Fiber optic,Month-to-month,Electronic check,No,No,No,No,Yes,No,No,0,3,2,64.2,58.0,No
CUST-13854,Male,0,32,21,60.12,1282.39,DSL,Two year,Electronic check,No,No,No,Yes,No,No phone service,Yes,0,4,3,226.0,496.6,No
CUST-13855,Female,0,23,1,65.8,94.37,DSL,Month-to-month,Electronic check,Yes,No,No,Yes,No,No phone service,No,0,4,1,110.8,211.3,No
CUST-13856,Male,0,32,67,95.31,6380.33,Fiber optic,One year,Electronic check,No,No,Yes,Yes,Yes,No,No,0,3,0,147.4,275.5,No
CUST-13857,Female,0,60,12,19.32,223.02,No,Month-to-month,Electronic check,No internet service,No internet service,No internet service,No internet service,Yes,No,Yes,0,3,3,134.2,157.6,No
CUST-13858,Male,0,37,28,103.98,2926.66,Fiber optic,Two year,Credit card (automatic),Yes,No,Yes,Yes,Yes,No,No,0,3,3,36.7,54.6,No
CUST-13859,Female,1,72,39,25.5,991.78,No,Month-to-month,Credit card (automatic),No internet service,No internet service,No internet service,No internet service,Yes,Yes,No,0,5,2,149.8,178.2,No
CUST-13860,Male,0,19,37,70.14,2570.33,Fiber optic,One year,Bank transfer (automatic),No,No,No,No,Yes,No,No,0,3,2,46.4,92.7,No
CUST-13861,Female,1,67,60,76.11,4557.86,Fiber optic,Two year,Bank transfer (automatic),Yes,No,No,No,Yes,No,No,0,4,3,268.8,669.9,No
CUST-13862,Female,0,33,31,108.87,3393.49,Fiber optic,One year,Electronic check,Yes,Yes,No,Yes,Yes,Yes,No,0,4,1,182.0,205.3,No
CUST-13863,Male,0,36,58,91.48,5318.24,Fiber optic,One year,Bank transfer (automatic),No,Yes,No,Yes,Yes,No,No,0,4,2,63.4,64.1,No
CUST-13864,Female,0,51,11,69.04,781.21,DSL,Month-to-month,Electronic check,No,Yes,Yes,No,No,No phone service,No,0,2,2,33.9,46.6,Yes
CUST-13865,Female,0,31,29,88.0,2530.8,DSL,Month-to-month,Mailed check,Yes,Yes,Yes,Yes,Yes,No,No,0,4,3,145.9,242.0,No
CUST-13866,Female,0,41,13,66.65,851.09,DSL,Two year,Electronic check,No,No,No,Yes,Yes,Yes,Yes,0,4,0,136.3,271.8,No
CUST-13867,Female,0,45,51,63.75,3234.13,DSL,One year,Bank transfer (automatic),Yes,No,Yes,No,Yes,No,No,1,2,1,100.4,165.0,Yes
CUST-13868,Female,0,49,54,83.25,4523.78,Fiber optic,One year,Electronic check,Yes,No,No,No,Yes,Yes,No,0,3,0,44.7,110.6,No
CUST-13869,Female,0,54,19,90.06,1691.28,Fiber optic,Month-to-month,Electronic check,No,No,Yes,No,Yes,Yes,No,1,3,2,70.8,145.8,No
CUST-13870,Female,0,27,58,19.74,1150.8,No,Month-to-month,Bank transfer (automatic),No internet service,No internet service,No internet service,No internet service,Yes,No,No,0,4,0,118.6,132.5,No
CUST-13871,Female,0,62,36,21.7,789.17,No,Month-to-month,Bank transfer (automatic),No internet service,No internet service,No internet service,No internet service,Yes,No,Yes,0,2,2,126.0,163.7,No
CUST-13872,Male,0,26,28,76.14,2139.05,Fiber optic,Month-to-month,Electronic check,No,No,No,No,Yes,Yes,No,1,2,2,240.5,520.7,Yes
CUST-13873,Male,0,41,68,77.3,5267.9,Fiber optic,Month-to-month,Electronic check,No,No,Yes,No,Yes,No,No,0,4,3,100.3,230.0,Yes
CUST-13874,Female,0,53,3,77.24,230.76,DSL,Month-to-month,Credit card (automatic),Yes,No,Yes,No,Yes,Yes,No,0,4,1,141.7,241.3,No
CUST-13875,Female,0,46,41,86.42,3518.24,Fiber optic,Month-to-month,Electronic check,No,No,Yes,No,No,No phone service,Yes,0,3,3,56.4,88.3,Yes
CUST-13876,Male,0,46,35,63.94,2249.97,DSL,One year,Bank transfer (automatic),No,No,No,Yes,Yes,Yes,No,0,3,4,134.0,142.0,Yes
CUST-13877,Male,0,40,50,66.11,3292.37,DSL,Month-to-month,Electronic check,No,No,Yes,No,Yes,Yes,Yes,1,3,1,48.8,59.5,Yes
CUST-13878,Male,0,44,30,100.45,2988.05,Fiber optic,One year,Bank transfer (automatic),No,Yes,No,Yes,Yes,Yes,No,0,4,2,173.8,347.0,No
CUST-13879,Female,0,48,72,90.66,6507.71,Fiber optic,Two year,Bank transfer (automatic),No,No,Yes,No,Yes,Yes,No,1,3,1,82.7,73.1,No
CUST-13880,Male,0,60,70,72.67,5074.13,DSL,Month-to-month,Credit card (automatic),No,No,Yes,Yes,Yes,No,Yes,0,3,2,85.5,156.4,Yes
CUST-13881,Female,0,24,54,114.36,6171.39,Fiber optic,Two year,Mailed check,Yes,No,Yes,Yes,Yes,Yes,Yes,0,3,1,30.3,35.9,No
CUST-13882,Female,0,62,71,118.75,8452.93,Fiber optic,Two year,Electronic check,Yes,Yes,Yes,Yes,Yes,Yes,Yes,1,3,2,86.3,101.6,Yes
CUST-13883,Male,0,21,51,84.9,4332.09,DSL,Month-to-month,Credit card (automatic),Yes,Yes,Yes,Yes,Yes,No,Yes,1,3,1,184.9,280.3,No
CUST-13884,Female,0,31,28,49.47,1383.48,DSL,Month-to-month,Mailed check,No,No,No,No,Yes,Yes,Yes,0,3,2,53.3,83.6,Yes
CUST-13885,Female,0,59,64,71.63,4565.8,Fiber optic,Month-to-month,Credit card (automatic),No,No,No,No,Yes,No,Yes,0,4,0,97.6,185.8,No
CUST-13886,Female,0,59,21,28.4,623.96,No,One year,Bank transfer (automatic),No internet service,No internet service,No internet service,No internet service,Yes,Yes,No,1,2,2,178.6,188.3,No
CUST-13887,Female,1,72,27,77.74,2123.49,DSL,Month-to-month,Mailed check,Yes,No,No,Yes,Yes,Yes,No,0,3,2,63.4,87.8,No
CUST-13888,Male,0,61,27,89.93,2447.07,Fiber optic,Month-to-month,Credit card (automatic),No,No,Yes,Yes,Yes,No,No,1,3,0,205.7,221.0,Yes
CUST-13889,Male,0,51,50,90.66,4522.39,Fiber optic,One year,Mailed check,No,No,Yes,No,Yes,Yes,No,0,4,1,90.2,153.5,No
CUST-13890,Female,0,43,29,56.86,1652.64,DSL,Month-to-month,Bank transfer (automatic),No,No,Yes,No,No,No phone service,No,0,4,1,81.8,92.2,No
CUST-13891,Female,0,40,39,93.55,3641.78,Fiber optic,Two year,Bank transfer (automatic),No,No,No,Yes,Yes,Yes,No,1,3,2,42.3,97.1,No
CUST-13892,Male,0,26,57,73.87,4204.76,DSL,Month-to-month,Mailed check,No,No,Yes,Yes,Yes,Yes,No,0,3,2,149.1,133.6,No
CUST-13893,Female,0,54,37,55.49,2027.46,DSL,Two year,Bank transfer (automatic),No,No,No,Yes,Yes,No,Yes,0,5,2,132.2,233.2,No
CUST-13894,Male,1,69,64,63.5,4042.4,DSL,Month-to-month,Credit card (automatic),Yes,No,No,Yes,Yes,No,Yes,0,4,0,168.9,338.2,No
CUST-13895,Female,0,31,48,56.52,2740.63,DSL,Month-to-month,Bank transfer (automatic),No,No,Yes,No,Yes,No,Yes,0,4,0,127.8,297.1,No
CUST-13896,Female,0,24,22,60.81,1344.43,DSL,Month-to-month,Mailed check,No,No,Yes,No,Yes,No,No,0,4,2,24.5,29.8,Yes
CUST-13897,Male,1,67,30,95.7,2841.38,Fiber optic,Two year,Bank transfer (automatic),No,No,Yes,Yes,Yes,No,No,1,2,1,93.8,183.1,Yes
CUST-13898,Male,1,71,28,102.44,2886.87,Fiber optic,Month-to-month,Electronic check,No,Yes,No,Yes,Yes,Yes,No,0,5,1,129.4,259.6,No
CUST-13899,Male,0,20,23,52.93,1192.61,DSL,One year,Electronic check,No,No,Yes,No,Yes,No,Yes,0,3,2,74.5,132.4,Yes
CUST-13900,Male,1,66,4,68.52,286.57,DSL,Two year,Electronic check,No,No,Yes,Yes,Yes,No,No,1,3,0,79.8,179.3,Yes
CUST-13901,Female,0,34,3,60.39,188.42,DSL,One year,Mailed check,No,No,Yes,No,Yes,No,Yes,0,4,0,142.0,224.0,Yes
CUST-13902,Male,1,75,61,83.37,5059.35,Fiber optic,Month-to-month,Credit card (automatic),Yes,No,No,No,No,No phone service,Yes,0,3,1,94.8,191.0,Yes
CUST-13903,Female,0,39,4,32.88,133.38,No,Two year,Bank transfer (automatic),No internet service,No internet service,No internet service,No internet service,Yes,Yes,No,1,3,2,84.3,93.8,No
CUST-13904,Male,0,63,65,104.26,6749.75,Fiber optic,Two year,Credit card (automatic),Yes,No,Yes,Yes,Yes,No,Yes,0,4,3,26.3,64.4,No
CUST-13905,Male,0,43,12,77.02,898.1,Fiber optic,Month-to-month,Electronic check,No,No,No,Yes,No,No phone service,No,0,5,1,43.0,79.4,No
CUST-13906,Female,0,45,13,93.99,1194.94,Fiber optic,One year,Bank transfer (automatic),No,No,No,Yes,Yes,Yes,No,1,3,2,164.1,336.3,Yes
CUST-13907,Male,0,62,34,118.56,4016.37,Fiber optic,Two year,Electronic check,Yes,Yes,Yes,Yes,Yes,No,No,0,4,0,105.1,137.8,No
CUST-13908,Male,0,31,59,79.28,4695.63,DSL,Two year,Electronic check,Yes,No,Yes,No,Yes,Yes,Yes,0,2,2,127.8,194.6,No
CUST-13909,Male,0,26,31,106.72,3300.07,Fiber optic,Month-to-month,Credit card (automatic),Yes,No,Yes,Yes,Yes,No,No,0,3,1,134.2,147.7,No
CUST-13910,Male,0,43,71,87.12,6193.89,Fiber optic,Two year,Electronic check,No,No,No,Yes,Yes,Yes,No,1,3,1,23.8,57.5,No
CUST-13911,Female,0,19,13,78.39,996.56,Fiber optic,Month-to-month,Electronic check,No,No,No,Yes,No,No phone service,No,0,4,0,63.2,147.9,No
CUST-13912,Female,0,28,54,59.01,3212.51,DSL,Month-to-month,Electronic check,No,No,Yes,No,No,No phone service,No,0,4,2,163.7,173.1,No
CUST-13913,Male,0,34,2,18.25,36.75,No,Month-to-month,Bank transfer (automatic),No internet service,No internet service,No internet service,No internet service,Yes,No,Yes,0,4,0,85.6,104.2,No
CUST-13914,Male,0,51,33,81.53,2661.97,DSL,Month-to-month,Bank transfer (automatic),No,No,Yes,Yes,Yes,Yes,No,1,2,0,19.5,33.2,Yes
CUST-13915,Male,1,71,50,69.46,3475.24,Fiber optic,One year,Electronic check,No,No,No,No,Yes,No,Yes,1,2,1,23.0,23.1,Yes
CUST-13916,Female,0,56,7,52.31,347.24,DSL,Month-to-month,Electronic check,No,No,No,Yes,Yes,No,No,0,3,2,31.7,56.9,Yes
CUST-13917,Female,0,35,18,96.51,1718.93,Fiber optic,Month-to-month,Electronic check,Yes,No,Yes,No,Yes,Yes,No,1,3,1,54.7,68.5,Yes
CUST-13918,Female,0,30,51,79.9,4080.92,Fiber optic,Month-to-month,Electronic check,No,No,No,Yes,Yes,No,Yes,0,4,1,143.3,270.8,No
CUST-13919,Female,0,22,8,30.04,223.9,No,Month-to-month,Credit card (automatic),No internet service,No internet service,No internet service,No internet service,Yes,Yes,No,0,4,0,242.7,226.6,Yes
CUST-13920,Male,0,40,55,59.37,3248.19,DSL,Two year,Credit card (automatic),No,No,No,Yes,Yes,No,No,0,3,2,122.9,132.4,No
CUST-13921,Male,0,41,43,89.13,3835.05,Fiber optic,Two year,Credit card (automatic),Yes,No,No,Yes,Yes,No,No,0,4,6,13.7,23.2,No
CUST-13922,Male,0,46,59,111.49,6562.04,Fiber optic,Month-to-month,Credit card (automatic),Yes,Yes,No,Yes,Yes,Yes,No,0,3,4,113.0,223.9,Yes
CUST-13923,Female,0,64,30,89.32,2656.23,Fiber optic,Two year,Credit card (automatic),No,No,Yes,Yes,Yes,No,No,0,4,0,41.3,74.0,No
CUST-13924,Male,0,25,59,86.03,5070.27,Fiber optic,Month-to-month,Credit card (automatic),No,No,No,Yes,Yes,Yes,No,0,2,2,135.5,180.5,Yes
CUST-13925,Female,0,43,9,65.35,561.27,DSL,One year,Credit card (automatic),No,No,Yes,No,Yes,Yes,No,1,3,2,160.2,286.7,Yes
CUST-13926,Female,1,71,68,102.04,6963.04,Fiber optic,Two year,Credit card (automatic),No,Yes,Yes,No,Yes,Yes,No,0,4,2,102.8,130.2,No
CUST-13927,Male,0,18,39,32.14,1250.55,No,Month-to-month,Mailed check,No internet service,No internet service,No internet service,No internet service,Yes,Yes,No,0,4,0,199.4,484.6,No
CUST-13928,Male,0,45,11,78.38,832.97,DSL,One year,Electronic check,Yes,No,Yes,Yes,No,No phone service,Yes,1,3,1,79.0,84.8,Yes
CUST-13929,Male,0,64,2,18.25,19.98,No,Month-to-month,Bank transfer (automatic),No internet service,No internet service,No internet service,No internet service,Yes,No,No,1,3,1,293.8,539.9,No
CUST-13930,Female,0,63,23,71.29,1667.14,DSL,Month-to-month,Bank transfer (automatic),No,Yes,No,Yes,No,No phone service,No,0,3,3,75.8,119.9,Yes
CUST-13931,Female,0,31,63,76.37,4811.09,DSL,One year,Bank transfer (automatic),No,No,Yes,Yes,Yes,Yes,No,0,3,1,75.4,104.5,No
CUST-13932,Male,0,59,22,66.97,1464.87,DSL,Two year,Bank transfer (automatic),No,Yes,Yes,No,Yes,No,No,0,4,1,206.1,338.3,No
CUST-13933,Male,1,70,61,93.54,5694.85,Fiber optic,Month-to-month,Bank transfer (automatic),No,No,No,Yes,Yes,Yes,Yes,0,4,2,73.7,73.9,No
CUST-13934,Female,0,48,26,67.86,1759.38,DSL,Two year,Electronic check,No,Yes,Yes,No,Yes,No,No,0,4,3,138.8,212.4,No
CUST-13935,Male,0,23,12,68.01,798.83,Fiber optic,Two year,Electronic check,No,No,No,No,No,No phone service,No,0,3,2,68.0,158.3,No
CUST-13936,Female,0,22,32,90.41,2908.07,Fiber optic,Month-to-month,Credit card (automatic),No,No,No,Yes,Yes,Yes,No,0,3,2,30.8,32.6,No
CUST-13937,Female,0,48,9,113.25,1019.75,Fiber optic,Month-to-month,Bank transfer (automatic),Yes,No,Yes,Yes,Yes,Yes,No,0,3,1,52.8,92.6,Yes
CUST-13938,Male,0,54,69,70.9,4907.19,DSL,One year,Electronic check,Yes,No,No,Yes,Yes,No,Yes,1,3,2,35.0,74.5,No
CUST-13939,Male,0,32,71,18.25,1281.01,No,Month-to-month,Credit card (automatic),No internet service,No internet service,No internet service,No internet service,Yes,No,No,0,3,2,101.5,222.6,No
CUST-13940,Male,0,32,33,82.59,2695.56,Fiber optic,Month-to-month,Electronic check,No,No,Yes,No,No,No phone service,No,0,4,0,168.1,183.9,No
CUST-13941,Male,0,60,24,73.2,1784.77,DSL,Two year,Mailed check,No,No,Yes,Yes,Yes,No,Yes,0,5,2,54.4,111.9,No
CUST-13942,Female,0,22,69,18.25,1259.97,No,One year,Electronic check,No internet service,No internet service,No internet service,No internet service,Yes,No,Yes,0,3,2,229.4,480.7,Yes
CUST-13943,Female,0,45,38,98.95,3734.88,Fiber optic,Month-to-month,Credit card (automatic),No,No,Yes,Yes,Yes,Yes,Yes,1,3,0,37.7,65.2,Yes
CUST-13944,Female,0,50,11,86.46,927.29,Fiber optic,One year,Bank transfer (automatic),No,Yes,No,No,Yes,Yes,No,0,3,3,42.0,63.8,Yes
CUST-13945,Male,0,28,32,81.78,2613.04,Fiber optic,Month-to-month,Mailed check,Yes,No,No,No,Yes,No,No,0,4,1,81.5,73.7,No
CUST-13946,Female,0,60,64,23.42,1510.6,No,Month-to-month,Credit card (automatic),No internet service,No internet service,No internet service,No internet service,Yes,No,Yes,0,3,1,77.7,63.3,No
CUST-13947,Male,0,23,72,86.99,6257.08,Fiber optic,Two year,Credit card (automatic),No,No,Yes,No,Yes,Yes,No,0,3,1,38.5,68.9,No
CUST-13948,Male,0,40,20,101.47,2048.61,Fiber optic,Two year,Bank transfer (automatic),No,Yes,Yes,Yes,Yes,No,Yes,0,3,2,193.4,273.5,Yes
CUST-13949,Male,0,57,34,72.23,2445.56,DSL,Month-to-month,Credit card (automatic),No,No,Yes,Yes,Yes,No,No,1,2,1,63.4,80.9,Yes
CUST-13950,Male,0,19,42,18.25,739.24,No,Month-to-month,Bank transfer (automatic),No internet service,No internet service,No internet service,No internet service,Yes,No,No,1,3,1,85.0,84.5,Yes
CUST-13951,Male,0,32,8,25.61,175.38,No,One year,Bank transfer (automatic),No internet service,No internet service,No internet service,No internet service,Yes,Yes,No,0,4,1,71.4,170.3,No
CUST-13952,Male,0,40,66,72.33,4795.35,Fiber optic,Month-to-month,Mailed check,No,No,No,No,Yes,No,Yes,0,4,0,122.8,136.3,No
CUST-13953,Female,0,39,21,24.66,546.93,No,Month-to-month,Electronic check,No internet service,No internet service,No internet service,No internet service,Yes,Yes,No,0,4,0,125.1,240.8,No
CUST-13954,Male,0,26,70,115.28,8047.57,Fiber optic,Month-to-month,Electronic check,Yes,No,Yes,Yes,Yes,Yes,Yes,0,3,3,101.3,87.7,No
CUST-13955,Female,0,64,5,93.91,443.27,Fiber optic,One year,Credit card (automatic),No,No,Yes,Yes,No,No phone service,No,0,4,1,190.7,365.8,No
CUST-13956,Female,0,57,67,19.48,1330.02,No,Month-to-month,Electronic check,No internet service,No internet service,No internet service,No internet service,Yes,No,Yes,0,4,1,57.0,108.9,No
CUST-13957,Male,1,77,43,85.35,3646.1,DSL,Month-to-month,Mailed check,Yes,Yes,Yes,Yes,No,No phone service,No,0,4,1,119.2,279.0,No
CUST-13958,Male,0,33,16,93.8,1484.5,Fiber optic,Month-to-month,Electronic check,Yes,No,Yes,No,Yes,No,No,0,4,1,47.1,85.1,No
CUST-13959,Male,0,63,35,58.84,2077.5,DSL,Month-to-month,Mailed check,Yes,No,No,No,Yes,No,No,0,2,4,75.1,63.3,Yes
CUST-13960,Female,1,68,43,66.92,2907.44,DSL,Month-to-month,Electronic check,No,No,No,Yes,Yes,Yes,No,0,3,1,37.0,89.9,No
CUST-13961,Male,0,47,39,18.25,710.91,No,Month-to-month,Credit card (automatic),No internet service,No internet service,No internet service,No internet service,Yes,No,No,0,3,2,17.7,17.1,Yes
CUST-13962,Female,0,62,10,29.99,282.55,No,Month-to-month,Credit card (automatic),No internet service,No internet service,No internet service,No internet service,Yes,Yes,Yes,0,4,2,65.3,78.8,Yes
CUST-13963,Male,0,26,20,55.1,1122.86,DSL,Two year,Credit card (automatic),Yes,No,No,No,Yes,No,No,1,2,1,45.2,93.3,No
CUST-13964,Male,0,18,1,31.54,31.54,No,Month-to-month,Bank transfer (automatic),No internet service,No internet service,No internet service,No internet service,Yes,Yes,No,1,2,1,75.0,149.6,Yes
CUST-13965,Female,1,75,6,86.6,505.96,DSL,Month-to-month,Credit card (automatic),Yes,No,Yes,Yes,Yes,Yes,No,1,2,3,137.8,279.3,Yes
CUST-13966,Female,0,25,53,74.37,3941.03,DSL,Two year,Mailed check,No,No,Yes,Yes,Yes,Yes,No,0,4,1,134.1,202.9,No
CUST-13967,Male,0,35,46,61.01,2827.81,DSL,One year,Mailed check,No,No,Yes,No,Yes,Yes,No,0,4,1,92.8,134.4,No
CUST-13968,Female,0,44,66,89.81,5911.44,Fiber optic,One year,Electronic check,Yes,No,Yes,No,No,No phone service,No,1,3,2,66.8,120.3,No
CUST-13969,Female,0,35,38,70.64,2679.75,Fiber optic,Month-to-month,Credit card (automatic),No,No,No,No,Yes,No,No,0,4,0,154.1,194.7,No
CUST-13970,Female,0,49,33,76.7,2527.75,Fiber optic,Month-to-month,Electronic check,Yes,No,No,No,Yes,No,Yes,0,4,2,99.8,113.4,No
CUST-13971,Female,0,49,67,60.4,4066.77,DSL,One year,Bank transfer (automatic),No,No,No,Yes,Yes,Yes,No,0,4,0,62.1,66.5,No
CUST-13972,Female,0,62,35,91.49,3212.71,Fiber optic,One year,Credit card (automatic),Yes,No,No,Yes,Yes,No,Yes,0,4,0,106.6,155.1,No
CUST-13973,Male,0,53,45,80.47,3637.98,Fiber optic,Month-to-month,Bank transfer (automatic),No,No,No,Yes,Yes,No,No,1,2,1,88.4,205.6,Yes
CUST-13974,Male,0,53,22,81.2,1798.0,Fiber optic,Month-to-month,Electronic check,No,No,Yes,No,Yes,No,Yes,0,4,1,39.6,93.9,Yes
CUST-13975,Female,0,38,68,99.54,6774.28,Fiber optic,Two year,Bank transfer (automatic),Yes,No,Yes,No,Yes,Yes,Yes,1,1,4,83.7,193.9,No
CUST-13976,Male,0,63,17,79.66,1332.16,DSL,Month-to-month,Bank transfer (automatic),Yes,Yes,Yes,No,Yes,No,Yes,0,3,0,140.3,160.9,No
CUST-13977,Male,0,49,5,94.61,493.03,Fiber optic,Month-to-month,Electronic check,No,No,No,Yes,Yes,Yes,No,0,5,1,34.1,61.7,Yes
CUST-13978,Female,0,48,57,101.62,5798.78,Fiber optic,Month-to-month,Bank transfer (automatic),No,Yes,Yes,Yes,Yes,No,Yes,0,4,2,88.3,168.3,No
CUST-13979,Male,1,75,40,71.42,2868.87,DSL,Two year,Credit card (automatic),Yes,No,No,Yes,No,No phone service,No,0,3,3,139.6,221.2,No
CUST-13980,Female,0,33,30,18.25,564.22,No,Two year,Credit card (automatic),No internet service,No internet service,No internet service,No internet service,Yes,No,Yes,0,3,1,99.1,175.4,No
CUST-13981,Female,0,63,42,114.55,4799.8,Fiber optic,One year,Mailed check,No,Yes,Yes,Yes,Yes,Yes,No,0,4,0,244.1,247.2,No
CUST-13982,Male,0,63,7,95.81,666.91,Fiber optic,Month-to-month,Electronic check,No,No,Yes,Yes,Yes,No,Yes,0,4,3,37.7,87.8,Yes
CUST-13983,Female,1,77,71,23.52,1672.4,No,Month-to-month,Mailed check,No internet service,No internet service,No internet service,No internet service,Yes,Yes,Yes,0,4,4,85.5,88.0,No
CUST-13984,Female,0,41,19,104.25,1971.32,Fiber optic,Month-to-month,Bank transfer (automatic),No,No,Yes,Yes,Yes,Yes,No,0,3,0,146.8,325.7,Yes
CUST-13985,Female,0,42,41,32.01,1297.92,No,One year,Credit card (automatic),No internet service,No internet service,No internet service,No internet service,Yes,Yes,No,1,4,0,70.6,62.7,No
CUST-13986,Female,0,63,34,86.3,2950.81,Fiber optic,One year,Credit card (automatic),No,No,No,Yes,Yes,No,No,0,4,2,74.0,109.8,No
CUST-13987,Female,1,68,22,93.85,2079.92,Fiber optic,Two year,Credit card (automatic),No,Yes,No,Yes,Yes,No,No,0,2,1,230.5,260.8,No
CUST-13988,Male,0,34,52,102.87,5369.15,Fiber optic,Month-to-month,Bank transfer (automatic),Yes,No,No,Yes,Yes,Yes,Yes,0,3,2,22.9,24.5,Yes
CUST-13989,Male,0,63,6,85.72,526.12,Fiber optic,One year,Bank transfer (automatic),No,No,No,Yes,Yes,Yes,Yes,0,3,0,133.4,259.6,Yes
CUST-13990,Female,1,73,25,24.61,603.95,No,Month-to-month,Electronic check,No internet service,No internet service,No internet service,No internet service,Yes,Yes,No,0,3,6,91.7,211.8,Yes
CUST-13991,Female,0,62,66,18.25,1194.12,No,Month-to-month,Mailed check,No internet service,No internet service,No internet service,No internet service,Yes,No,No,0,4,1,123.1,263.9,No
CUST-13992,Male,0,21,10,20.31,204.77,No,Month-to-month,Credit card (automatic),No internet service,No internet service,No internet service,No internet service,No,No phone service,No,0,4,0,200.8,260.0,No
CUST-13993,Female,0,28,26,18.86,510.5,No,Month-to-month,Bank transfer (automatic),No internet service,No internet service,No internet service,No internet service,No,No phone service,Yes,0,3,3,141.9,260.1,No
CUST-13994,Male,1,74,5,21.57,98.63,No,Two year,Mailed check,No internet service,No internet service,No internet service,No internet service,Yes,No,No,0,4,4,81.0,105.4,No
CUST-13995,Female,0,32,68,56.46,3855.24,DSL,Month-to-month,Electronic check,No,No,No,Yes,Yes,No,Yes,0,3,2,30.5,29.1,No
CUST-13996,Female,1,75,71,22.75,1603.59,No,Two year,Electronic check,No internet service,No internet service,No internet service,No internet service,Yes,No,No,0,4,1,109.2,109.0,No
CUST-13997,Female,0,41,50,104.14,5197.31,Fiber optic,Month-to-month,Mailed check,Yes,Yes,Yes,No,Yes,No,Yes,1,3,2,65.2,71.4,Yes
CUST-13998,Female,0,19,17,92.47,1587.13,Fiber optic,Month-to-month,Credit card (automatic),No,No,Yes,No,Yes,Yes,No,0,3,0,95.5,183.7,Yes
CUST-13999,Female,1,80,11,66.29,739.9,DSL,Month-to-month,Electronic check,No,Yes,No,No,Yes,Yes,No,0,4,2,213.4,219.3,Yes
CUST-14000,Female,0,51,53,23.34,1219.51,No,Month-to-month,Electronic check,No internet service,No internet service,No internet service,No internet service,No,No phone service,No,0,4,3,30.0,53.4,No
CUST-14001,Female,0,40,50,91.8,4609.62,DSL,Month-to-month,Bank transfer (automatic),Yes,Yes,Yes,Yes,Yes,No,Yes,0,4,3,91.9,73.7,No
CUST-14002,Male,0,48,8,18.25,163.08,No,Month-to-month,Electronic check,No internet service,No internet service,No internet service,No internet service,Yes,No,Yes,0,4,2,82.4,168.4,Yes
CUST-14003,Male,0,54,62,66.23,4124.11,DSL,Month-to-month,Electronic check,Yes,Yes,No,No,Yes,No,No,0,4,2,177.0,219.3,No
CUST-14004,Male,0,30,29,52.2,1512.02,DSL,Two year,Electronic check,No,No,No,Yes,No,No phone service,No,1,3,2,114.5,202.4,No
CUST-14005,Female,0,50,44,30.44,1329.08,No,One year,Mailed check,No internet service,No internet service,No internet service,No internet service,Yes,Yes,No,0,4,1,41.1,57.1,No
CUST-14006,Female,0,24,45,107.61,4863.44,Fiber optic,One year,Bank transfer (automatic),Yes,No,Yes,Yes,Yes,Yes,Yes,0,4,1,115.7,197.6,No
CUST-14007,Female,0,49,29,32.83,957.36,No,Month-to-month,Credit card (automatic),No internet service,No internet service,No internet service,No internet service,Yes,Yes,No,0,5,2,76.4,86.3,No
CUST-14008,Female,0,24,59,68.14,4046.12,DSL,Month-to-month,Mailed check,No,Yes,No,Yes,Yes,No,No,0,4,1,80.8,149.7,No
CUST-14009,Female,1,76,15,41.82,612.53,DSL,Month-to-month,Bank transfer (automatic),No,No,No,No,Yes,No,No,0,4,2,188.8,434.2,Yes
CUST-14010,Female,0,55,70,27.68,1966.14,No,Two year,Electronic check,No internet service,No internet service,No internet service,No internet service,Yes,Yes,No,1,3,0,128.2,228.7,No
CUST-14011,Female,0,61,44,83.27,3656.63,Fiber optic,Month-to-month,Bank transfer (automatic),Yes,No,No,No,Yes,No,Yes,0,4,3,57.8,89.7,No
CUST-14012,Male,0,30,36,88.8,3189.87,Fiber optic,Month-to-month,Bank transfer (automatic),No,Yes,No,Yes,Yes,No,Yes,1,2,4,39.2,62.9,Yes
CUST-14013,Female,0,41,57,63.37,3596.42,DSL,One year,Electronic check,No,Yes,No,No,Yes,Yes,No,1,3,2,203.1,302.1,No
CUST-14014,Male,0,45,64,105.04,6750.46,Fiber optic,Month-to-month,Bank transfer (automatic),Yes,Yes,Yes,No,Yes,Yes,Yes,1,2,0,37.1,44.5,No
CUST-14015,Male,0,49,38,57.88,2171.82,DSL,Two year,Electronic check,Yes,No,No,No,Yes,No,Yes,0,4,3,77.3,111.8,No
CUST-14016,Female,1,78,17,76.95,1306.55,Fiber optic,Month-to-month,Bank transfer (automatic),No,Yes,No,No,Yes,No,Yes,0,3,0,126.5,191.9,Yes
CUST-14017,Female,1,75,27,18.87,501.42,No,Month-to-month,Bank transfer (automatic),No internet service,No internet service,No internet service,No internet service,Yes,No,No,0,4,1,49.8,98.2,No
CUST-14018,Male,0,51,17,80.3,1344.66,Fiber optic,One year,Bank transfer (automatic),Yes,No,No,No,Yes,No,No,0,4,2,40.9,54.9,No
CUST-14019,Male,1,75,63,49.45,3128.14,DSL,Month-to-month,Credit card (automatic),No,No,No,No,Yes,Yes,No,0,4,1,106.7,153.7,No
CUST-14020,Female,0,55,11,32.27,378.87,No,Month-to-month,Credit card (automatic),No internet service,No internet service,No internet service,No internet service,Yes,Yes,No,0,4,2,52.9,98.3,No
CUST-14021,Female,0,18,64,19.69,1244.77,No,Month-to-month,Credit card (automatic),No internet service,No internet service,No internet service,No internet service,Yes,No,No,0,4,2,190.0,407.0,No
CUST-14022,Male,1,77,39,76.32,2976.34,DSL,One year,Credit card (automatic),No,Yes,Yes,Yes,Yes,No,Yes,0,3,1,53.0,118.2,No
CUST-14023,Female,0,59,2,89.35,183.39,DSL,Two year,Electronic check,Yes,No,Yes,Yes,Yes,Yes,No,0,3,3,224.4,407.7,No
CUST-14024,Female,0,48,66,115.94,7645.47,Fiber optic,One year,Mailed check,Yes,No,Yes,Yes,Yes,Yes,No,0,3,1,25.7,40.6,No
CUST-14025,Female,0,18,54,116.13,6296.31,Fiber optic,Two year,Electronic check,Yes,No,Yes,Yes,Yes,Yes,No,0,3,4,121.8,234.3,No
CUST-14026,Male,0,33,29,87.31,2529.68,Fiber optic,Month-to-month,Electronic check,Yes,No,No,No,Yes,Yes,Yes,0,5,1,96.3,82.1,Yes
CUST-14027,Male,0,56,45,63.59,2890.52,DSL,Month-to-month,Mailed check,No,No,No,Yes,Yes,Yes,Yes,0,3,3,78.2,137.1,No
CUST-14028,Male,0,32,31,96.29,2972.7,Fiber optic,Month-to-month,Credit card (automatic),Yes,No,Yes,No,Yes,No,No,0,5,3,82.4,109.0,Yes
CUST-14029,Female,1,70,49,72.53,3528.36,DSL,One year,Mailed check,Yes,Yes,No,Yes,No,No phone service,Yes,1,2,1,79.0,132.9,No
CUST-14030,Female,0,40,9,84.51,765.09,Fiber optic,Month-to-month,Bank transfer (automatic),No,No,Yes,No,Yes,No,No,0,3,2,202.8,262.3,Yes
CUST-14031,Male,0,58,27,61.78,1687.46,DSL,One year,Mailed check,No,No,Yes,No,Yes,Yes,Yes,0,4,2,125.2,138.7,No
CUST-14032,Male,0,51,56,54.66,3054.26,DSL,One year,Bank transfer (automatic),No,Yes,No,No,Yes,No,Yes,0,3,1,128.5,155.8,No
CUST-14033,Male,0,34,45,24.54,1085.41,No,Two year,Credit card (automatic),No internet service,No internet service,No internet service,No internet service,Yes,No,No,0,3,1,72.6,149.8,No
CUST-14034,Female,0,42,43,90.81,3919.12,Fiber optic,Month-to-month,Electronic check,No,No,No,Yes,Yes,Yes,No,1,2,3,123.7,177.9,Yes
CUST-14035,Male,0,59,22,70.23,1531.31,Fiber optic,Month-to-month,Credit card (automatic),No,No,No,No,Yes,No,No,0,3,3,31.7,64.4,Yes
CUST-14036,Male,1,74,33,73.62,2445.64,Fiber optic,Month-to-month,Electronic check,No,No,No,No,Yes,Yes,No,0,4,3,147.7,306.9,Yes
CUST-14037,Female,1,74,27,89.77,2409.53,Fiber optic,Month-to-month,Credit card (automatic),Yes,No,No,Yes,Yes,No,No,0,4,2,76.5,63.8,Yes
CUST-14038,Female,0,22,40,70.03,2804.64,DSL,Two year,Electronic check,Yes,No,No,Yes,Yes,Yes,No,0,3,2,57.0,136.6,No
CUST-14039,Female,1,78,26,81.75,2148.76,Fiber optic,Month-to-month,Mailed check,No,No,No,No,Yes,Yes,No,0,4,2,32.7,31.7,Yes
CUST-14040,Male,0,57,45,95.45,4277.53,Fiber optic,Two year,Credit card (automatic),No,No,Yes,Yes,Yes,No,No,0,5,1,95.3,152.6,No
CUST-14041,Female,0,47,45,24.18,1107.34,No,Two year,Bank transfer (automatic),No internet service,No internet service,No internet service,No internet service,Yes,Yes,Yes,0,4,0,19.5,47.1,No
CUST-14042,Female,0,22,26,63.63,1640.31,DSL,One year,Mailed check,No,No,Yes,No,Yes,Yes,Yes,0,3,3,33.6,35.9,No
CUST-14043,Male,0,29,70,115.11,8067.34,Fiber optic,Month-to-month,Bank transfer (automatic),No,Yes,Yes,Yes,Yes,Yes,No,1,3,1,42.8,48.2,Yes
CUST-14044,Female,0,24,67,88.4,5907.42,Fiber optic,Month-to-month,Electronic check,No,Yes,Yes,No,Yes,No,No,0,3,2,134.9,161.6,No
CUST-14045,Male,0,62,6,91.3,524.67,Fiber optic,Month-to-month,Electronic check,No,No,Yes,Yes,Yes,No,No,1,2,3,120.7,266.9,Yes
CUST-14046,Male,0,30,28,53.41,1505.32,DSL,Month-to-month,Electronic check,No,No,No,No,Yes,Yes,Yes,0,4,1,137.2,306.0,No
CUST-14047,Female,1,69,67,83.45,5596.84,DSL,Month-to-month,Electronic check,No,Yes,Yes,Yes,Yes,Yes,Yes,1,3,2,155.1,361.5,Yes
CUST-14048,Female,0,59,13,65.83,849.88,DSL,Month-to-month,Credit card (automatic),Yes,No,Yes,No,Yes,No,No,0,4,1,82.4,136.7,No
CUST-14049,Female,0,20,63,116.82,7331.86,Fiber optic,One year,Credit card (automatic),Yes,No,Yes,Yes,Yes,Yes,No,1,2,2,51.6,120.4,Yes
CUST-14050,Female,0,29,13,65.44,849.24,DSL,Month-to-month,Electronic check,Yes,Yes,No,No,Yes,No,No,0,4,1,125.8,158.2,No
CUST-14051,Female,0,18,1,92.02,92.02,Fiber optic,Month-to-month,Credit card (automatic),No,No,No,Yes,Yes,Yes,No,0,4,0,235.6,432.9,No
CUST-14052,Female,0,44,40,56.63,2256.77,DSL,Month-to-month,Electronic check,Yes,No,No,No,Yes,No,No,0,3,5,39.1,59.8,No
CUST-14053,Male,0,60,37,18.25,680.42,No,Two year,Electronic check,No internet service,No internet service,No internet service,No internet service,Yes,No,No,0,4,1,107.8,139.0,No
CUST-14054,Male,0,30,31,101.46,3171.62,Fiber optic,One year,Bank transfer (automatic),Yes,Yes,No,No,Yes,Yes,No,1,3,3,58.6,122.8,Yes
CUST-14055,Female,0,34,17,88.22,1500.42,Fiber optic,Month-to-month,Electronic check,Yes,No,Yes,No,Yes,No,Yes,0,3,5,78.1,160.1,Yes
CUST-14056,Male,0,25,9,24.22,199.67,No,One year,Electronic check,No internet service,No internet service,No internet service,No internet service,Yes,No,No,0,3,5,194.1,402.4,Yes
CUST-14057,Female,0,49,64,75.16,4837.01,Fiber optic,One year,Bank transfer (automatic),No,No,No,No,Yes,Yes,No,0,5,0,50.4,91.6,No
CUST-14058,Male,0,37,57,104.55,5930.9,Fiber optic,Two year,Credit card (automatic),Yes,No,Yes,No,Yes,Yes,No,1,2,1,81.3,111.6,No
CUST-14059,Male,0,34,13,81.98,1074.31,DSL,Month-to-month,Mailed check,Yes,No,Yes,Yes,No,No phone service,No,0,3,3,60.7,117.9,Yes
CUST-14060,Male,0,51,37,71.71,2639.01,DSL,Two year,Electronic check,Yes,No,No,Yes,Yes,Yes,Yes,0,3,1,112.5,128.5,No
CUST-14061,Female,0,52,14,24.6,359.85,No,Month-to-month,Mailed check,No internet service,No internet service,No internet service,No internet service,Yes,Yes,No,0,3,2,193.0,235.9,No
CUST-14062,Male,0,52,25,95.85,2386.12,Fiber optic,Two year,Bank transfer (automatic),Yes,No,Yes,No,Yes,Yes,No,1,3,0,41.0,99.5,No
CUST-14063,Female,0,55,57,101.47,5779.51,Fiber optic,Month-to-month,Bank transfer (automatic),No,Yes,Yes,Yes,Yes,No,No,0,3,4,101.8,175.6,Yes
CUST-14064,Male,0,59,71,71.59,5099.12,Fiber optic,Two year,Credit card (automatic),No,No,No,No,Yes,No,Yes,0,4,2,28.9,58.3,No
CUST-14065,Male,0,41,42,67.2,2846.27,DSL,Two year,Credit card (automatic),Yes,No,Yes,No,Yes,No,Yes,0,4,1,75.8,119.3,No
CUST-14066,Male,0,35,42,103.13,4312.41,Fiber optic,Month-to-month,Credit card (automatic),Yes,Yes,No,Yes,Yes,No,No,0,4,3,117.6,94.4,Yes
CUST-14067,Male,0,63,47,40.31,1882.35,DSL,Two year,Bank transfer (automatic),No,No,No,No,Yes,No,No,0,3,1,40.1,66.9,No
CUST-14068,Male,1,73,44,85.8,3745.46,Fiber optic,Month-to-month,Mailed check,Yes,Yes,No,No,Yes,No,No,1,2,0,170.2,292.3,Yes
CUST-14069,Female,1,77,41,95.92,3954.11,Fiber optic,Month-to-month,Bank transfer (automatic),No,No,Yes,Yes,Yes,No,No,0,4,1,50.1,48.3,Yes
CUST-14070,Female,0,40,3,81.48,271.27,Fiber optic,Month-to-month,Bank transfer (automatic),No,No,No,No,Yes,Yes,No,0,3,2,38.3,44.4,No
CUST-14071,Male,0,42,1,26.59,26.59,No,Two year,Electronic check,No internet service,No internet service,No internet service,No internet service,Yes,Yes,No,0,4,2,65.9,66.8,No
CUST-14072,Male,0,54,11,24.66,264.33,No,Month-to-month,Mailed check,No internet service,No internet service,No internet service,No internet service,Yes,Yes,No,0,4,3,52.3,120.3,No
CUST-14073,Male,1,69,7,18.25,123.49,No,One year,Electronic check,No internet service,No internet service,No internet service,No internet service,Yes,No,No,0,3,5,92.0,78.3,Yes
CUST-14074,Male,1,70,12,101.12,1208.03,Fiber optic,One year,Credit card (automatic),No,No,Yes,Yes,Yes,Yes,No,0,3,4,200.5,419.4,Yes
CUST-14075,Female,0,38,38,91.3,3462.97,Fiber optic,Two year,Electronic check,No,No,No,Yes,Yes,Yes,No,1,3,0,44.9,68.8,No
CUST-14076,Male,0,27,54,89.09,4809.41,Fiber optic,One year,Credit card (automatic),Yes,Yes,No,No,Yes,No,No,0,3,4,37.7,30.3,Yes
CUST-14077,Female,0,48,67,58.97,3930.22,DSL,Month-to-month,Mailed check,No,Yes,No,No,Yes,No,No,0,3,2,128.5,200.9,No
CUST-14078,Male,0,61,53,81.01,4266.99,Fiber optic,Month-to-month,Bank transfer (automatic),No,No,Yes,No,Yes,No,Yes,0,3,1,74.4,183.2,Yes
CUST-14079,Female,0,42,32,90.81,2919.33,Fiber optic,Month-to-month,Electronic check,No,No,Yes,Yes,Yes,No,No,1,3,0,197.3,308.8,No
CUST-14080,Male,0,37,45,85.48,3867.39,Fiber optic,One year,Bank transfer (automatic),Yes,No,No,No,Yes,Yes,Yes,1,2,2,37.2,47.0,Yes
CUST-14081,Male,1,75,51,76.65,3927.76,DSL,Month-to-month,Electronic check,Yes,Yes,Yes,No,Yes,No,No,0,4,3,68.1,161.0,No
CUST-14082,Female,0,32,37,82.82,3071.94,Fiber optic,Month-to-month,Mailed check,Yes,No,No,No,Yes,No,Yes,1,2,1,64.9,60.8,No
CUST-14083,Male,0,45,59,107.69,6381.84,Fiber optic,Two year,Electronic check,No,Yes,Yes,Yes,Yes,No,Yes,0,3,3,17.4,36.3,Yes
CUST-14084,Male,1,75,54,78.85,4227.99,Fiber optic,Month-to-month,Mailed check,No,No,Yes,No,Yes,No,No,0,2,3,60.0,73.2,Yes
CUST-14085,Male,1,77,18,85.03,1519.71,Fiber optic,One year,Credit card (automatic),No,No,No,Yes,Yes,Yes,No,1,3,1,90.2,180.7,Yes
CUST-14086,Female,0,19,1,66.69,66.69,DSL,Month-to-month,Bank transfer (automatic),Yes,No,No,No,Yes,Yes,No,0,3,1,61.0,63.2,No
CUST-14087,Male,0,51,21,54.28,1130.86,DSL,Month-to-month,Electronic check,No,No,No,Yes,Yes,No,No,0,4,2,53.9,47.5,Yes
CUST-14088,Male,0,52,28,103.22,2908.16,Fiber optic,Month-to-month,Mailed check,Yes,No,No,Yes,Yes,Yes,No,0,4,1,157.9,309.0,No
CUST-14089,Female,0,54,16,87.51,1391.25,DSL,Month-to-month,Credit card (automatic),Yes,No,Yes,Yes,Yes,Yes,No,0,4,1,73.2,105.5,Yes
CUST-14090,Female,1,69,48,79.04,3795.55,Fiber optic,Two year,Bank transfer (automatic),Yes,No,No,No,Yes,No,No,0,4,1,82.5,204.8,No
CUST-14091,Female,1,67,28,98.47,2764.0,Fiber optic,Month-to-month,Electronic check,No,No,Yes,Yes,Yes,Yes,No,0,4,1,307.6,539.7,Yes
CUST-14092,Male,0,29,22,68.72,1532.56,DSL,Month-to-month,Electronic check,Yes,No,Yes,No,Yes,No,Yes,0,4,2,55.1,49.2,Yes
CUST-14093,Male,0,26,1,23.18,30.13,No,One year,Mailed check,No internet service,No internet service,No internet service,No internet service,No,No phone service,No,1,2,1,139.2,144.8,No
CUST-14094,Male,0,48,42,64.61,2706.5,DSL,One year,Electronic check,No,No,No,Yes,Yes,Yes,No,0,4,1,158.1,368.0,No
CUST-14095,Female,1,76,70,89.46,6273.88,Fiber optic,One year,Bank transfer (automatic),No,No,No,Yes,Yes,Yes,No,0,4,1,27.4,25.2,No
CUST-14096,Male,0,46,3,81.55,245.58,DSL,Two year,Bank transfer (automatic),No,Yes,Yes,Yes,Yes,No,Yes,1,2,3,105.8,181.6,Yes
CUST-14097,Male,0,60,44,90.0,3961.7,Fiber optic,One year,Electronic check,No,No,No,Yes,Yes,Yes,No,0,4,0,162.9,135.1,No
CUST-14098,Female,0,55,27,71.86,1930.33,DSL,Month-to-month,Mailed check,No,No,Yes,Yes,Yes,No,No,0,3,1,81.4,164.5,Yes
CUST-14099,Female,0,59,51,89.54,4536.64,Fiber optic,Two year,Credit card (automatic),No,No,Yes,Yes,Yes,No,No,0,5,1,41.2,42.8,No
CUST-14100,Female,0,25,24,58.58,1397.27,DSL,Month-to-month,Mailed check,Yes,No,No,No,Yes,No,No,0,4,1,76.7,84.8,No
CUST-14101,Female,0,20,20,77.62,1540.56,Fiber optic,Month-to-month,Electronic check,Yes,No,No,No,No,No phone service,No,1,2,0,14.0,17.9,Yes
CUST-14102,Female,1,75,32,61.69,1950.1,DSL,Month-to-month,Bank transfer (automatic),No,No,Yes,No,Yes,Yes,No,0,4,1,166.3,133.9,Yes
CUST-14103,Male,1,72,13,50.32,636.08,DSL,Month-to-month,Electronic check,No,Yes,No,No,Yes,No,No,0,4,1,115.7,195.7,No
CUST-14104,Female,0,36,43,81.34,3526.47,Fiber optic,Month-to-month,Credit card (automatic),No,No,No,No,Yes,Yes,No,1,3,1,125.9,308.5,Yes
CUST-14105,Male,0,47,20,18.25,351.79,No,Month-to-month,Credit card (automatic),No internet service,No internet service,No internet service,No internet service,Yes,No,Yes,1,1,5,130.5,258.6,Yes
CUST-14106,Male,0,58,2,69.54,140.17,DSL,Month-to-month,Credit card (automatic),No,No,Yes,No,Yes,Yes,Yes,0,3,3,183.0,442.7,No
CUST-14107,Female,0,33,68,90.65,6167.16,Fiber optic,Two year,Mailed check,No,No,Yes,No,Yes,Yes,No,1,2,2,41.8,42.7,No
CUST-14108,Female,0,48,60,71.99,4323.0,Fiber optic,Two year,Bank transfer (automatic),No,No,No,No,No,No phone service,Yes,0,5,0,116.3,140.7,No
CUST-14109,Female,1,66,4,79.25,289.84,DSL,One year,Credit card (automatic),Yes,Yes,Yes,No,Yes,No,No,1,3,1,57.5,80.0,Yes
CUST-14110,Male,0,21,17,79.93,1375.1,Fiber optic,Two year,Electronic check,No,No,No,Yes,Yes,No,No,1,3,0,19.5,40.2,Yes
CUST-14111,Female,0,27,1,23.06,36.88,No,Month-to-month,Electronic check,No internet service,No internet service,No internet service,No internet service,Yes,No,No,0,4,1,96.7,241.1,No
CUST-14112,Female,1,73,33,108.46,3607.81,Fiber optic,Two year,Mailed check,Yes,No,Yes,Yes,Yes,No,Yes,0,4,3,41.3,93.2,No
CUST-14113,Female,1,66,30,76.7,2282.08,Fiber optic,Month-to-month,Credit card (automatic),No,No,No,No,Yes,Yes,No,0,4,2,67.8,121.8,Yes
CUST-14114,Female,0,64,5,31.35,159.98,No,Month-to-month,Mailed check,No internet service,No internet service,No internet service,No internet service,Yes,Yes,No,0,4,2,78.8,141.4,Yes
CUST-14115,Female,0,49,12,22.72,290.87,No,Month-to-month,Mailed check,No internet service,No internet service,No internet service,No internet service,Yes,No,No,0,3,4,215.9,455.4,No
CUST-14116,Male,0,47,32,78.9,2502.26,Fiber optic,Month-to-month,Bank transfer (automatic),No,No,No,No,Yes,Yes,No,0,4,1,105.1,117.8,Yes
CUST-14117,Male,0,53,38,73.68,2817.21,DSL,Month-to-month,Bank transfer (automatic),Yes,No,Yes,No,Yes,Yes,Yes,1,3,0,98.1,215.7,No
CUST-14118,Male,0,26,17,79.15,1331.75,Fiber optic,Month-to-month,Electronic check,No,Yes,No,No,Yes,No,No,0,4,2,65.6,134.8,Yes
CUST-14119,Female,0,53,58,73.08,4225.49,DSL,Month-to-month,Mailed check,No,Yes,Yes,No,Yes,Yes,No,0,3,2,173.6,159.0,No
CUST-14120,Female,1,76,40,19.26,797.14,No,Month-to-month,Bank transfer (automatic),No internet service,No internet service,No internet service,No internet service,Yes,No,Yes,0,3,2,57.1,49.7,No
CUST-14121,Female,0,33,24,96.9,2314.43,Fiber optic,Month-to-month,Bank transfer (automatic),Yes,No,No,Yes,Yes,No,No,1,3,1,69.0,73.3,Yes
CUST-14122,Male,0,45,12,90.63,1092.61,Fiber optic,Two year,Bank transfer (automatic),No,Yes,No,Yes,Yes,No,No,0,4,1,216.5,413.7,No
CUST-14123,Female,0,38,19,89.66,1699.95,Fiber optic,Month-to-month,Mailed check,No,Yes,No,No,Yes,Yes,Yes,0,4,1,32.8,79.4,Yes
CUST-14124,Female,0,64,29,76.2,2184.49,Fiber optic,Month-to-month,Credit card (automatic),No,No,No,No,Yes,Yes,No,0,4,4,40.9,40.5,Yes
CUST-14125,Female,1,69,52,69.67,3649.87,Fiber optic,One year,Mailed check,No,No,No,No,Yes,No,No,1,2,3,71.6,131.4,Yes
CUST-14126,Male,0,63,17,23.84,388.1,No,Two year,Mailed check,No internet service,No internet service,No internet service,No internet service,Yes,Yes,No,1,2,1,209.5,379.4,No
CUST-14127,Female,0,52,21,102.63,2141.29,Fiber optic,Month-to-month,Bank transfer (automatic),Yes,No,Yes,No,Yes,Yes,Yes,1,3,2,185.2,201.7,Yes
CUST-14128,Male,0,45,60,58.61,3509.23,DSL,Two year,Credit card (automatic),No,No,Yes,No,Yes,No,No,0,5,1,68.4,85.3,No
CUST-14129,Female,0,53,20,55.47,1109.31,DSL,Month-to-month,Bank transfer (automatic),No,No,No,Yes,Yes,No,No,1,1,3,162.2,278.5,Yes
CUST-14130,Male,0,48,53,85.25,4496.91,DSL,Month-to-month,Electronic check,Yes,Yes,No,Yes,Yes,Yes,Yes,0,4,0,73.9,101.3,No
CUST-14131,Male,0,50,63,105.72,6668.16,Fiber optic,Month-to-month,Electronic check,No,No,Yes,Yes,Yes,Yes,No,0,4,1,93.9,100.4,No
CUST-14132,Male,0,40,57,89.44,5098.96,Fiber optic,One year,Electronic check,No,No,Yes,Yes,Yes,No,No,0,4,2,263.8,403.7,No
CUST-14133,Female,0,58,29,81.3,2345.88,DSL,Month-to-month,Electronic check,No,No,Yes,Yes,Yes,Yes,No,1,3,0,112.9,107.5,No
CUST-14134,Female,0,34,1,93.71,105.27,Fiber optic,One year,Bank transfer (automatic),No,No,Yes,Yes,Yes,No,No,1,2,2,215.3,384.6,Yes
CUST-14135,Male,1,76,59,58.6,3458.24,DSL,Month-to-month,Credit card (automatic),Yes,No,No,No,No,No phone service,No,0,3,3,165.3,172.8,No
CUST-14136,Male,1,69,64,93.61,6011.48,Fiber optic,One year,Bank transfer (automatic),No,No,No,Yes,Yes,Yes,Yes,0,4,2,54.0,110.1,No
CUST-14137,Female,0,59,72,40.59,2943.8,DSL,Month-to-month,Electronic check,No,No,No,No,Yes,No,No,0,3,4,69.4,120.1,No
CUST-14138,Female,0,40,71,77.82,5554.03,DSL,Month-to-month,Electronic check,Yes,No,Yes,No,Yes,Yes,No,1,2,2,150.8,140.8,No
CUST-14139,Male,0,44,44,67.33,2936.56,DSL,One year,Bank transfer (automatic),No,No,Yes,No,Yes,Yes,Yes,0,4,2,55.0,64.8,No
CUST-14140,Female,0,42,48,73.43,3518.95,Fiber optic,One year,Bank transfer (automatic),No,No,No,No,Yes,Yes,Yes,1,3,2,113.5,173.6,Yes
CUST-14141,Female,0,49,15,86.41,1296.24,Fiber optic,Month-to-month,Credit card (automatic),No,No,Yes,No,No,No phone service,No,0,5,0,46.7,68.7,No
CUST-14142,Female,1,69,35,29.35,1011.28,No,Two year,Credit card (automatic),No internet service,No internet service,No internet service,No internet service,Yes,Yes,No,1,2,3,97.7,215.3,No
CUST-14143,Female,1,65,23,98.68,2294.96,Fiber optic,One year,Credit card (automatic),No,No,Yes,Yes,Yes,Yes,No,0,4,2,85.9,160.4,No
CUST-14144,Male,0,20,53,108.23,5711.48,Fiber optic,Month-to-month,Mailed check,No,Yes,Yes,Yes,Yes,Yes,No,0,4,0,178.0,410.7,Yes
CUST-14145,Female,0,29,45,55.62,2498.61,DSL,Two year,Bank transfer (automatic),No,Yes,No,No,Yes,No,Yes,0,3,3,89.9,156.2,No
CUST-14146,Female,1,80,13,23.59,287.78,No,One year,Electronic check,No internet service,No internet service,No internet service,No internet service,Yes,Yes,No,1,2,3,100.5,134.2,No
CUST-14147,Male,0,32,34,78.64,2684.69,Fiber optic,Month-to-month,Electronic check,No,No,Yes,No,Yes,No,Yes,0,4,2,242.6,207.2,Yes
CUST-14148,Male,0,34,38,89.48,3412.54,DSL,Month-to-month,Electronic check,Yes,Yes,No,Yes,Yes,Yes,No,0,4,4,79.6,92.3,No
CUST-14149,Female,0,49,70,59.45,4183.85,DSL,Month-to-month,Electronic check,No,No,No,Yes,Yes,No,Yes,0,4,1,71.4,88.4,No
CUST-14150,Female,0,24,68,71.13,4831.38,Fiber optic,Month-to-month,Electronic check,No,No,No,No,Yes,No,No,0,4,2,32.8,31.3,No
CUST-14151,Female,0,36,5,52.09,276.96,DSL,Month-to-month,Credit card (automatic),Yes,No,No,No,Yes,No,No,0,3,3,61.6,104.8,No
CUST-14152,Female,0,24,40,25.19,1010.57,No,Month-to-month,Mailed check,No internet service,No internet service,No internet service,No internet service,Yes,Yes,No,1,2,1,209.2,394.2,Yes
CUST-14153,Male,0,22,70,19.46,1380.94,No,One year,Credit card (automatic),No internet service,No internet service,No internet service,No internet service,Yes,No,No,1,2,2,101.3,89.7,No
CUST-14154,Male,0,57,21,102.54,2128.46,Fiber optic,Month-to-month,Credit card (automatic),No,Yes,Yes,No,Yes,Yes,Yes,0,5,0,163.6,226.9,No
CUST-14155,Male,0,38,28,82.04,2294.93,DSL,Two year,Credit card (automatic),No,Yes,Yes,Yes,Yes,Yes,No,0,3,2,123.0,104.1,No
CUST-14156,Female,0,64,3,77.44,211.35,Fiber optic,Month-to-month,Credit card (automatic),No,No,Yes,No,Yes,No,Yes,0,3,0,145.9,297.5,Yes
CUST-14157,Female,0,24,23,81.7,1896.52,Fiber optic,Month-to-month,Bank transfer (automatic),No,No,No,No,Yes,Yes,No,0,3,2,88.1,145.2,Yes
CUST-14158,Female,0,54,72,60.14,4309.24,DSL,One year,Mailed check,No,No,No,Yes,No,No phone service,Yes,0,5,1,110.3,218.0,No
CUST-14159,Female,1,69,19,89.95,1679.53,Fiber optic,One year,Bank transfer (automatic),No,Yes,No,No,Yes,Yes,No,1,3,1,52.9,98.0,Yes
CUST-14160,Male,0,28,50,102.0,5125.77,Fiber optic,Month-to-month,Credit card (automatic),No,No,Yes,Yes,Yes,Yes,No,0,4,1,167.6,377.5,No
CUST-14161,Male,0,27,58,74.45,4317.18,Fiber optic,Month-to-month,Credit card (automatic),No,No,No,No,Yes,Yes,Yes,0,5,0,179.4,411.3,No
CUST-14162,Female,1,76,20,94.02,1909.51,Fiber optic,Month-to-month,Credit card (automatic),Yes,Yes,No,No,Yes,Yes,No,1,3,3,118.4,207.3,Yes
CUST-14163,Male,0,58,72,61.05,4392.78,DSL,One year,Bank transfer (automatic),No,No,No,Yes,Yes,No,No,1,2,2,117.2,185.8,Yes
CUST-14164,Female,0,50,53,80.83,4289.44,Fiber optic,Month-to-month,Mailed check,No,No,Yes,No,No,No phone service,No,1,2,1,20.4,50.7,Yes
CUST-14165,Female,0,37,9,68.96,635.29,DSL,One year,Credit card (automatic),Yes,No,Yes,No,No,No phone service,No,1,3,4,151.9,171.4,No
CUST-14166,Male,0,50,4,111.56,433.09,Fiber optic,One year,Credit card (automatic),Yes,No,Yes,Yes,Yes,Yes,Yes,0,4,1,123.6,233.2,No
CUST-14167,Female,0,57,41,69.31,2819.68,DSL,Month-to-month,Mailed check,No,Yes,Yes,No,Yes,No,Yes,1,2,2,70.5,130.7,Yes
CUST-14168,Female,1,67,25,18.25,465.92,No,Month-to-month,Bank transfer (automatic),No internet service,No internet service,No internet service,No internet service,No,No phone service,Yes,1,2,4,134.7,326.9,No
CUST-14169,Male,0,51,34,91.85,3123.54,Fiber optic,Month-to-month,Credit card (automatic),Yes,No,No,Yes,Yes,No,No,0,4,0,59.7,57.3,No
CUST-14170,Female,0,53,9,43.77,413.54,DSL,Month-to-month,Mailed check,No,No,No,No,Yes,No,No,1,3,1,110.5,266.4,Yes
CUST-14171,Female,1,79,13,66.45,836.55,DSL,Month-to-month,Credit card (automatic),No,No,Yes,Yes,Yes,No,No,0,3,1,191.0,400.9,Yes
CUST-14172,Male,0,36,9,57.98,524.51,DSL,Month-to-month,Electronic check,No,No,Yes,No,Yes,No,No,1,3,2,66.1,67.4,Yes
CUST-14173,Female,0,60,4,104.37,398.63,Fiber optic,One year,Mailed check,No,Yes,Yes,Yes,No,No phone service,Yes,0,4,1,125.5,142.1,No
CUST-14174,Male,0,22,34,78.96,2691.68,DSL,Month-to-month,Mailed check,Yes,No,Yes,Yes,Yes,No,No,0,4,3,92.0,116.7,Yes
CUST-14175,Female,0,46,7,78.91,568.0,Fiber optic,Two year,Bank transfer (automatic),No,No,No,No,Yes,Yes,No,0,4,0,37.0,72.2,No
CUST-14176,Male,0,27,15,100.43,1492.23,Fiber optic,Month-to-month,Electronic check,No,Yes,Yes,Yes,Yes,No,No,1,2,1,84.8,175.7,Yes
CUST-14177,Male,0,57,38,53.71,2039.89,DSL,Month-to-month,Electronic check,No,Yes,No,No,Yes,No,No,0,4,1,182.0,373.7,No
CUST-14178,Male,0,30,52,102.25,5312.21,Fiber optic,One year,Credit card (automatic),Yes,No,Yes,Yes,Yes,No,Yes,1,3,2,87.6,167.3,No
CUST-14179,Female,0,46,7,77.69,559.12,DSL,Two year,Electronic check,Yes,No,No,Yes,Yes,Yes,Yes,0,4,0,94.5,97.1,No
CUST-14180,Male,0,22,45,48.36,2182.19,DSL,Month-to-month,Electronic check,No,No,No,No,Yes,Yes,No,1,4,0,82.5,72.0,No
CUST-14181,Male,0,29,59,66.82,3919.62,DSL,One year,Bank transfer (automatic),No,No,Yes,Yes,Yes,No,Yes,0,3,2,110.1,140.0,No
CUST-14182,Male,0,30,21,86.18,1838.38,Fiber optic,Two year,Mailed check,No,No,No,Yes,Yes,No,No,1,3,2,70.5,128.4,Yes
CUST-14183,Male,0,39,28,18.25,535.74,No,One year,Credit card (automatic),No internet service,No internet service,No internet service,No internet service,Yes,No,No,0,4,2,104.1,145.8,No
CUST-14184,Male,0,57,3,65.52,201.28,DSL,Month-to-month,Mailed check,No,No,Yes,Yes,Yes,No,No,1,3,2,80.8,181.4,Yes
CUST-14185,Female,1,78,14,84.57,1200.63,Fiber optic,Two year,Bank transfer (automatic),No,No,No,Yes,No,No phone service,No,0,4,0,38.5,84.5,No
CUST-14186,Female,0,30,2,77.48,126.16,Fiber optic,One year,Mailed check,No,No,Yes,No,No,No phone service,No,1,3,0,25.4,29.7,Yes
CUST-14187,Female,0,18,29,68.26,1961.63,DSL,One year,Credit card (automatic),No,No,Yes,Yes,Yes,No,No,0,4,1,66.0,126.7,No
CUST-14188,Female,0,55,18,31.55,583.97,No,One year,Electronic check,No internet service,No internet service,No internet service,No internet service,Yes,Yes,No,1,1,5,144.0,318.5,Yes
CUST-14189,Female,0,60,37,61.54,2253.35,DSL,Two year,Mailed check,No,No,Yes,No,No,No phone service,No,1,3,1,65.4,152.4,Yes
CUST-14190,Female,0,62,45,52.49,2334.61,DSL,Month-to-month,Credit card (automatic),No,Yes,No,No,Yes,No,No,0,4,2,112.4,171.6,No
CUST-14191,Female,0,18,45,99.96,4505.14,Fiber optic,Month-to-month,Bank transfer (automatic),No,No,Yes,Yes,Yes,Yes,No,0,4,0,70.6,165.4,No
CUST-14192,Male,1,80,24,92.67,2196.13,Fiber optic,Month-to-month,Bank transfer (automatic),Yes,No,Yes,No,Yes,No,No,0,3,1,100.7,207.4,No
CUST-14193,Female,0,60,46,95.27,4363.41,Fiber optic,Month-to-month,Electronic check,Yes,Yes,No,No,Yes,Yes,Yes,0,4,2,34.0,44.3,No
CUST-14194,Male,0,57,12,83.51,976.92,DSL,Month-to-month,Mailed check,No,Yes,Yes,Yes,Yes,Yes,No,0,3,2,156.7,216.3,Yes
CUST-14195,Male,0,39,53,89.26,4732.84,Fiber optic,One year,Electronic check,No,No,Yes,No,Yes,Yes,No,1,2,3,103.9,107.7,Yes
CUST-14196,Female,0,52,45,77.72,3508.02,Fiber optic,Month-to-month,Electronic check,No,No,No,Yes,Yes,No,No,0,3,2,99.0,143.0,Yes
CUST-14197,Male,0,61,32,83.94,2667.08,Fiber optic,One year,Mailed check,Yes,No,No,No,No,No phone service,Yes,0,4,0,106.0,150.4,No
CUST-14198,Male,0,23,18,18.34,328.25,No,Two year,Credit card (automatic),No internet service,No internet service,No internet service,No internet service,Yes,No,No,0,4,0,105.0,195.4,No
CUST-14199,Male,1,66,13,73.36,924.89,DSL,Month-to-month,Electronic check,No,Yes,Yes,No,Yes,Yes,No,0,4,1,106.2,140.4,No
CUST-14200,Male,0,48,4,116.91,453.52,Fiber optic,Two year,Electronic check,Yes,Yes,Yes,Yes,Yes,No,No,0,4,3,88.5,134.1,No
CUST-14201,Female,0,25,23,18.42,404.44,No,Month-to-month,Electronic check,No internet service,No internet service,No internet service,No internet service,Yes,No,No,1,3,2,7.3,7.5,No
CUST-14202,Female,0,22,62,94.61,5845.78,Fiber optic,Two year,Credit card (automatic),Yes,No,Yes,No,Yes,No,Yes,0,4,0,138.8,283.6,No
CUST-14203,Female,0,59,54,78.81,4239.24,Fiber optic,Two year,Mailed check,No,No,Yes,No,Yes,No,No,0,3,1,172.7,150.1,No
CUST-14204,Female,0,61,55,90.29,4984.27,Fiber optic,Month-to-month,Mailed check,No,No,No,Yes,Yes,Yes,No,1,3,1,157.8,327.0,Yes
CUST-14205,Female,0,34,69,92.69,6422.6,Fiber optic,Month-to-month,Credit card (automatic),No,No,Yes,No,Yes,Yes,Yes,0,4,1,159.0,175.3,No
CUST-14206,Female,0,55,40,101.5,4072.36,Fiber optic,Month-to-month,Electronic check,No,No,Yes,Yes,Yes,Yes,No,0,4,0,69.6,171.8,Yes
CUST-14207,Female,0,26,14,40.72,544.42,DSL,Two year,Mailed check,No,No,No,No,Yes,No,No,0,3,1,114.4,283.8,No
CUST-14208,Female,0,27,28,67.37,1894.05,DSL,Two year,Electronic check,No,No,Yes,No,Yes,Yes,No,0,5,1,198.0,493.0,Yes
CUST-14209,Female,0,37,72,54.94,3969.73,DSL,Month-to-month,Electronic check,Yes,No,No,No,Yes,No,No,1,2,3,123.0,101.1,No
CUST-14210,Female,1,73,71,51.16,3609.03,DSL,One year,Electronic check,No,No,No,No,Yes,Yes,No,0,3,1,62.0,72.5,No
CUST-14211,Male,0,31,67,81.93,5476.97,DSL,Month-to-month,Electronic check,No,No,Yes,Yes,Yes,Yes,No,0,3,0,65.8,114.6,Yes
CUST-14212,Female,0,43,29,95.76,2772.74,Fiber optic,Month-to-month,Mailed check,Yes,No,No,Yes,Yes,No,Yes,0,3,5,258.5,529.4,No
CUST-14213,Male,1,70,61,52.38,3183.82,DSL,Two year,Electronic check,No,No,No,Yes,Yes,No,Yes,1,4,1,187.1,409.1,No
CUST-14214,Male,0,44,68,85.94,5845.02,DSL,Month-to-month,Electronic check,Yes,Yes,Yes,No,Yes,Yes,No,0,5,1,75.1,77.4,No
CUST-14215,Male,0,42,9,18.55,144.81,No,Two year,Electronic check,No internet service,No internet service,No internet service,No internet service,Yes,No,No,0,4,1,104.5,235.6,No
CUST-14216,Male,0,33,17,87.37,1481.97,Fiber optic,Two year,Electronic check,No,Yes,Yes,No,Yes,No,No,0,4,5,139.5,277.4,No
CUST-14217,Female,1,70,49,77.11,3792.39,Fiber optic,Two year,Electronic check,No,No,Yes,No,Yes,No,No,0,4,3,58.6,75.8,Yes
CUST-14218,Male,0,51,63,77.84,4901.58,DSL,Month-to-month,Electronic check,No,No,Yes,Yes,Yes,Yes,No,0,2,6,209.8,170.8,Yes
CUST-14219,Female,0,33,46,63.2,2889.83,DSL,Month-to-month,Credit card (automatic),No,No,Yes,No,Yes,Yes,No,1,2,3,16.6,39.1,No
CUST-14220,Female,0,50,13,84.03,1110.52,Fiber optic,Month-to-month,Bank transfer (automatic),No,No,No,Yes,No,No phone service,No,0,4,1,19.1,21.7,No
CUST-14221,Male,0,20,45,78.54,3527.96,DSL,One year,Bank transfer (automatic),Yes,No,Yes,Yes,No,No phone service,No,0,4,2,195.2,277.1,No
CUST-14222,Female,0,40,53,72.66,3846.49,Fiber optic,One year,Credit card (automatic),No,No,No,No,Yes,No,No,1,3,4,285.1,640.1,No
CUST-14223,Male,0,28,17,23.13,384.67,No,Month-to-month,Bank transfer (automatic),No internet service,No internet service,No internet service,No internet service,Yes,No,Yes,0,5,0,104.3,201.0,No
CUST-14224,Male,0,35,47,103.57,4855.17,Fiber optic,One year,Bank transfer (automatic),Yes,Yes,No,Yes,Yes,No,Yes,0,4,2,266.1,272.8,No
CUST-14225,Female,0,64,62,91.18,5659.28,Fiber optic,Month-to-month,Bank transfer (automatic),Yes,No,Yes,No,Yes,No,No,0,4,3,110.5,272.4,No
CUST-14226,Female,0,58,50,84.88,4225.27,Fiber optic,Month-to-month,Bank transfer (automatic),No,Yes,No,No,Yes,No,No,0,4,0,50.5,67.8,No
CUST-14227,Male,0,61,43,110.07,4749.16,Fiber optic,Month-to-month,Credit card (automatic),Yes,No,Yes,Yes,Yes,Yes,No,0,4,1,67.4,122.1,Yes
CUST-14228,Female,0,46,68,78.15,5313.1,Fiber optic,Month-to-month,Electronic check,No,No,No,No,Yes,Yes,No,1,3,1,110.9,207.1,Yes
CUST-14229,Female,0,22,72,53.2,3853.42,DSL,Month-to-month,Electronic check,No,No,No,No,Yes,Yes,Yes,0,5,0,94.8,167.3,No
CUST-14230,Female,0,41,28,19.28,566.17,No,Month-to-month,Electronic check,No internet service,No internet service,No internet service,No internet service,Yes,No,No,0,4,1,113.7,203.0,No
CUST-14231,Male,0,46,45,90.21,4052.43,Fiber optic,Two year,Credit card (automatic),No,No,Yes,Yes,Yes,No,Yes,1,2,3,121.3,147.1,Yes
CUST-14232,Male,0,46,41,65.54,2666.67,DSL,One year,Mailed check,Yes,No,No,Yes,Yes,No,Yes,0,5,0,193.3,470.1,No
CUST-14233,Female,1,73,36,91.15,3281.72,Fiber optic,Month-to-month,Credit card (automatic),No,No,Yes,Yes,Yes,No,No,0,3,4,35.4,57.7,Yes
CUST-14234,Female,0,57,33,94.0,3088.23,Fiber optic,One year,Mailed check,Yes,Yes,No,No,Yes,No,No,0,4,3,81.0,84.1,No
CUST-14235,Female,1,78,25,99.55,2484.34,Fiber optic,One year,Mailed check,Yes,Yes,No,No,Yes,Yes,No,0,4,1,38.3,86.0,No
CUST-14236,Female,0,19,19,85.88,1624.37,Fiber optic,Month-to-month,Mailed check,Yes,No,No,No,Yes,Yes,No,0,3,1,117.9,123.8,No
CUST-14237,Female,0,42,47,75.66,3553.05,DSL,One year,Bank transfer (automatic),No,Yes,No,Yes,Yes,Yes,No,1,2,2,48.8,110.6,No
CUST-14238,Male,0,36,33,85.53,2822.4,Fiber optic,One year,Bank transfer (automatic),No,No,No,Yes,Yes,No,No,0,4,1,131.5,230.4,No
CUST-14239,Female,0,57,67,24.34,1638.43,No,One year,Mailed check,No internet service,No internet service,No internet service,No internet service,Yes,No,No,0,3,3,57.9,50.6,No
CUST-14240,Male,0,19,14,48.75,652.73,DSL,One year,Bank transfer (automatic),No,No,No,No,Yes,Yes,No,1,2,4,180.0,181.5,Yes
CUST-14241,Female,1,76,33,59.87,1961.1,DSL,One year,Electronic check,No,No,Yes,No,No,No phone service,No,0,2,5,57.9,139.2,No
CUST-14242,Male,0,18,42,24.66,1015.94,No,Month-to-month,Mailed check,No internet service,No internet service,No internet service,No internet service,Yes,No,Yes,0,4,1,58.2,59.2,Yes
CUST-14243,Female,0,44,65,19.67,1291.18,No,Two year,Mailed check,No internet service,No internet service,No internet service,No internet service,Yes,No,No,1,1,1,94.8,170.4,No
CUST-14244,Male,0,62,47,69.96,3308.06,DSL,Month-to-month,Credit card (automatic),No,No,No,Yes,Yes,Yes,No,0,4,1,99.6,132.8,No
CUST-14245,Female,1,73,35,83.57,2938.5,DSL,Two year,Credit card (automatic),Yes,No,Yes,Yes,Yes,No,No,0,3,2,162.8,350.9,No
CUST-14246,Male,0,58,32,93.57,3022.72,Fiber optic,Month-to-month,Mailed check,Yes,No,No,Yes,No,No phone service,Yes,0,4,2,95.7,205.8,Yes
CUST-14247,Male,0,22,55,66.48,3631.03,DSL,Month-to-month,Electronic check,No,Yes,No,No,Yes,Yes,No,0,4,0,104.1,224.4,Yes
CUST-14248,Male,1,76,54,54.97,2966.27,DSL,One year,Credit card (automatic),No,No,No,Yes,Yes,No,No,0,3,2,88.6,102.1,No
CUST-14249,Male,0,21,51,24.17,1256.63,No,Month-to-month,Electronic check,No internet service,No internet service,No internet service,No internet service,Yes,No,No,0,3,4,61.7,124.0,No
CUST-14250,Male,0,34,59,100.92,5943.43,Fiber optic,Two year,Mailed check,Yes,No,Yes,No,Yes,Yes,Yes,0,4,2,124.4,118.8,No
CUST-14251,Male,0,38,72,80.1,5785.34,Fiber optic,Month-to-month,Electronic check,No,Yes,No,No,Yes,No,No,1,2,1,61.7,57.4,Yes
CUST-14252,Female,0,48,14,73.36,1030.74,Fiber optic,One year,Mailed check,No,No,No,No,No,No phone service,No,1,4,0,154.4,230.8,Yes
CUST-14253,Male,0,39,18,31.89,602.73,No,Month-to-month,Bank transfer (automatic),No internet service,No internet service,No internet service,No internet service,Yes,Yes,No,0,4,0,59.3,107.7,No
CUST-14254,Female,0,28,55,104.01,5712.81,Fiber optic,Month-to-month,Mailed check,No,No,Yes,Yes,Yes,Yes,No,0,3,1,105.4,140.4,Yes
CUST-14255,Female,0,51,56,62.25,3481.03,DSL,Month-to-month,Credit card (automatic),No,Yes,No,Yes,Yes,No,No,0,3,0,50.9,67.1,No
CUST-14256,Female,0,32,49,104.97,5123.36,Fiber optic,One year,Bank transfer (automatic),No,Yes,Yes,Yes,Yes,No,Yes,0,4,3,150.1,139.2,No
CUST-14257,Female,0,27,60,93.22,5572.78,Fiber optic,One year,Bank transfer (automatic),No,No,Yes,No,Yes,Yes,Yes,1,3,0,66.2,75.0,No
CUST-14258,Female,0,55,53,90.45,4815.51,Fiber optic,One year,Mailed check,No,No,Yes,No,Yes,Yes,No,0,4,0,91.5,168.1,No
CUST-14259,Male,0,49,71,71.35,5060.29,DSL,Two year,Electronic check,Yes,No,Yes,No,Yes,No,No,0,3,3,73.8,144.5,No
CUST-14260,Male,0,48,6,95.97,583.05,Fiber optic,One year,Bank transfer (automatic),Yes,No,No,Yes,No,No phone service,No,0,3,3,50.1,117.4,No
CUST-14261,Male,0,54,70,65.3,4586.14,DSL,Two year,Bank transfer (automatic),No,No,Yes,No,Yes,Yes,Yes,1,2,0,41.7,59.9,No
CUST-14262,Female,0,61,8,27.04,212.61,No,Month-to-month,Mailed check,No internet service,No internet service,No internet service,No internet service,Yes,Yes,No,0,4,0,26.7,32.1,No
CUST-14263,Male,0,45,15,18.25,300.98,No,Month-to-month,Mailed check,No internet service,No internet service,No internet service,No internet service,No,No phone service,No,0,5,0,10.0,20.2,No
CUST-14264,Male,0,48,26,68.33,1802.87,DSL,Month-to-month,Mailed check,No,Yes,Yes,No,No,No phone service,No,0,4,0,162.3,315.6,No
CUST-14265,Male,0,23,39,62.66,2454.55,DSL,Month-to-month,Bank transfer (automatic),No,No,Yes,No,Yes,Yes,Yes,0,4,0,119.9,152.0,No
CUST-14266,Male,1,70,3,93.68,310.75,Fiber optic,Month-to-month,Bank transfer (automatic),No,Yes,Yes,No,Yes,No,No,0,5,0,87.3,183.9,Yes
CUST-14267,Male,0,40,57,22.99,1280.59,No,Month-to-month,Bank transfer (automatic),No internet service,No internet service,No internet service,No internet service,Yes,No,No,1,2,0,74.5,85.0,No
CUST-14268,Female,0,33,10,89.09,861.46,Fiber optic,One year,Credit card (automatic),No,No,No,Yes,Yes,Yes,Yes,0,4,1,98.1,136.5,No
CUST-14269,Male,0,42,3,84.16,226.53,DSL,One year,Bank transfer (automatic),Yes,Yes,Yes,Yes,Yes,No,No,0,4,3,96.7,117.7,No
CUST-14270,Female,0,56,46,91.65,4242.51,Fiber optic,Two year,Electronic check,No,Yes,No,No,Yes,Yes,No,0,4,0,54.0,102.8,No
CUST-14271,Female,0,19,22,104.49,2305.07,Fiber optic,Two year,Bank transfer (automatic),No,Yes,Yes,Yes,Yes,No,No,0,3,1,77.1,126.1,No
CUST-14272,Female,0,55,67,88.15,5931.71,Fiber optic,Month-to-month,Bank transfer (automatic),No,No,No,Yes,Yes,Yes,No,1,3,0,150.7,308.6,No
CUST-14273,Female,1,78,65,76.34,4939.73,DSL,Month-to-month,Electronic check,No,Yes,Yes,No,Yes,Yes,No,0,5,0,26.1,25.7,No
CUST-14274,Female,0,56,19,46.74,859.98,DSL,Month-to-month,Mailed check,No,No,No,No,Yes,No,No,1,2,2,83.0,102.6,Yes
CUST-14275,Male,0,51,62,73.47,4557.74,DSL,Month-to-month,Bank transfer (automatic),No,No,Yes,Yes,Yes,Yes,Yes,0,4,3,41.5,67.4,No
CUST-14276,Male,0,57,57,91.46,5193.73,Fiber optic,Month-to-month,Bank transfer (automatic),No,No,Yes,No,Yes,Yes,Yes,0,4,1,45.4,40.7,No
CUST-14277,Male,0,60,13,18.25,258.84,No,One year,Credit card (automatic),No internet service,No internet service,No internet service,No internet service,Yes,No,Yes,0,4,0,65.0,132.8,No
CUST-14278,Female,1,76,16,95.04,1515.86,Fiber optic,Month-to-month,Credit card (automatic),Yes,No,Yes,No,Yes,No,No,0,4,2,108.8,139.2,No
CUST-14279,Male,0,53,16,118.42,1910.95,Fiber optic,One year,Electronic check,Yes,Yes,Yes,Yes,No,No phone service,Yes,1,1,4,88.1,160.9,Yes
CUST-14280,Male,0,33,52,69.03,3590.55,DSL,One year,Bank transfer (automatic),Yes,Yes,No,No,Yes,Yes,No,0,4,3,21.6,50.4,No
CUST-14281,Female,0,35,41,24.17,992.69,No,Month-to-month,Bank transfer (automatic),No internet service,No internet service,No internet service,No internet service,Yes,No,No,0,3,0,35.1,43.2,Yes
CUST-14282,Female,0,30,48,118.03,5676.35,Fiber optic,Month-to-month,Electronic check,Yes,Yes,Yes,Yes,Yes,No,No,0,4,3,216.4,447.8,No
CUST-14283,Female,0,54,39,55.43,2151.9,DSL,Two year,Electronic check,No,No,Yes,No,Yes,No,No,0,4,2,124.9,234.4,Yes
CUST-14284,Female,0,44,13,64.29,862.7,DSL,Month-to-month,Electronic check,No,No,Yes,Yes,Yes,No,No,0,5,1,120.0,132.7,Yes
CUST-14285,Male,0,51,4,21.63,80.54,No,Month-to-month,Electronic check,No internet service,No internet service,No internet service,No internet service,Yes,No,Yes,0,4,2,77.6,158.8,No
CUST-14286,Female,0,28,43,78.45,3367.23,Fiber optic,Month-to-month,Credit card (automatic),Yes,No,No,No,Yes,No,No,0,3,0,69.1,62.5,No
CUST-14287,Female,0,18,46,94.92,4378.77,Fiber optic,Month-to-month,Electronic check,Yes,Yes,No,No,Yes,Yes,No,0,3,1,110.4,185.7,Yes
CUST-14288,Male,0,30,47,86.09,4054.41,Fiber optic,Month-to-month,Electronic check,No,No,No,Yes,Yes,Yes,No,0,5,1,155.5,155.8,Yes
CUST-14289,Male,0,47,53,90.96,4850.63,Fiber optic,Two year,Electronic check,No,No,Yes,Yes,Yes,No,No,1,2,0,306.2,602.3,Yes
CUST-14290,Female,0,22,25,75.37,1905.26,Fiber optic,Month-to-month,Bank transfer (automatic),No,No,No,No,Yes,Yes,Yes,0,3,3,255.9,337.0,Yes
CUST-14291,Male,0,35,41,30.96,1256.44,No,Month-to-month,Electronic check,No internet service,No internet service,No internet service,No internet service,Yes,Yes,No,1,2,1,210.1,455.9,Yes
CUST-14292,Female,0,31,3,102.84,284.61,Fiber optic,Month-to-month,Electronic check,Yes,No,No,Yes,Yes,Yes,No,1,2,2,38.1,62.2,Yes
CUST-14293,Female,0,30,13,27.94,339.62,No,One year,Mailed check,No internet service,No internet service,No internet service,No internet service,Yes,Yes,Yes,0,4,3,151.2,141.7,No
CUST-14294,Male,0,49,18,100.53,1801.24,Fiber optic,Month-to-month,Electronic check,No,Yes,No,Yes,Yes,Yes,No,1,2,4,44.8,81.4,Yes
CUST-14295,Male,1,72,37,32.18,1189.29,No,Month-to-month,Mailed check,No internet service,No internet service,No internet service,No internet service,Yes,Yes,Yes,1,2,3,160.1,131.6,Yes
CUST-14296,Female,0,25,43,71.08,3064.67,DSL,One year,Bank transfer (automatic),Yes,No,No,Yes,No,No phone service,No,0,4,1,140.5,182.6,No
CUST-14297,Female,0,24,34,93.29,3193.32,Fiber optic,Month-to-month,Electronic check,No,No,Yes,No,Yes,Yes,No,0,2,5,84.2,105.9,Yes
CUST-14298,Female,0,33,55,65.74,3645.07,DSL,Month-to-month,Electronic check,Yes,No,Yes,No,Yes,No,No,1,3,1,30.8,76.0,Yes
CUST-14299,Male,0,60,52,90.67,4709.36,Fiber optic,Month-to-month,Electronic check,No,Yes,No,Yes,Yes,No,No,1,3,0,165.0,200.4,Yes
CUST-14300,Female,0,48,36,115.88,4174.41,Fiber optic,One year,Credit card (automatic),No,Yes,Yes,Yes,Yes,Yes,Yes,0,4,0,114.7,223.7,No
CUST-14301,Female,1,65,54,86.27,4664.62,Fiber optic,Two year,Electronic check,No,No,Yes,No,Yes,No,No,0,2,6,94.8,117.3,No
CUST-14302,Female,0,50,59,84.98,5017.33,Fiber optic,Month-to-month,Credit card (automatic),No,No,Yes,No,Yes,No,No,0,4,1,109.6,102.5,No
CUST-14303,Female,1,76,52,57.57,,DSL,Month-to-month,Credit card (automatic),No,Yes,No,No,Yes,No,Yes,0,4,1,26.4,23.9,No
CUST-14304,Female,0,25,19,67.58,1260.92,DSL,Month-to-month,Mailed check,No,Yes,No,Yes,Yes,No,No,1,2,2,228.4,542.3,Yes
CUST-14305,Male,0,50,12,88.38,1083.89,Fiber optic,One year,Bank transfer (automatic),No,No,Yes,No,Yes,Yes,Yes,1,2,2,186.4,179.7,Yes
CUST-14306,Female,0,58,11,25.41,290.05,No,One year,Mailed check,No internet service,No internet service,No internet service,No internet service,Yes,Yes,No,0,3,0,219.2,485.2,No
CUST-14307,Female,0,36,48,24.4,1181.93,No,One year,Mailed check,No internet service,No internet service,No internet service,No internet service,Yes,Yes,Yes,0,5,1,58.6,101.0,No
CUST-14308,Female,0,38,16,102.28,1655.37,Fiber optic,One year,Bank transfer (automatic),Yes,No,Yes,No,Yes,Yes,No,0,1,3,212.5,326.1,Yes
CUST-14309,Female,1,66,71,102.77,7271.72,Fiber optic,Two year,Bank transfer (automatic),Yes,No,Yes,No,Yes,Yes,Yes,0,4,1,195.5,487.8,No
CUST-14310,Male,1,75,47,90.59,4252.66,Fiber optic,Two year,Electronic check,No,Yes,No,Yes,Yes,No,No,1,3,1,39.2,90.7,Yes
CUST-14311,Male,1,79,67,72.06,4812.82,DSL,One year,Bank transfer (automatic),No,No,Yes,Yes,Yes,Yes,No,0,4,0,50.8,61.3,No
CUST-14312,Male,0,59,31,74.39,2315.74,Fiber optic,Month-to-month,Bank transfer (automatic),No,No,No,No,Yes,No,No,0,4,1,105.9,192.5,No
CUST-14313,Female,0,40,8,81.37,633.86,Fiber optic,Month-to-month,Electronic check,No,No,No,Yes,Yes,No,No,1,2,4,82.2,87.8,Yes
CUST-14314,Female,0,28,61,69.75,4266.28,DSL,Month-to-month,Credit card (automatic),Yes,Yes,No,No,Yes,No,Yes,0,3,1,14.2,25.8,No
CUST-14315,Male,0,50,44,76.77,3371.15,DSL,Month-to-month,Electronic check,No,Yes,Yes,No,Yes,Yes,Yes,0,3,2,108.9,110.4,Yes
CUST-14316,Male,0,37,50,88.24,4408.36,Fiber optic,One year,Credit card (automatic),Yes,No,No,Yes,Yes,No,No,1,2,1,65.5,122.3,No
CUST-14317,Male,0,42,35,26.27,938.53,No,Month-to-month,Bank transfer (automatic),No internet service,No internet service,No internet service,No internet service,Yes,Yes,No,0,2,1,45.2,110.9,Yes
CUST-14318,Female,0,43,61,64.57,3929.66,DSL,One year,Bank transfer (automatic),No,Yes,No,No,Yes,Yes,No,0,3,1,72.8,130.2,No
CUST-14319,Female,0,57,55,81.49,4467.35,Fiber optic,Month-to-month,Credit card (automatic),Yes,No,No,No,Yes,No,No,0,4,0,40.0,40.5,No
CUST-14320,Male,0,29,66,62.32,4134.14,DSL,One year,Credit card (automatic),No,No,No,Yes,Yes,Yes,Yes,1,3,1,40.2,86.8,No
CUST-14321,Male,0,49,14,86.77,1225.9,Fiber optic,Month-to-month,Electronic check,Yes,Yes,No,No,Yes,No,No,0,4,3,71.2,97.2,Yes
CUST-14322,Male,0,50,4,74.77,293.31,DSL,Month-to-month,Bank transfer (automatic),Yes,Yes,Yes,No,Yes,No,Yes,0,4,1,57.7,55.4,No
CUST-14323,Female,0,27,17,84.87,1442.7,Fiber optic,Month-to-month,Electronic check,No,No,No,Yes,No,No phone service,Yes,0,4,1,66.3,126.9,No
CUST-14324,Female,0,21,69,79.42,5470.85,Fiber optic,Two year,Mailed check,No,No,No,Yes,No,No phone service,Yes,1,2,0,45.3,100.2,No
CUST-14325,Female,0,32,24,94.02,2259.55,Fiber optic,Month-to-month,Credit card (automatic),No,Yes,No,Yes,No,No phone service,No,0,4,0,201.1,325.9,Yes
CUST-14326,Male,0,23,49,103.7,5059.62,Fiber optic,Month-to-month,Electronic check,No,Yes,Yes,No,Yes,Yes,No,0,3,3,41.6,99.2,Yes
CUST-14327,Male,0,44,55,75.92,4198.91,DSL,Month-to-month,Electronic check,Yes,Yes,Yes,No,Yes,No,Yes,0,4,0,213.1,417.7,No
CUST-14328,Female,0,22,71,50.07,3558.21,DSL,One year,Bank transfer (automatic),No,Yes,No,No,Yes,No,Yes,1,2,1,93.1,173.4,No
CUST-14329,Male,0,22,23,96.42,2210.78,Fiber optic,Month-to-month,Mailed check,Yes,No,No,Yes,Yes,Yes,Yes,0,4,1,93.5,131.0,No
CUST-14330,Female,0,35,12,90.12,,Fiber optic,Two year,Mailed check,No,Yes,No,Yes,No,No phone service,No,1,3,1,154.8,206.0,No
CUST-14331,Male,0,45,11,41.9,440.57,DSL,Month-to-month,Bank transfer (automatic),No,No,No,No,Yes,No,No,0,4,3,94.2,120.7,No
CUST-14332,Male,0,52,29,79.9,2291.81,Fiber optic,Month-to-month,Bank transfer (automatic),No,No,Yes,No,Yes,No,No,0,4,0,37.2,90.4,No
CUST-14333,Male,0,39,62,92.44,5734.17,Fiber optic,One year,Mailed check,No,Yes,Yes,No,Yes,No,No,0,4,2,39.6,75.5,No
CUST-14334,Male,0,51,53,40.21,2105.36,DSL,Month-to-month,Mailed check,No,No,No,No,Yes,No,No,0,4,1,86.7,156.9,Yes
CUST-14335,Female,0,21,48,18.25,885.65,No,Two year,Credit card (automatic),No internet service,No internet service,No internet service,No internet service,Yes,No,Yes,0,3,5,118.0,158.7,No
CUST-14336,Male,0,35,66,23.56,1572.97,No,Month-to-month,Credit card (automatic),No internet service,No internet service,No internet service,No internet service,Yes,No,Yes,0,4,1,109.2,153.0,No
CUST-14337,Female,0,58,48,55.22,2679.86,DSL,Two year,Bank transfer (automatic),Yes,No,No,No,Yes,No,No,0,3,1,121.3,154.6,No
CUST-14338,Female,0,43,59,92.36,5465.39,Fiber optic,One year,Electronic check,No,Yes,No,No,Yes,Yes,No,1,3,0,107.1,114.2,Yes
CUST-14339,Female,0,59,71,62.03,4432.58,DSL,Two year,Mailed check,Yes,No,Yes,No,No,No phone service,No,1,2,0,92.0,217.5,No
CUST-14340,Male,0,39,57,95.0,5386.33,Fiber optic,Month-to-month,Credit card (automatic),No,Yes,No,Yes,Yes,Yes,Yes,0,4,2,46.4,83.1,No
CUST-14341,Female,0,64,3,104.4,316.73,Fiber optic,Month-to-month,Mailed check,Yes,Yes,No,Yes,Yes,No,No,0,4,3,168.2,344.2,No
CUST-14342,Female,1,71,32,86.76,2756.2,DSL,One year,Credit card (automatic),Yes,No,Yes,Yes,Yes,Yes,Yes,0,4,1,166.8,268.2,No
CUST-14343,Female,0,60,8,71.14,553.83,DSL,One year,Mailed check,Yes,No,No,Yes,Yes,No,Yes,1,2,2,196.5,176.2,No
CUST-14344,Male,0,31,30,72.87,2200.17,Fiber optic,Month-to-month,Credit card (automatic),No,No,No,No,Yes,No,No,0,2,0,96.8,154.8,Yes
CUST-14345,Male,0,48,15,100.04,1485.77,Fiber optic,Month-to-month,Electronic check,Yes,No,Yes,No,Yes,Yes,Yes,0,3,3,88.0,76.7,Yes
CUST-14346,Female,0,27,55,68.79,3764.24,DSL,Month-to-month,Mailed check,No,No,Yes,Yes,Yes,No,Yes,0,5,1,42.0,101.2,No
CUST-14347,Male,0,41,38,31.11,1174.49,No,One year,Bank transfer (automatic),No internet service,No internet service,No internet service,No internet service,Yes,Yes,Yes,1,3,0,222.6,307.8,Yes
CUST-14348,Female,0,38,15,60.04,875.6,DSL,Month-to-month,Credit card (automatic),No,No,Yes,No,Yes,No,Yes,0,5,1,115.1,122.2,No
CUST-14349,Female,0,25,30,107.77,3211.89,Fiber optic,Month-to-month,Bank transfer (automatic),Yes,Yes,Yes,No,Yes,Yes,Yes,0,4,0,125.9,149.3,No
CUST-14350,Male,1,78,46,29.75,1347.29,No,Month-to-month,Electronic check,No internet service,No internet service,No internet service,No internet service,Yes,Yes,Yes,0,4,1,137.7,323.5,No
CUST-14351,Female,0,48,64,58.43,3723.08,DSL,Month-to-month,Credit card (automatic),No,No,No,Yes,Yes,No,No,1,2,2,151.0,174.0,Yes
CUST-14352,Male,0,51,26,48.56,1284.8,DSL,Month-to-month,Bank transfer (automatic),No,No,No,No,Yes,No,No,0,3,1,100.5,103.1,Yes
CUST-14353,Male,1,68,67,91.69,6130.94,Fiber optic,Two year,Electronic check,Yes,No,No,No,Yes,Yes,No,0,5,1,72.3,133.7,No
CUST-14354,Female,0,42,36,99.68,3574.91,Fiber optic,Month-to-month,Mailed check,No,No,Yes,Yes,Yes,Yes,No,0,3,0,154.2,148.0,Yes
CUST-14355,Male,0,24,31,81.8,2513.36,Fiber optic,Two year,Bank transfer (automatic),No,No,No,No,Yes,Yes,Yes,0,4,1,30.7,49.2,No
CUST-14356,Male,0,36,40,106.25,4220.97,Fiber optic,Month-to-month,Mailed check,No,No,Yes,Yes,Yes,Yes,Yes,0,5,0,92.0,179.7,No
CUST-14357,Female,0,24,46,78.1,3572.22,Fiber optic,Month-to-month,Credit card (automatic),No,No,No,Yes,Yes,No,No,0,4,1,161.0,167.2,No
CUST-14358,Female,0,64,42,57.74,2438.46,DSL,Month-to-month,Mailed check,No,No,Yes,No,No,No phone service,No,0,4,1,112.9,239.8,No
CUST-14359,Male,1,69,18,91.36,1672.67,Fiber optic,One year,Bank transfer (automatic),Yes,No,Yes,No,No,No phone service,Yes,0,4,3,24.3,37.2,Yes
CUST-14360,Male,0,31,36,27.02,987.35,No,One year,Electronic check,No internet service,No internet service,No internet service,No internet service,Yes,Yes,No,0,4,2,138.3,278.0,No
CUST-14361,Female,0,18,50,106.05,5323.69,Fiber optic,Month-to-month,Mailed check,No,Yes,Yes,Yes,Yes,No,No,1,3,0,152.2,187.3,Yes
CUST-14362,Male,1,75,61,65.3,4000.5,DSL,Month-to-month,Electronic check,No,No,Yes,Yes,Yes,No,Yes,0,4,1,350.0,539.9,No
CUST-14363,Male,0,20,40,68.2,2715.76,DSL,Two year,Electronic check,Yes,Yes,No,No,Yes,No,No,0,3,0,89.1,143.4,No
CUST-14364,Male,0,45,3,40.27,134.68,DSL,Two year,Electronic check,No,No,No,No,Yes,No,No,0,3,1,43.1,56.1,No
CUST-14365,Male,0,55,7,78.78,566.5,Fiber optic,Month-to-month,Electronic check,No,No,No,No,Yes,Yes,No,0,4,1,84.2,180.6,Yes
CUST-14366,Male,1,78,31,74.25,2287.26,DSL,One year,Electronic check,No,No,Yes,Yes,Yes,Yes,Yes,0,3,1,94.6,104.2,No
CUST-14367,Male,0,53,65,21.67,1433.79,No,Month-to-month,Mailed check,No internet service,No internet service,No internet service,No internet service,No,No phone service,Yes,0,3,1,102.5,197.6,No
CUST-14368,Male,0,20,64,20.25,1325.88,No,Month-to-month,Electronic check,No internet service,No internet service,No internet service,No internet service,Yes,No,No,0,4,1,180.8,431.2,No
CUST-14369,Female,0,21,3,70.0,213.68,DSL,Month-to-month,Electronic check,Yes,Yes,No,No,Yes,No,Yes,0,3,2,193.4,430.1,Yes
CUST-14370,Female,0,22,35,60.62,2110.7,DSL,Month-to-month,Credit card (automatic),No,No,Yes,No,Yes,No,Yes,0,3,1,187.0,392.5,No
CUST-14371,Female,1,78,15,68.37,1017.01,Fiber optic,Two year,Mailed check,No,No,No,No,Yes,No,No,0,4,0,15.5,16.2,No
CUST-14372,Female,0,42,21,20.28,430.83,No,Month-to-month,Mailed check,No internet service,No internet service,No internet service,No internet service,No,No phone service,Yes,0,3,1,132.9,277.8,No
CUST-14373,Female,0,27,62,18.25,1101.97,No,One year,Electronic check,No internet service,No internet service,No internet service,No internet service,Yes,No,No,1,3,1,92.0,132.2,No
CUST-14374,Male,1,75,28,59.29,1648.62,DSL,Two year,Mailed check,No,No,Yes,No,Yes,No,No,0,5,0,128.4,125.3,No
CUST-14375,Male,0,29,4,68.22,245.82,DSL,Month-to-month,Bank transfer (automatic),No,No,Yes,Yes,Yes,No,No,0,4,1,273.8,543.8,No
CUST-14376,Male,0,20,13,63.15,828.4,DSL,Month-to-month,Mailed check,Yes,No,Yes,No,Yes,No,No,0,3,3,84.5,77.1,No
CUST-14377,Male,0,44,51,83.61,4270.35,Fiber optic,One year,Mailed check,No,No,No,Yes,Yes,No,No,0,4,1,171.2,247.9,No
CUST-14378,Female,0,40,48,23.11,1114.74,No,Month-to-month,Bank transfer (automatic),No internet service,No internet service,No internet service,No internet service,Yes,Yes,No,0,4,0,210.6,476.3,No
CUST-14379,Male,0,57,39,54.97,2122.89,DSL,Month-to-month,Credit card (automatic),No,No,No,Yes,Yes,No,No,0,4,1,196.6,386.7,Yes
CUST-14380,Male,1,77,67,57.07,3850.36,DSL,Month-to-month,Credit card (automatic),No,No,No,No,Yes,Yes,No,1,3,0,72.7,122.1,No
CUST-14381,Female,0,31,58,48.94,2840.57,DSL,Month-to-month,Electronic check,No,No,No,No,Yes,Yes,Yes,1,3,0,112.4,258.5,No
CUST-14382,Male,0,40,2,20.04,43.43,No,Two year,Bank transfer (automatic),No internet service,No internet service,No internet service,No internet service,Yes,No,Yes,1,2,1,101.3,210.1,No
CUST-14383,Male,0,48,25,91.95,2301.41,DSL,One year,Electronic check,Yes,Yes,Yes,Yes,Yes,No,Yes,1,3,2,82.1,131.2,No
CUST-14384,Female,0,30,11,118.05,1300.01,Fiber optic,Month-to-month,Bank transfer (automatic),Yes,Yes,Yes,Yes,Yes,No,No,0,4,1,76.5,158.4,No
CUST-14385,Male,0,29,1,55.6,81.91,DSL,Month-to-month,Mailed check,Yes,No,No,No,No,No phone service,No,1,3,0,218.6,503.1,Yes
CUST-14386,Male,0,52,48,24.53,1183.56,No,Two year,Mailed check,No internet service,No internet service,No internet service,No internet service,Yes,Yes,Yes,0,4,1,200.4,209.3,No
CUST-14387,Male,1,66,48,69.41,3330.79,DSL,Month-to-month,Bank transfer (automatic),No,No,Yes,No,Yes,Yes,Yes,0,3,2,63.8,72.8,Yes
CUST-14388,Male,0,38,10,22.49,240.89,No,Month-to-month,Bank transfer (automatic),No internet service,No internet service,No internet service,No internet service,No,No phone service,No,1,3,2,135.7,276.0,Yes
CUST-14389,Male,0,62,30,18.96,553.89,No,Two year,Bank transfer (automatic),No internet service,No internet service,No internet service,No internet service,No,No phone service,No,0,3,3,152.1,165.7,No
CUST-14390,Female,0,64,35,62.77,2178.47,DSL,Two year,Electronic check,No,No,No,Yes,Yes,Yes,No,0,3,2,45.0,48.7,No
CUST-14391,Female,1,75,19,77.48,1468.47,Fiber optic,Month-to-month,Bank transfer (automatic),No,No,No,Yes,Yes,No,No,0,4,0,102.5,196.4,Yes
CUST-14392,Female,0,18,53,88.91,4683.17,Fiber optic,Month-to-month,Credit card (automatic),Yes,No,No,Yes,Yes,No,Yes,0,4,1,125.7,215.0,No
CUST-14393,Female,0,55,34,89.78,3040.13,DSL,Month-to-month,Electronic check,No,Yes,Yes,Yes,Yes,Yes,No,0,3,3,78.0,162.8,Yes
CUST-14394,Female,0,58,32,66.09,2110.08,Fiber optic,Month-to-month,Electronic check,No,No,No,No,Yes,No,Yes,0,3,1,247.5,332.2,Yes
CUST-14395,Female,1,72,6,81.29,492.46,DSL,One year,Credit card (automatic),Yes,Yes,No,Yes,Yes,Yes,No,1,1,1,57.9,106.2,Yes
CUST-14396,Male,0,64,13,63.96,834.07,DSL,Month-to-month,Mailed check,Yes,No,No,Yes,Yes,No,No,1,3,2,45.4,105.5,Yes
CUST-14397,Female,0,26,64,98.95,6324.84,Fiber optic,Month-to-month,Bank transfer (automatic),No,Yes,Yes,No,Yes,Yes,No,0,3,4,94.2,220.0,Yes
CUST-14398,Female,0,40,7,51.89,353.83,DSL,Month-to-month,Mailed check,No,Yes,No,No,Yes,No,No,0,4,2,95.5,182.4,Yes
CUST-14399,Male,0,31,45,81.04,3616.88,DSL,Two year,Credit card (automatic),No,No,Yes,Yes,Yes,Yes,No,0,3,2,63.7,53.5,No
CUST-14400,Male,0,28,45,107.58,4863.97,Fiber optic,Month-to-month,Credit card (automatic),Yes,Yes,No,Yes,Yes,Yes,No,0,4,3,77.3,131.3,No
CUST-14401,Female,0,24,65,74.19,4806.23,Fiber optic,Month-to-month,Electronic check,No,No,No,No,Yes,No,No,0,4,2,96.9,88.7,No
CUST-14402,Male,0,48,19,24.85,463.63,No,Two year,Mailed check,No internet service,No internet service,No internet service,No internet service,Yes,No,Yes,0,3,2,56.3,139.8,No
CUST-14403,Female,1,71,47,72.55,3381.07,Fiber optic,Month-to-month,Mailed check,No,No,No,No,Yes,No,No,0,4,2,245.6,612.8,Yes
CUST-14404,Male,1,67,46,75.07,3480.63,Fiber optic,Month-to-month,Electronic check,No,Yes,No,No,Yes,No,Yes,1,3,1,195.2,194.7,Yes
CUST-14405,Female,0,47,29,67.4,1954.27,Fiber optic,Month-to-month,Mailed check,No,No,No,No,Yes,No,No,1,2,0,75.2,118.5,No
CUST-14406,Male,0,51,61,89.67,5441.27,Fiber optic,Month-to-month,Bank transfer (automatic),Yes,No,No,Yes,Yes,No,No,1,4,0,274.0,620.3,No
CUST-14407,Male,0,63,65,57.43,3718.02,DSL,Month-to-month,Credit card (automatic),No,No,Yes,No,Yes,No,No,0,5,0,11.9,11.9,No
CUST-14408,Female,0,55,23,100.58,2336.1,Fiber optic,Month-to-month,Credit card (automatic),Yes,No,Yes,Yes,Yes,No,No,1,2,2,80.0,139.1,Yes
CUST-14409,Female,0,22,51,23.77,1204.81,No,Month-to-month,Electronic check,No internet service,No internet service,No internet service,No internet service,Yes,Yes,No,0,3,0,153.8,175.2,No
CUST-14410,Female,0,22,63,76.76,4847.24,Fiber optic,Month-to-month,Bank transfer (automatic),Yes,No,No,No,No,No phone service,No,0,5,0,154.0,250.3,No
CUST-14411,Female,0,36,22,55.27,1222.77,DSL,Month-to-month,Mailed check,No,No,Yes,No,No,No phone service,Yes,0,3,2,81.4,93.1,No
CUST-14412,Female,0,55,71,83.49,5926.11,Fiber optic,Month-to-month,Electronic check,Yes,No,No,No,Yes,Yes,No,0,5,1,52.4,89.2,No
CUST-14413,Male,0,45,33,18.25,622.24,No,Month-to-month,Mailed check,No internet service,No internet service,No internet service,No internet service,Yes,No,No,0,4,2,126.3,189.4,No
CUST-14414,Female,0,43,44,63.68,2774.34,DSL,Month-to-month,Credit card (automatic),No,Yes,Yes,No,Yes,No,No,1,2,2,100.9,148.3,Yes
CUST-14415,Female,0,59,7,30.72,239.79,No,Two year,Mailed check,No internet service,No internet service,No internet service,No internet service,Yes,Yes,No,0,4,1,126.7,135.9,No
CUST-14416,Male,0,40,2,93.7,200.48,DSL,Month-to-month,Credit card (automatic),Yes,Yes,Yes,Yes,Yes,Yes,No,0,3,3,112.0,215.2,Yes
CUST-14417,Male,1,73,17,77.92,1346.46,DSL,Month-to-month,Bank transfer (automatic),Yes,No,No,Yes,Yes,Yes,Yes,0,4,1,60.1,55.3,No
CUST-14418,Female,0,47,65,20.08,1276.22,No,One year,Mailed check,No internet service,No internet service,No internet service,No internet service,Yes,No,No,0,4,1,78.6,187.7,No
CUST-14419,Male,0,20,58,90.58,5228.73,Fiber optic,Month-to-month,Electronic check,No,Yes,No,No,Yes,Yes,No,1,2,4,120.6,108.6,No
CUST-14420,Male,0,45,30,66.5,1977.35,DSL,One year,Electronic check,Yes,No,No,Yes,Yes,No,No,0,4,2,213.1,319.6,No
CUST-14421,Female,0,50,26,86.01,2241.87,Fiber optic,One year,Bank transfer (automatic),No,No,No,Yes,Yes,No,No,0,4,3,31.0,39.9,Yes
CUST-14422,Male,1,69,35,64.77,2242.5,DSL,One year,Bank transfer (automatic),No,Yes,Yes,No,Yes,No,No,0,4,0,108.2,188.0,No
CUST-14423,Male,0,20,63,30.67,1958.1,No,One year,Mailed check,No internet service,No internet service,No internet service,No internet service,Yes,Yes,No,1,4,1,142.6,120.1,No
CUST-14424,Female,0,22,71,18.25,1310.67,No,Month-to-month,Mailed check,No internet service,No internet service,No internet service,No internet service,Yes,No,Yes,0,3,4,40.5,62.6,No
CUST-14425,Female,0,36,28,95.83,2701.7,Fiber optic,One year,Credit card (automatic),Yes,No,No,Yes,No,No phone service,Yes,0,4,0,130.8,272.2,No
CUST-14426,Male,0,59,25,77.28,1937.03,Fiber optic,Month-to-month,Electronic check,No,No,Yes,No,Yes,No,No,0,4,2,94.7,205.7,No
CUST-14427,Male,1,71,61,99.57,6081.63,Fiber optic,Month-to-month,Mailed check,Yes,No,Yes,No,Yes,Yes,Yes,1,3,0,154.4,368.7,No
CUST-14428,Female,0,55,31,99.21,3058.77,Fiber optic,Two year,Bank transfer (automatic),No,Yes,No,Yes,Yes,Yes,Yes,0,4,1,149.7,147.3,No
CUST-14429,Male,0,26,54,83.24,4519.56,Fiber optic,Month-to-month,Electronic check,No,No,No,Yes,Yes,No,No,1,3,2,35.5,61.8,Yes
CUST-14430,Male,0,22,67,81.41,5463.41,Fiber optic,Two year,Credit card (automatic),No,No,Yes,No,Yes,No,No,0,2,0,95.9,142.2,No
CUST-14431,Male,0,63,51,28.89,1468.45,No,Month-to-month,Bank transfer (automatic),No internet service,No internet service,No internet service,No internet service,Yes,Yes,No,0,4,0,47.2,89.7,No
CUST-14432,Female,0,59,58,78.62,4582.86,DSL,Month-to-month,Electronic check,No,Yes,Yes,No,Yes,Yes,No,0,3,2,102.9,227.8,No
CUST-14433,Male,0,51,34,63.42,2178.11,DSL,Month-to-month,Credit card (automatic),Yes,No,Yes,No,Yes,No,Yes,0,4,2,70.4,128.1,No
CUST-14434,Male,0,54,59,62.44,3653.99,DSL,One year,Credit card (automatic),Yes,Yes,No,No,Yes,No,Yes,0,2,4,58.8,69.9,No
CUST-14435,Female,0,50,21,82.03,1748.12,DSL,Month-to-month,Credit card (automatic),No,Yes,Yes,Yes,Yes,No,No,1,1,5,96.8,130.3,Yes
CUST-14436,Male,1,80,56,25.28,1407.49,No,Month-to-month,Mailed check,No internet service,No internet service,No internet service,No internet service,Yes,Yes,No,0,3,1,70.1,162.4,No
CUST-14437,Male,0,59,37,57.06,2106.55,DSL,Month-to-month,Credit card (automatic),No,No,No,No,Yes,Yes,No,1,1,3,11.5,22.3,Yes
CUST-14438,Female,0,46,64,94.41,6017.36,Fiber optic,One year,Electronic check,No,No,Yes,Yes,Yes,No,Yes,0,3,4,107.8,195.5,No
CUST-14439,Female,0,42,19,64.82,1254.23,DSL,Month-to-month,Mailed check,No,No,Yes,Yes,Yes,No,No,1,1,2,116.6,120.9,Yes
CUST-14440,Female,0,26,53,18.25,969.6,No,Two year,Electronic check,No internet service,No internet service,No internet service,No internet service,Yes,No,No,0,5,0,118.6,163.7,No
CUST-14441,Female,0,20,71,92.63,6601.07,Fiber optic,Month-to-month,Mailed check,Yes,Yes,No,No,Yes,No,Yes,0,4,0,46.2,62.3,No
CUST-14442,Male,0,32,63,68.56,4336.13,DSL,Month-to-month,Credit card (automatic),No,No,Yes,No,Yes,Yes,Yes,1,2,2,91.7,77.4,No
CUST-14443,Male,0,21,62,91.4,5690.68,Fiber optic,Month-to-month,Credit card (automatic),No,No,Yes,Yes,Yes,No,No,0,4,3,69.2,164.7,No
CUST-14444,Female,0,62,72,75.41,5456.42,Fiber optic,Two year,Bank transfer (automatic),No,No,No,No,Yes,Yes,Yes,0,4,3,53.0,72.3,No
CUST-14445,Female,0,55,19,24.54,489.41,No,Month-to-month,Mailed check,No internet service,No internet service,No internet service,No internet service,Yes,No,No,0,3,3,196.8,191.8,No
CUST-14446,Male,0,37,2,81.56,145.71,Fiber optic,Month-to-month,Credit card (automatic),Yes,No,No,No,No,No phone service,Yes,0,4,1,99.9,163.8,Yes
CUST-14447,Female,0,40,6,88.68,506.29,Fiber optic,One year,Mailed check,Yes,No,Yes,No,Yes,No,Yes,0,3,2,36.8,57.5,Yes
CUST-14448,Male,0,54,29,81.49,2370.43,Fiber optic,Month-to-month,Electronic check,No,No,Yes,No,No,No phone service,No,0,4,2,73.7,165.5,Yes
CUST-14449,Female,1,67,41,24.1,967.4,No,One year,Bank transfer (automatic),No internet service,No internet service,No internet service,No internet service,Yes,No,Yes,0,4,1,31.1,67.2,No
CUST-14450,Male,1,70,51,105.21,5387.5,Fiber optic,Month-to-month,Mailed check,Yes,No,Yes,Yes,Yes,No,Yes,0,3,2,67.8,144.3,Yes
CUST-14451,Female,0,54,5,27.07,162.2,No,Month-to-month,Electronic check,No internet service,No internet service,No internet service,No internet service,Yes,Yes,No,0,4,3,101.5,242.1,Yes
CUST-14452,Female,0,62,41,96.51,3934.19,Fiber optic,Month-to-month,Credit card (automatic),No,Yes,Yes,No,Yes,Yes,Yes,0,3,3,47.4,68.1,No
CUST-14453,Male,0,50,62,22.26,1364.27,No,Month-to-month,Bank transfer (automatic),No internet service,No internet service,No internet service,No internet service,Yes,No,No,0,4,0,68.8,124.0,No
CUST-14454,Female,0,50,30,18.25,555.01,No,One year,Credit card (automatic),No internet service,No internet service,No internet service,No internet service,Yes,No,No,0,4,2,167.6,324.8,No
CUST-14455,Male,1,76,62,82.66,5138.44,Fiber optic,One year,Bank transfer (automatic),No,No,Yes,No,Yes,No,Yes,0,3,1,48.1,77.1,No
CUST-14456,Male,0,39,27,83.0,2241.74,Fiber optic,Month-to-month,Electronic check,No,No,Yes,No,Yes,No,Yes,0,3,2,93.3,113.3,No
CUST-14457,Male,0,22,50,70.55,3519.64,Fiber optic,Two year,Electronic check,No,No,No,No,Yes,No,No,0,4,0,95.9,223.3,No
CUST-14458,Male,0,63,52,50.46,2612.28,DSL,Month-to-month,Credit card (automatic),No,No,No,No,Yes,Yes,No,1,2,1,86.6,201.9,Yes
CUST-14459,Male,0,32,49,92.08,4521.88,Fiber optic,Month-to-month,Electronic check,No,No,No,Yes,Yes,Yes,No,0,4,2,70.1,147.6,Yes
CUST-14460,Female,0,38,62,90.66,5635.59,Fiber optic,One year,Bank transfer (automatic),No,No,Yes,No,Yes,Yes,No,0,4,0,120.1,166.7,No
CUST-14461,Female,0,42,60,79.04,4729.73,Fiber optic,One year,Electronic check,Yes,No,No,No,Yes,No,Yes,1,2,4,277.0,222.9,No
CUST-14462,Male,0,34,54,87.52,4715.64,Fiber optic,Month-to-month,Bank transfer (automatic),Yes,No,Yes,No,Yes,No,No,0,5,1,140.3,229.4,No
CUST-14463,Female,0,24,5,88.31,439.15,Fiber optic,One year,Electronic check,No,No,Yes,No,Yes,Yes,No,0,3,0,90.7,153.4,Yes
CUST-14464,Male,0,36,9,18.52,163.69,No,Month-to-month,Electronic check,No internet service,No internet service,No internet service,No internet service,Yes,No,Yes,0,4,0,103.4,168.5,No
CUST-14465,Female,0,24,34,30.91,1071.5,No,One year,Bank transfer (automatic),No internet service,No internet service,No internet service,No internet service,Yes,Yes,Yes,1,2,4,72.0,69.4,Yes
CUST-14466,Female,0,57,36,94.13,3384.89,Fiber optic,Two year,Electronic check,No,No,Yes,Yes,No,No phone service,No,0,4,3,135.7,290.3,No
CUST-14467,Female,0,62,20,57.32,1175.1,DSL,One year,Mailed check,No,No,No,No,Yes,Yes,No,0,3,2,37.9,64.6,Yes
CUST-14468,Female,0,41,63,47.51,2981.79,DSL,Month-to-month,Bank transfer (automatic),No,No,No,No,Yes,No,Yes,0,4,0,123.0,144.8,No
CUST-14469,Male,1,78,67,77.38,5196.03,DSL,One year,Bank transfer (automatic),No,No,Yes,Yes,Yes,Yes,No,0,3,1,198.8,482.3,No
CUST-14470,Male,1,65,30,63.69,1926.24,DSL,One year,Electronic check,No,Yes,Yes,No,Yes,No,Yes,0,4,2,177.5,233.2,No
CUST-14471,Female,1,75,69,42.21,2920.31,DSL,Month-to-month,Bank transfer (automatic),No,No,No,No,Yes,No,No,0,4,3,85.6,124.1,No
CUST-14472,Female,0,49,70,83.6,5844.02,DSL,Month-to-month,Credit card (automatic),No,Yes,Yes,Yes,Yes,Yes,Yes,0,3,6,129.8,192.4,No
CUST-14473,Male,0,57,3,44.43,118.73,DSL,Two year,Bank transfer (automatic),No,No,No,No,Yes,No,No,0,3,5,125.3,185.7,No
CUST-14474,Female,0,61,49,94.23,4623.53,Fiber optic,Month-to-month,Bank transfer (automatic),No,Yes,Yes,No,Yes,No,No,1,3,0,225.7,427.2,Yes
CUST-14475,Male,1,74,42,94.59,3982.3,Fiber optic,Month-to-month,Credit card (automatic),No,Yes,Yes,No,Yes,No,No,0,3,2,34.4,44.1,No
CUST-14476,Male,1,76,24,73.96,1760.5,Fiber optic,Month-to-month,Credit card (automatic),No,No,No,No,Yes,Yes,No,0,3,2,36.4,85.0,Yes
CUST-14477,Male,1,74,44,86.96,3816.43,DSL,One year,Mailed check,Yes,No,Yes,Yes,Yes,Yes,No,0,4,1,56.2,99.7,No
CUST-14478,Female,0,41,1,99.81,121.53,Fiber optic,Two year,Credit card (automatic),Yes,No,Yes,No,Yes,Yes,Yes,0,3,1,35.1,80.6,No
CUST-14479,Male,1,74,54,72.39,3927.69,DSL,One year,Electronic check,Yes,Yes,No,No,Yes,Yes,Yes,0,3,1,59.4,140.2,No
CUST-14480,Female,0,64,52,90.01,4661.55,Fiber optic,Month-to-month,Credit card (automatic),No,Yes,No,Yes,Yes,No,No,0,5,1,95.1,200.4,Yes
CUST-14481,Male,0,26,36,27.76,1025.36,No,One year,Electronic check,No internet service,No internet service,No internet service,No internet service,Yes,Yes,No,0,3,3,45.2,54.9,No
CUST-14482,Female,0,52,38,82.17,3130.14,Fiber optic,One year,Mailed check,No,No,Yes,No,Yes,No,No,1,3,1,210.2,286.0,No
CUST-14483,Female,0,37,44,58.0,2551.81,DSL,One year,Credit card (automatic),No,No,No,Yes,Yes,No,Yes,1,2,2,119.8,142.5,Yes
CUST-14484,Female,0,36,47,55.77,2603.24,DSL,Month-to-month,Electronic check,No,No,No,Yes,Yes,No,No,0,4,1,270.5,426.5,No
CUST-14485,Male,0,35,29,94.45,2752.86,Fiber optic,One year,Electronic check,No,No,No,Yes,Yes,Yes,Yes,0,3,0,149.1,248.8,No
CUST-14486,Male,0,37,51,88.39,4533.14,Fiber optic,Month-to-month,Bank transfer (automatic),No,No,Yes,No,Yes,Yes,No,0,4,0,143.9,197.9,No
CUST-14487,Female,0,47,41,31.95,1283.85,No,Month-to-month,Bank transfer (automatic),No internet service,No internet service,No internet service,No internet service,Yes,Yes,Yes,0,4,1,104.0,237.4,No
CUST-14488,Female,1,67,64,103.01,6593.88,Fiber optic,Month-to-month,Electronic check,Yes,No,No,Yes,Yes,Yes,No,0,3,5,236.6,348.4,No
CUST-14489,Female,0,18,48,27.65,1349.83,No,Two year,Mailed check,No internet service,No internet service,No internet service,No internet service,Yes,Yes,Yes,0,3,2,229.9,459.2,No
CUST-14490,Male,0,41,22,19.96,466.27,No,Month-to-month,Mailed check,No internet service,No internet service,No internet service,No internet service,Yes,No,No,0,4,1,33.1,73.4,No
CUST-14491,Male,0,41,17,78.7,1312.23,DSL,Two year,Electronic check,Yes,No,No,Yes,Yes,Yes,No,0,4,1,240.0,257.7,No
CUST-14492,Male,1,74,5,86.93,452.11,DSL,Month-to-month,Mailed check,Yes,No,Yes,Yes,Yes,Yes,No,0,3,2,84.8,170.9,No
CUST-14493,Male,0,36,61,66.79,4061.07,DSL,One year,Electronic check,Yes,Yes,No,No,No,No phone service,No,1,2,0,49.2,52.7,No
CUST-14494,Female,0,47,6,78.09,471.03,DSL,Month-to-month,Electronic check,Yes,No,Yes,No,Yes,Yes,Yes,0,3,2,159.4,334.5,Yes
CUST-14495,Female,0,43,53,24.08,1293.26,No,Month-to-month,Bank transfer (automatic),No internet service,No internet service,No internet service,No internet service,Yes,No,No,0,3,0,162.7,287.1,No
CUST-14496,Male,0,59,17,91.18,1552.77,Fiber optic,One year,Credit card (automatic),No,No,Yes,Yes,No,No phone service,No,0,3,2,122.1,204.4,No
CUST-14497,Male,0,61,59,86.75,5094.85,Fiber optic,One year,Bank transfer (automatic),No,No,Yes,No,Yes,No,Yes,0,4,1,124.8,212.3,No
CUST-14498,Female,1,71,39,106.65,4164.78,Fiber optic,One year,Electronic check,Yes,Yes,No,Yes,Yes,No,No,0,4,0,100.6,149.1,No
CUST-14499,Male,0,46,54,62.97,3377.45,DSL,One year,Bank transfer (automatic),No,No,Yes,No,Yes,Yes,No,1,2,0,55.3,48.9,No
CUST-14500,Male,0,30,48,83.14,3981.57,Fiber optic,One year,Credit card (automatic),No,No,Yes,No,Yes,No,No,0,2,3,78.6,136.7,Yes
CUST-14501,Male,1,65,37,23.47,871.88,No,Two year,Mailed check,No internet service,No internet service,No internet service,No internet service,Yes,Yes,No,1,3,1,107.8,90.4,No
CUST-14502,Male,1,68,48,108.68,5246.12,Fiber optic,Month-to-month,Mailed check,Yes,No,Yes,Yes,Yes,Yes,No,0,3,2,151.4,356.0,No
CUST-14503,Male,0,34,68,20.84,1430.74,No,Month-to-month,Credit card (automatic),No internet service,No internet service,No internet service,No internet service,Yes,No,Yes,0,3,2,113.4,138.7,No
CUST-14504,Male,1,70,27,81.5,2188.7,Fiber optic,Month-to-month,Bank transfer (automatic),No,Yes,No,No,Yes,No,No,1,2,3,73.9,140.6,Yes
CUST-14505,Female,0,22,27,90.35,2462.04,Fiber optic,Month-to-month,Credit card (automatic),Yes,Yes,No,No,Yes,No,Yes,0,4,2,126.6,221.9,Yes
CUST-14506,Male,0,45,72,94.05,6755.17,Fiber optic,One year,Bank transfer (automatic),Yes,No,No,Yes,Yes,No,No,1,3,1,160.5,296.7,No
CUST-14507,Male,0,41,63,102.93,6477.63,Fiber optic,Month-to-month,Electronic check,No,Yes,Yes,No,Yes,Yes,No,0,4,1,67.0,90.5,Yes
CUST-14508,Female,0,34,52,83.68,4360.18,DSL,Month-to-month,Electronic check,No,Yes,Yes,Yes,Yes,Yes,No,0,4,0,58.5,91.5,Yes
CUST-14509,Female,0,56,47,21.6,1009.83,No,Month-to-month,Bank transfer (automatic),No internet service,No internet service,No internet service,No internet service,Yes,No,No,1,2,4,159.1,329.9,Yes
CUST-14510,Female,0,57,21,110.63,2337.0,Fiber optic,One year,Mailed check,Yes,Yes,Yes,No,Yes,Yes,No,0,5,1,81.7,119.7,No
CUST-14511,Male,0,61,57,53.18,3040.3,DSL,Month-to-month,Mailed check,No,No,Yes,No,Yes,No,No,0,4,2,72.7,93.4,Yes
CUST-14512,Female,0,63,42,99.29,4180.22,Fiber optic,Month-to-month,Electronic check,Yes,Yes,Yes,No,Yes,No,No,0,4,3,132.0,112.6,No
CUST-14513,Male,0,28,48,103.2,4948.82,Fiber optic,One year,Credit card (automatic),Yes,No,Yes,Yes,Yes,No,Yes,0,3,1,105.5,169.8,No
CUST-14514,Male,0,29,27,48.64,1286.59,DSL,One year,Credit card (automatic),No,No,No,No,Yes,No,Yes,1,4,0,119.2,236.1,Yes
CUST-14515,Male,0,30,72,91.17,6586.6,Fiber optic,Month-to-month,Mailed check,No,No,Yes,Yes,Yes,No,No,0,3,3,89.6,115.7,No
CUST-14516,Female,0,25,33,24.83,793.83,No,One year,Bank transfer (automatic),No internet service,No internet service,No internet service,No internet service,Yes,Yes,No,0,4,0,60.2,136.8,No
CUST-14517,Female,0,18,35,77.21,2700.19,DSL,Month-to-month,Electronic check,No,Yes,No,Yes,Yes,Yes,No,0,4,1,67.0,66.8,No
CUST-14518,Female,0,26,16,86.76,1376.28,Fiber optic,Two year,Mailed check,No,No,No,Yes,Yes,No,No,0,4,2,58.3,83.6,No
CUST-14519,Female,0,45,36,66.47,2380.7,DSL,Month-to-month,Mailed check,Yes,No,Yes,No,Yes,No,No,0,4,1,164.4,338.2,No
CUST-14520,Female,0,19,66,88.5,5824.6,Fiber optic,Two year,Bank transfer (automatic),No,No,Yes,No,Yes,Yes,No,1,2,2,247.3,605.4,Yes
CUST-14521,Male,0,31,56,52.54,2928.54,DSL,Two year,Mailed check,Yes,No,No,No,Yes,No,Yes,1,1,2,66.8,96.3,No
CUST-14522,Male,1,73,17,18.25,337.57,No,One year,Mailed check,No internet service,No internet service,No internet service,No internet service,Yes,No,No,0,2,4,78.2,161.1,Yes
CUST-14523,Male,0,19,20,18.25,393.32,No,Month-to-month,Electronic check,No internet service,No internet service,No internet service,No internet service,Yes,No,Yes,0,4,1,147.1,290.7,No
CUST-14524,Male,0,21,8,85.93,691.7,Fiber optic,Month-to-month,Electronic check,No,No,No,Yes,Yes,Yes,No,0,4,1,31.5,75.4,Yes
CUST-14525,Female,0,29,18,81.94,1476.4,Fiber optic,Month-to-month,Credit card (automatic),No,No,Yes,No,Yes,No,Yes,0,4,3,112.3,185.5,Yes
CUST-14526,Female,1,77,18,69.78,1228.94,DSL,Two year,Electronic check,No,No,Yes,No,Yes,Yes,No,0,4,0,96.4,173.8,No
CUST-14527,Male,0,20,18,22.87,429.88,No,One year,Electronic check,No internet service,No internet service,No internet service,No internet service,Yes,No,Yes,1,3,1,55.6,59.8,No
CUST-14528,Female,0,21,2,29.02,38.27,No,Two year,Mailed check,No internet service,No internet service,No internet service,No internet service,Yes,Yes,Yes,0,3,2,239.4,300.0,No
CUST-14529,Female,0,23,72,79.87,5729.2,Fiber optic,One year,Electronic check,Yes,No,No,No,No,No phone service,No,0,3,3,50.0,93.8,No
CUST-14530,Male,0,40,51,46.17,2350.11,DSL,Month-to-month,Mailed check,No,No,No,No,Yes,No,Yes,1,3,1,38.1,66.8,Yes
CUST-14531,Male,0,22,10,18.76,178.45,No,Month-to-month,Mailed check,No internet service,No internet service,No internet service,No internet service,Yes,No,No,0,4,0,37.2,57.9,No
CUST-14532,Female,0,20,14,86.78,1190.72,Fiber optic,Month-to-month,Electronic check,No,No,No,Yes,Yes,Yes,No,0,3,3,59.4,118.3,Yes
CUST-14533,Female,0,27,26,20.9,522.28,No,Month-to-month,Electronic check,No internet service,No internet service,No internet service,No internet service,Yes,No,No,0,4,2,148.9,181.1,No
CUST-14534,Male,0,60,47,82.28,3896.7,Fiber optic,One year,Electronic check,No,No,Yes,No,Yes,No,No,0,4,0,46.9,93.3,No
CUST-14535,Male,0,36,30,96.45,2907.59,Fiber optic,Two year,Mailed check,No,Yes,No,Yes,Yes,No,No,0,4,1,74.8,83.7,No
CUST-14536,Male,0,31,56,103.5,5801.91,Fiber optic,One year,Credit card (automatic),No,No,Yes,Yes,Yes,Yes,Yes,0,3,1,45.9,75.3,No
CUST-14537,Female,0,38,42,79.73,3336.88,DSL,Two year,Electronic check,No,No,Yes,Yes,Yes,Yes,No,0,4,1,209.4,207.9,No
CUST-14538,Male,0,60,4,18.25,68.71,No,Two year,Bank transfer (automatic),No internet service,No internet service,No internet service,No internet service,Yes,No,No,0,4,0,25.8,43.3,No
CUST-14539,Male,1,74,11,67.61,751.39,DSL,Month-to-month,Credit card (automatic),No,No,Yes,No,Yes,Yes,Yes,1,3,0,111.5,244.9,Yes
CUST-14540,Female,1,76,24,96.83,2340.98,Fiber optic,Month-to-month,Electronic check,Yes,No,No,Yes,Yes,No,Yes,0,4,0,58.6,95.1,No
CUST-14541,Female,0,53,67,99.57,6697.97,Fiber optic,One year,Bank transfer (automatic),Yes,Yes,No,No,Yes,Yes,No,0,4,0,62.8,85.3,No
CUST-14542,Female,0,41,37,77.42,2841.9,DSL,Month-to-month,Bank transfer (automatic),Yes,No,No,Yes,Yes,Yes,No,0,4,1,102.7,106.2,No
CUST-14543,Female,0,55,2,77.8,137.1,DSL,Month-to-month,Bank transfer (automatic),Yes,Yes,No,No,Yes,Yes,No,1,3,0,211.3,297.9,Yes
CUST-14544,Female,0,34,12,95.91,1154.97,DSL,Month-to-month,Credit card (automatic),Yes,Yes,Yes,Yes,Yes,Yes,No,0,5,0,100.4,226.6,No
CUST-14545,Male,0,39,21,117.24,2488.35,Fiber optic,Two year,Mailed check,Yes,Yes,Yes,Yes,Yes,No,No,0,4,0,52.6,77.1,No
CUST-14546,Male,1,68,69,54.0,3723.15,DSL,Month-to-month,Electronic check,Yes,No,No,No,Yes,No,No,0,4,2,38.3,42.7,No
CUST-14547,Female,0,62,71,19.26,1375.5,No,One year,Mailed check,No internet service,No internet service,No internet service,No internet service,Yes,No,No,0,4,1,34.4,79.5,No
CUST-14548,Female,0,27,64,86.58,5528.74,DSL,Two year,Electronic check,Yes,Yes,Yes,No,Yes,Yes,Yes,0,4,0,83.1,197.6,No
CUST-14549,Female,0,28,68,74.56,5088.78,DSL,One year,Electronic check,Yes,Yes,Yes,No,Yes,No,Yes,1,3,1,152.7,369.8,No
CUST-14550,Female,0,55,43,24.93,1078.31,No,One year,Credit card (automatic),No internet service,No internet service,No internet service,No internet service,Yes,No,No,0,4,2,92.7,155.9,No
CUST-14551,Female,0,19,54,55.29,2978.57,DSL,One year,Mailed check,No,No,Yes,No,Yes,No,No,0,4,0,31.2,54.8,No
CUST-14552,Male,0,50,62,53.23,3302.82,DSL,Month-to-month,Mailed check,No,No,No,Yes,Yes,No,No,0,2,3,86.2,113.4,No
CUST-14553,Male,0,60,12,51.23,626.45,DSL,Month-to-month,Electronic check,No,No,No,No,Yes,Yes,No,0,3,1,203.8,279.8,Yes
CUST-14554,Male,1,78,1,93.56,93.56,Fiber optic,Two year,Electronic check,No,No,No,Yes,Yes,Yes,Yes,1,2,1,123.8,207.5,Yes
CUST-14555,Male,0,52,72,55.14,3960.57,DSL,Month-to-month,Electronic check,No,No,No,Yes,Yes,No,Yes,0,5,1,126.9,136.4,No
CUST-14556,Female,1,75,33,21.11,681.66,No,One year,Credit card (automatic),No internet service,No internet service,No internet service,No internet service,Yes,No,No,0,3,0,111.6,271.8,No
CUST-14557,Male,0,64,64,94.35,6066.01,Fiber optic,Month-to-month,Credit card (automatic),No,No,Yes,No,Yes,Yes,Yes,1,2,1,71.0,139.5,No
CUST-14558,Female,0,64,68,25.6,1713.38,No,Month-to-month,Mailed check,No internet service,No internet service,No internet service,No internet service,Yes,Yes,Yes,1,2,2,80.6,70.9,No
CUST-14559,Female,0,53,14,41.31,551.73,DSL,Two year,Electronic check,No,No,No,No,Yes,No,No,0,3,3,85.4,105.8,No
CUST-14560,Female,0,40,14,87.97,1222.92,Fiber optic,One year,Bank transfer (automatic),Yes,No,Yes,No,Yes,No,No,0,3,5,33.2,43.5,No
CUST-14561,Male,1,69,9,78.4,707.88,DSL,Month-to-month,Credit card (automatic),No,Yes,Yes,Yes,No,No phone service,No,1,4,0,96.4,78.8,Yes
CUST-14562,Female,0,57,26,78.04,2018.77,Fiber optic,Two year,Credit card (automatic),No,No,Yes,No,Yes,No,No,0,3,3,131.3,324.7,No
CUST-14563,Male,0,56,49,19.54,978.88,No,One year,Bank transfer (automatic),No internet service,No internet service,No internet service,No internet service,Yes,No,No,0,3,2,107.8,137.5,No
CUST-14564,Male,0,43,17,88.63,1486.87,DSL,Month-to-month,Mailed check,Yes,Yes,Yes,No,Yes,Yes,Yes,0,5,0,101.7,90.3,No
CUST-14565,Female,0,42,68,30.77,2084.24,No,One year,Bank transfer (automatic),No internet service,No internet service,No internet service,No internet service,Yes,Yes,No,0,4,4,33.0,75.6,No
CUST-14566,Female,1,66,60,45.82,2748.48,DSL,Month-to-month,Electronic check,No,No,No,No,Yes,No,No,0,3,2,56.6,55.9,No
CUST-14567,Female,0,32,3,92.5,259.63,DSL,One year,Bank transfer (automatic),Yes,Yes,Yes,Yes,Yes,No,Yes,0,3,1,41.7,65.7,No
CUST-14568,Male,0,54,25,24.0,587.41,No,Month-to-month,Bank transfer (automatic),No internet service,No internet service,No internet service,No internet service,Yes,Yes,No,0,4,2,35.4,50.3,No
CUST-14569,Female,0,62,21,113.09,2401.73,Fiber optic,Month-to-month,Bank transfer (automatic),No,Yes,Yes,Yes,Yes,Yes,No,0,4,0,39.1,36.5,No
CUST-14570,Male,1,70,12,65.16,783.13,DSL,One year,Mailed check,No,No,Yes,Yes,Yes,No,No,0,5,2,162.5,139.0,No
CUST-14571,Female,0,39,54,118.75,6434.68,Fiber optic,Two year,Bank transfer (automatic),Yes,Yes,Yes,Yes,Yes,Yes,No,0,4,0,77.2,97.0,No
CUST-14572,Female,0,34,1,19.63,19.63,No,One year,Bank transfer (automatic),No internet service,No internet service,No internet service,No internet service,Yes,No,No,0,3,2,20.4,28.8,No
CUST-14573,Male,0,39,1,54.65,61.39,DSL,Month-to-month,Electronic check,No,No,No,Yes,Yes,No,No,0,4,0,176.6,365.4,Yes
CUST-14574,Male,0,34,45,23.3,1064.29,No,Two year,Credit card (automatic),No internet service,No internet service,No internet service,No internet service,Yes,No,No,0,5,0,111.7,226.9,No
CUST-14575,Male,0,31,46,18.25,834.8,No,One year,Bank transfer (automatic),No internet service,No internet service,No internet service,No internet service,No,No phone service,No,0,4,2,111.2,176.7,No
CUST-14576,Male,0,31,48,82.52,3968.44,Fiber optic,One year,Bank transfer (automatic),No,No,No,Yes,Yes,No,No,1,3,2,117.0,135.4,Yes
CUST-14577,Male,0,34,7,77.82,566.53,Fiber optic,Month-to-month,Electronic check,No,No,No,No,Yes,Yes,No,0,4,2,179.8,401.3,Yes
CUST-14578,Male,0,25,10,44.32,421.65,DSL,Two year,Credit card (automatic),No,No,No,No,Yes,No,No,1,2,1,211.3,402.3,No
CUST-14579,Female,0,51,15,72.34,1076.38,DSL,Two year,Mailed check,No,No,Yes,Yes,Yes,Yes,No,0,4,3,88.9,123.8,No
CUST-14580,Female,0,43,40,71.97,2898.23,Fiber optic,One year,Bank transfer (automatic),No,No,No,No,Yes,No,Yes,1,4,0,260.7,594.5,No
CUST-14581,Male,0,62,11,77.13,832.28,Fiber optic,Two year,Credit card (automatic),No,No,No,Yes,Yes,No,No,1,3,4,59.3,129.9,Yes
CUST-14582,Female,1,76,56,82.21,4607.13,DSL,Month-to-month,Credit card (automatic),Yes,No,Yes,Yes,No,No phone service,No,1,1,4,198.1,158.7,Yes
CUST-14583,Male,1,75,46,87.66,4028.64,Fiber optic,Two year,Bank transfer (automatic),No,No,No,Yes,Yes,Yes,No,0,4,2,130.9,298.1,No
CUST-14584,Female,0,33,45,24.2,1098.89,No,Month-to-month,Electronic check,No internet service,No internet service,No internet service,No internet service,Yes,Yes,Yes,0,3,3,66.9,113.7,No
CUST-14585,Female,0,47,13,27.17,363.29,No,Month-to-month,Credit card (automatic),No internet service,No internet service,No internet service,No internet service,Yes,Yes,No,0,4,0,93.7,222.2,Yes
CUST-14586,Male,0,33,27,67.59,1829.64,DSL,One year,Credit card (automatic),No,Yes,No,Yes,No,No phone service,No,0,4,0,78.0,164.6,No
CUST-14587,Male,0,55,50,80.1,4031.81,Fiber optic,One year,Electronic check,No,No,Yes,No,Yes,No,No,0,4,1,47.2,49.5,No
CUST-14588,Male,0,41,61,86.22,5239.94,Fiber optic,Month-to-month,Mailed check,No,No,Yes,No,Yes,Yes,No,0,4,2,230.4,317.9,No
CUST-14589,Female,0,53,13,62.18,828.45,DSL,Month-to-month,Mailed check,Yes,No,No,Yes,Yes,No,No,0,3,1,158.7,211.1,No
CUST-14590,Male,0,52,12,22.04,263.85,No,Month-to-month,Electronic check,No internet service,No internet service,No internet service,No internet service,Yes,No,No,0,4,3,168.1,335.4,Yes
CUST-14591,Female,1,67,29,95.86,2789.65,Fiber optic,Month-to-month,Electronic check,No,Yes,No,Yes,Yes,No,Yes,0,5,0,112.0,192.1,No
CUST-14592,Male,0,21,20,98.01,1946.62,Fiber optic,Month-to-month,Mailed check,Yes,Yes,No,Yes,Yes,No,No,0,4,0,79.1,99.7,No
CUST-14593,Female,0,35,31,87.31,2682.29,Fiber optic,Month-to-month,Credit card (automatic),No,No,Yes,No,Yes,Yes,No,1,4,1,85.4,178.9,Yes
CUST-14594,Female,0,23,8,62.2,514.26,DSL,Month-to-month,Electronic check,Yes,No,Yes,No,Yes,No,No,1,3,0,88.9,169.9,Yes
CUST-14595,Male,0,43,24,80.85,1925.51,DSL,Two year,Credit card (automatic),No,No,Yes,Yes,Yes,Yes,No,0,3,0,47.2,101.4,No
CUST-14596,Female,0,54,39,111.45,4339.97,Fiber optic,One year,Credit card (automatic),No,Yes,Yes,Yes,Yes,Yes,No,0,3,0,176.1,364.5,No
CUST-14597,Female,0,44,33,77.25,2522.1,DSL,Month-to-month,Credit card (automatic),Yes,Yes,No,No,Yes,Yes,No,0,3,2,330.1,608.4,No
CUST-14598,Male,0,58,42,66.68,2809.57,DSL,Two year,Mailed check,No,Yes,Yes,No,Yes,No,No,0,5,0,162.8,176.2,No
CUST-14599,Female,0,28,15,68.62,1040.55,DSL,One year,Mailed check,No,No,No,Yes,Yes,Yes,Yes,1,2,0,40.2,45.5,Yes
CUST-14600,Male,1,71,68,73.52,5023.46,DSL,Month-to-month,Mailed check,No,No,Yes,Yes,Yes,No,No,0,3,3,112.4,240.4,No
CUST-14601,Male,0,33,65,26.35,1736.21,No,Month-to-month,Credit card (automatic),No internet service,No internet service,No internet service,No internet service,Yes,Yes,No,1,4,1,61.3,138.3,No
CUST-14602,Male,0,36,32,68.41,2201.43,DSL,Month-to-month,Mailed check,Yes,No,No,Yes,Yes,No,No,0,4,2,68.5,113.3,Yes
CUST-14603,Male,0,60,11,68.66,744.59,DSL,Month-to-month,Electronic check,Yes,No,No,Yes,Yes,No,Yes,0,5,0,100.6,249.3,No
CUST-14604,Female,0,32,37,18.25,667.73,No,Month-to-month,Electronic check,No internet service,No internet service,No internet service,No internet service,Yes,No,No,1,2,1,29.9,38.9,No
CUST-14605,Female,0,43,19,19.38,361.12,No,Month-to-month,Mailed check,No internet service,No internet service,No internet service,No internet service,Yes,No,No,0,3,1,115.9,236.9,No
CUST-14606,Female,0,58,51,95.55,4850.83,Fiber optic,Month-to-month,Credit card (automatic),No,Yes,Yes,No,Yes,No,No,1,2,1,15.6,30.2,No
CUST-14607,Male,1,75,34,104.46,3578.48,Fiber optic,One year,Mailed check,No,Yes,No,Yes,Yes,Yes,Yes,0,4,1,34.4,71.2,No
CUST-14608,Female,1,75,71,23.99,1722.38,No,Month-to-month,Bank transfer (automatic),No internet service,No internet service,No internet service,No internet service,Yes,No,No,0,3,2,44.2,66.6,Yes
CUST-14609,Female,0,41,60,96.73,5782.52,Fiber optic,One year,Electronic check,Yes,No,Yes,No,Yes,No,No,1,2,2,78.2,95.0,No
CUST-14610,Male,1,68,53,29.53,1591.88,No,One year,Credit card (automatic),No internet service,No internet service,No internet service,No internet service,Yes,Yes,No,0,5,2,109.4,162.8,No
CUST-14611,Male,0,40,12,87.33,1068.55,Fiber optic,Two year,Mailed check,No,No,Yes,No,Yes,Yes,No,0,5,0,173.6,194.9,No
CUST-14612,Female,0,21,62,28.75,1807.63,No,Month-to-month,Credit card (automatic),No internet service,No internet service,No internet service,No internet service,Yes,Yes,No,0,4,1,211.4,209.3,No
CUST-14613,Male,0,27,66,64.21,4225.0,DSL,Two year,Mailed check,Yes,Yes,No,No,Yes,No,No,0,5,1,61.6,120.9,No
CUST-14614,Male,1,78,48,60.59,2898.45,DSL,Two year,Bank transfer (automatic),No,Yes,No,No,Yes,Yes,No,0,3,4,91.0,225.3,No
CUST-14615,Male,0,36,40,114.73,4587.4,Fiber optic,One year,Mailed check,Yes,No,Yes,Yes,Yes,Yes,No,0,4,3,126.7,245.0,No
CUST-14616,Male,0,32,24,29.29,686.41,No,One year,Electronic check,No internet service,No internet service,No internet service,No internet service,Yes,Yes,No,0,3,1,104.8,107.8,No
CUST-14617,Female,0,51,50,96.9,4842.93,Fiber optic,Month-to-month,Electronic check,No,No,Yes,Yes,Yes,No,Yes,0,4,0,90.0,151.8,No
CUST-14618,Male,0,59,68,89.69,6069.47,Fiber optic,Two year,Electronic check,No,Yes,Yes,No,Yes,No,Yes,0,4,1,164.7,300.9,No
CUST-14619,Male,0,36,43,84.04,3636.37,Fiber optic,Month-to-month,Mailed check,No,Yes,No,No,Yes,No,No,1,3,1,45.5,93.3,Yes
CUST-14620,Male,1,66,17,18.25,289.99,No,One year,Bank transfer (automatic),No internet service,No internet service,No internet service,No internet service,No,No phone service,Yes,0,4,2,88.6,187.7,No
CUST-14621,Male,0,51,55,78.02,4291.15,DSL,Month-to-month,Electronic check,No,No,Yes,Yes,Yes,Yes,Yes,0,4,2,109.1,123.9,No
CUST-14622,Male,0,34,34,62.57,2153.11,DSL,Month-to-month,Mailed check,No,Yes,No,Yes,Yes,No,No,1,4,1,121.2,164.4,Yes
CUST-14623,Male,0,35,70,45.41,3197.96,DSL,One year,Mailed check,No,No,No,No,Yes,No,Yes,0,5,0,87.2,150.3,No
CUST-14624,Male,0,34,60,18.25,1111.57,No,Two year,Mailed check,No internet service,No internet service,No internet service,No internet service,Yes,No,No,0,4,1,55.0,44.4,No
CUST-14625,Male,0,19,51,65.32,3337.65,DSL,Month-to-month,Electronic check,Yes,No,Yes,No,Yes,No,No,1,2,0,105.7,120.2,Yes
CUST-14626,Female,0,18,35,48.61,1697.53,DSL,Two year,Mailed check,No,No,No,No,No,No phone service,No,1,3,2,103.3,250.7,No
CUST-14627,Male,0,60,34,60.94,2068.72,DSL,One year,Mailed check,No,No,Yes,No,Yes,No,Yes,0,5,2,62.2,87.5,No
CUST-14628,Female,0,27,16,59.67,929.94,DSL,Month-to-month,Electronic check,No,No,Yes,No,Yes,No,No,1,3,1,149.9,309.9,Yes
CUST-14629,Male,0,54,18,78.68,1390.13,Fiber optic,Month-to-month,Bank transfer (automatic),Yes,No,No,No,Yes,No,Yes,0,2,3,73.7,118.1,Yes
CUST-14630,Male,0,22,38,70.79,2710.63,Fiber optic,One year,Electronic check,No,No,No,No,Yes,No,No,0,4,1,189.9,474.5,No
CUST-14631,Male,0,29,43,99.24,4261.84,Fiber optic,Month-to-month,Credit card (automatic),No,No,Yes,Yes,Yes,Yes,No,0,4,2,176.4,411.5,Yes
CUST-14632,Male,0,53,32,91.78,2910.2,Fiber optic,Month-to-month,Credit card (automatic),No,No,No,Yes,Yes,Yes,No,1,3,1,20.5,26.4,No
CUST-14633,Female,1,73,7,77.47,552.07,DSL,Month-to-month,Bank transfer (automatic),Yes,No,Yes,Yes,Yes,No,Yes,0,3,2,99.2,214.7,Yes
CUST-14634,Male,0,55,46,64.21,2964.66,DSL,Month-to-month,Electronic check,Yes,No,Yes,No,Yes,No,Yes,0,4,1,59.7,103.8,No
CUST-14635,Male,0,26,61,28.85,1743.5,No,One year,Bank transfer (automatic),No internet service,No internet service,No internet service,No internet service,Yes,Yes,No,0,4,2,115.1,151.9,No
CUST-14636,Female,0,61,18,90.12,1616.8,Fiber optic,Month-to-month,Bank transfer (automatic),No,No,Yes,Yes,Yes,No,No,1,3,1,230.7,386.7,Yes
CUST-14637,Female,0,43,71,70.87,5036.18,DSL,Month-to-month,Mailed check,No,No,Yes,Yes,No,No phone service,No,0,5,1,252.1,344.6,No
CUST-14638,Male,1,70,40,63.87,2560.58,DSL,Month-to-month,Electronic check,Yes,No,No,Yes,No,No phone service,No,0,4,3,23.2,25.7,No
CUST-14639,Female,0,33,50,90.53,4527.17,Fiber optic,Month-to-month,Electronic check,No,No,No,Yes,Yes,Yes,No,1,2,2,54.9,87.6,Yes
CUST-14640,Female,0,30,5,73.93,361.5,DSL,Month-to-month,Electronic check,Yes,No,Yes,No,Yes,Yes,Yes,1,3,2,270.3,411.5,No
CUST-14641,Female,0,42,54,28.66,1521.77,No,One year,Bank transfer (automatic),No internet service,No internet service,No internet service,No internet service,Yes,Yes,No,0,5,1,51.0,68.1,No
CUST-14642,Male,0,47,58,101.46,5856.02,Fiber optic,One year,Credit card (automatic),No,Yes,Yes,Yes,Yes,No,No,0,4,1,234.9,435.1,No
CUST-14643,Male,0,24,22,43.1,945.77,DSL,Month-to-month,Mailed check,No,No,No,No,No,No phone service,No,0,4,1,185.6,189.0,Yes
CUST-14644,Male,0,21,38,88.4,3341.38,Fiber optic,Month-to-month,Electronic check,Yes,No,No,Yes,Yes,No,No,1,2,0,156.8,384.9,Yes
CUST-14645,Female,0,60,49,82.77,4082.04,Fiber optic,Month-to-month,Electronic check,Yes,No,No,No,Yes,No,Yes,0,4,1,96.6,112.1,No
CUST-14646,Male,0,57,1,50.7,59.13,DSL,Month-to-month,Mailed check,Yes,No,No,No,Yes,No,No,0,4,2,91.9,169.2,No
CUST-14647,Female,0,55,36,18.76,680.49,No,One year,Electronic check,No internet service,No internet service,No internet service,No internet service,Yes,No,No,1,2,1,63.6,94.3,Yes
CUST-14648,Male,1,68,28,54.49,1520.11,DSL,Month-to-month,Electronic check,No,Yes,No,No,Yes,No,Yes,1,3,1,36.9,30.1,Yes
CUST-14649,Male,0,27,35,61.95,2158.02,DSL,Month-to-month,Electronic check,No,No,Yes,No,Yes,Yes,Yes,0,5,1,81.8,95.0,No
CUST-14650,Female,0,47,60,18.85,1111.79,No,One year,Bank transfer (automatic),No internet service,No internet service,No internet service,No internet service,Yes,No,No,1,3,0,53.7,93.3,No
CUST-14651,Male,0,56,62,97.18,5998.77,Fiber optic,Month-to-month,Bank transfer (automatic),Yes,Yes,No,No,Yes,Yes,No,0,4,2,98.9,137.8,No
CUST-14652,Female,0,24,46,66.24,3055.11,DSL,One year,Credit card (automatic),No,No,Yes,Yes,Yes,No,Yes,0,4,2,112.8,250.6,No
CUST-14653,Female,0,53,61,46.39,2846.54,DSL,Month-to-month,Bank transfer (automatic),No,No,No,No,Yes,No,Yes,0,5,1,124.9,242.8,No
CUST-14654,Male,0,52,65,18.25,1207.72,No,Month-to-month,Electronic check,No internet service,No internet service,No internet service,No internet service,No,No phone service,No,1,3,1,52.1,55.6,No
CUST-14655,Female,0,41,26,63.98,1676.94,DSL,One year,Bank transfer (automatic),Yes,No,No,Yes,Yes,No,Yes,1,2,3,101.4,242.3,No
CUST-14656,Male,0,56,35,21.24,767.22,No,One year,Electronic check,No internet service,No internet service,No internet service,No internet service,No,No phone service,Yes,1,3,2,89.7,108.6,No
CUST-14657,Male,0,53,57,93.28,5345.93,Fiber optic,Month-to-month,Mailed check,No,Yes,No,Yes,No,No phone service,No,0,3,0,138.3,124.9,No
CUST-14658,Female,1,70,63,64.65,4100.65,DSL,One year,Electronic check,Yes,No,Yes,No,Yes,No,Yes,0,4,1,136.7,222.3,No
CUST-14659,Male,0,37,4,58.83,240.85,DSL,Two year,Electronic check,No,No,No,Yes,Yes,No,No,1,1,3,64.7,99.9,Yes
CUST-14660,Female,0,49,42,84.7,3540.85,DSL,Two year,Mailed check,Yes,Yes,Yes,No,Yes,Yes,No,0,3,1,62.2,101.7,No
CUST-14661,Male,0,56,45,63.27,2823.53,DSL,One year,Electronic check,Yes,No,No,No,Yes,Yes,No,0,4,2,250.1,230.8,No
CUST-14662,Male,0,43,39,68.33,2694.51,Fiber optic,Two year,Electronic check,No,No,No,No,Yes,No,No,0,3,3,50.8,66.3,No
CUST-14663,Male,0,43,65,98.84,6413.1,Fiber optic,Month-to-month,Electronic check,No,No,Yes,Yes,No,No phone service,No,1,2,1,125.6,297.3,Yes
CUST-14664,Male,0,53,22,112.37,2444.18,Fiber optic,Month-to-month,Bank transfer (automatic),Yes,Yes,Yes,No,Yes,Yes,Yes,0,3,2,270.2,581.7,Yes
CUST-14665,Male,0,60,11,18.25,194.21,No,Month-to-month,Electronic check,No internet service,No internet service,No internet service,No internet service,Yes,No,No,0,4,1,63.8,67.1,No
CUST-14666,Female,0,52,37,18.25,690.14,No,Month-to-month,Mailed check,No internet service,No internet service,No internet service,No internet service,No,No phone service,No,0,4,4,100.8,130.0,Yes
CUST-14667,Female,0,60,51,92.74,4753.19,Fiber optic,Month-to-month,Bank transfer (automatic),No,No,Yes,No,Yes,Yes,No,1,3,0,61.8,127.9,Yes
CUST-14668,Female,0,52,58,18.88,1093.69,No,One year,Electronic check,No internet service,No internet service,No internet service,No internet service,Yes,No,No,0,5,0,45.2,102.1,No
CUST-14669,Female,0,29,7,77.92,533.08,Fiber optic,Month-to-month,Credit card (automatic),No,No,No,Yes,Yes,No,No,0,4,1,151.2,157.0,No
CUST-14670,Female,0,50,8,105.36,859.58,Fiber optic,One year,Credit card (automatic),Yes,Yes,Yes,No,Yes,Yes,No,1,2,1,144.8,262.7,No
CUST-14671,Female,0,53,51,109.14,5566.37,Fiber optic,Month-to-month,Credit card (automatic),Yes,Yes,No,Yes,Yes,Yes,Yes,0,3,3,97.5,150.8,Yes
CUST-14672,Male,0,31,23,19.15,415.61,No,Month-to-month,Mailed check,No internet service,No internet service,No internet service,No internet service,Yes,No,Yes,1,2,2,41.6,67.6,Yes
CUST-14673,Male,0,50,9,59.07,554.89,DSL,Month-to-month,Mailed check,No,No,No,Yes,Yes,No,No,0,4,1,42.7,91.7,No
CUST-14674,Female,0,63,46,112.75,5195.85,Fiber optic,Month-to-month,Bank transfer (automatic),Yes,No,Yes,Yes,Yes,Yes,Yes,0,5,1,94.7,171.3,No
CUST-14675,Female,0,62,38,77.7,2924.81,DSL,Month-to-month,Electronic check,Yes,No,Yes,No,Yes,Yes,No,1,2,1,127.0,221.9,Yes
CUST-14676,Male,0,62,13,80.18,1012.88,Fiber optic,One year,Electronic check,No,No,No,Yes,Yes,No,No,0,3,1,127.0,183.7,Yes
CUST-14677,Male,0,41,7,79.24,529.94,Fiber optic,Month-to-month,Electronic check,No,No,No,No,Yes,Yes,No,0,4,0,94.6,127.6,Yes
CUST-14678,Male,0,32,11,101.86,1139.78,Fiber optic,Month-to-month,Bank transfer (automatic),Yes,Yes,No,No,Yes,Yes,No,1,2,4,95.2,194.2,No
CUST-14679,Female,0,48,50,65.69,3283.38,Fiber optic,One year,Electronic check,No,No,No,No,Yes,No,No,0,4,0,84.7,199.5,No
CUST-14680,Female,0,34,67,22.08,1469.48,No,Month-to-month,Bank transfer (automatic),No internet service,No internet service,No internet service,No internet service,Yes,No,No,0,3,3,54.3,45.8,No
CUST-14681,Female,0,29,41,47.16,1918.52,DSL,Month-to-month,Electronic check,No,No,No,No,Yes,No,No,0,3,3,131.2,211.2,No
CUST-14682,Male,0,39,29,84.94,2463.67,Fiber optic,Month-to-month,Bank transfer (automatic),No,No,Yes,No,Yes,No,No,1,2,1,19.7,34.7,Yes
CUST-14683,Male,0,40,37,89.69,3293.51,Fiber optic,Month-to-month,Mailed check,No,Yes,Yes,No,No,No phone service,Yes,1,2,1,83.6,107.2,Yes
CUST-14684,Female,0,43,56,93.17,5224.55,Fiber optic,One year,Electronic check,No,No,Yes,Yes,Yes,No,No,0,4,5,83.7,79.5,No
CUST-14685,Female,0,31,16,79.4,1263.23,Fiber optic,Two year,Electronic check,No,No,Yes,No,Yes,No,No,0,4,1,107.5,116.8,No
CUST-14686,Male,1,74,44,73.09,3237.47,DSL,One year,Electronic check,Yes,No,Yes,No,Yes,Yes,No,0,4,0,92.9,186.0,No
CUST-14687,Male,0,21,50,104.69,5249.77,Fiber optic,Month-to-month,Electronic check,No,Yes,No,Yes,Yes,Yes,No,0,4,2,190.3,223.0,No
CUST-14688,Male,0,63,71,74.46,5257.76,DSL,One year,Mailed check,No,Yes,No,Yes,Yes,Yes,No,0,4,1,113.1,166.9,No
CUST-14689,Male,0,30,6,81.49,468.93,Fiber optic,Month-to-month,Credit card (automatic),No,No,No,No,Yes,Yes,No,0,4,0,184.4,152.5,No
CUST-14690,Female,0,35,18,84.95,1527.54,Fiber optic,Month-to-month,Bank transfer (automatic),No,No,Yes,No,Yes,No,No,0,3,1,166.0,180.8,Yes
CUST-14691,Male,0,60,19,19.45,379.07,No,Month-to-month,Credit card (automatic),No internet service,No internet service,No internet service,No internet service,Yes,No,No,0,3,2,55.8,122.1,Yes
CUST-14692,Male,0,45,51,84.92,4343.83,Fiber optic,One year,Credit card (automatic),No,Yes,No,No,Yes,No,Yes,0,4,0,26.9,45.6,No
CUST-14693,Male,0,55,66,95.41,6316.03,Fiber optic,One year,Mailed check,Yes,No,Yes,No,Yes,No,Yes,0,5,0,78.6,76.0,No
CUST-14694,Female,0,58,3,91.83,248.44,Fiber optic,One year,Electronic check,Yes,No,No,Yes,Yes,No,No,1,3,1,224.5,211.2,Yes
CUST-14695,Female,0,61,54,80.1,4296.51,Fiber optic,One year,Credit card (automatic),No,No,No,Yes,Yes,No,No,0,3,1,47.1,111.4,No
CUST-14696,Male,0,36,49,83.75,4109.78,Fiber optic,Month-to-month,Bank transfer (automatic),Yes,No,No,No,Yes,Yes,No,1,3,1,20.7,29.6,Yes
CUST-14697,Male,0,63,28,69.65,1963.63,Fiber optic,Month-to-month,Credit card (automatic),No,No,No,No,Yes,No,No,0,4,1,191.4,402.6,No
CUST-14698,Male,0,64,38,18.6,724.0,No,One year,Bank transfer (automatic),No internet service,No internet service,No internet service,No internet service,Yes,No,No,0,3,1,56.2,86.7,No
CUST-14699,Female,0,60,28,89.11,2474.42,DSL,One year,Bank transfer (automatic),No,Yes,Yes,Yes,Yes,Yes,No,0,3,1,68.6,69.3,No
CUST-14700,Female,0,55,32,60.2,1954.52,DSL,One year,Credit card (automatic),No,No,Yes,No,Yes,Yes,Yes,0,3,2,153.7,260.2,No
CUST-14701,Female,0,63,41,70.31,2866.48,DSL,Month-to-month,Bank transfer (automatic),No,Yes,Yes,No,No,No phone service,No,1,3,2,228.9,221.8,Yes
CUST-14702,Male,0,20,36,64.17,2295.14,DSL,One year,Mailed check,No,No,No,Yes,Yes,Yes,No,1,3,1,132.0,299.3,Yes
CUST-14703,Female,0,36,36,81.7,2920.46,Fiber optic,Month-to-month,Mailed check,No,No,No,Yes,Yes,No,No,0,4,3,79.0,69.8,No
CUST-14704,Male,0,37,66,108.83,7155.37,Fiber optic,One year,Credit card (automatic),No,Yes,Yes,Yes,Yes,Yes,Yes,0,3,3,110.0,218.9,No
CUST-14705,Male,1,78,10,86.37,882.28,Fiber optic,Month-to-month,Bank transfer (automatic),No,No,No,Yes,Yes,No,No,0,4,2,125.9,309.9,Yes
CUST-14706,Male,1,65,70,71.98,5008.94,DSL,Two year,Mailed check,Yes,Yes,No,No,Yes,Yes,Yes,1,1,3,166.2,383.2,No
CUST-14707,Female,0,34,72,103.43,7444.79,Fiber optic,Month-to-month,Mailed check,No,Yes,No,Yes,Yes,Yes,No,0,3,1,84.7,198.3,No
CUST-14708,Male,0,52,63,77.37,4849.83,Fiber optic,One year,Bank transfer (automatic),No,Yes,No,No,Yes,No,No,0,4,2,67.8,83.7,No
CUST-14709,Female,0,31,22,99.97,2172.03,Fiber optic,One year,Electronic check,No,Yes,Yes,Yes,Yes,No,No,1,3,2,34.2,54.5,Yes
CUST-14710,Female,0,56,20,89.36,1813.28,Fiber optic,Month-to-month,Electronic check,No,Yes,No,No,Yes,Yes,Yes,1,1,0,140.0,167.1,No
CUST-14711,Male,0,36,33,96.84,3215.24,Fiber optic,Month-to-month,Electronic check,Yes,No,No,Yes,Yes,No,No,0,4,1,119.2,234.9,No
CUST-14712,Male,0,20,15,111.47,1665.74,Fiber optic,One year,Credit card (automatic),Yes,Yes,No,Yes,Yes,Yes,No,0,4,2,144.9,277.4,Yes
CUST-14713,Female,1,77,7,71.09,495.15,Fiber optic,Month-to-month,Electronic check,No,No,No,No,Yes,No,No,1,3,1,128.8,167.9,Yes
CUST-14714,Male,0,58,50,81.42,4093.09,Fiber optic,Month-to-month,Mailed check,No,No,No,Yes,Yes,No,No,1,2,1,65.6,98.2,Yes
CUST-14715,Female,0,39,10,87.84,896.21,Fiber optic,Two year,Credit card (automatic),No,No,No,Yes,Yes,Yes,No,0,2,2,251.2,363.4,Yes
CUST-14716,Male,0,55,37,101.31,3759.97,Fiber optic,One year,Electronic check,Yes,Yes,Yes,No,Yes,No,No,1,3,0,153.4,304.6,Yes
CUST-14717,Female,0,44,59,76.49,4515.1,Fiber optic,Month-to-month,Electronic check,Yes,No,No,No,No,No phone service,No,0,3,1,56.4,46.9,No
CUST-14718,Female,0,38,63,84.62,5337.53,DSL,One year,Credit card (automatic),No,Yes,Yes,Yes,Yes,Yes,No,0,4,0,39.5,93.7,Yes
CUST-14719,Female,0,58,21,99.87,2090.87,Fiber optic,Month-to-month,Bank transfer (automatic),Yes,No,No,Yes,Yes,Yes,No,0,4,2,127.7,132.8,No
CUST-14720,Female,0,48,37,74.45,2756.34,Fiber optic,Two year,Electronic check,No,No,No,No,Yes,Yes,No,1,3,0,143.2,191.3,No
CUST-14721,Male,0,44,45,84.92,3823.78,Fiber optic,One year,Credit card (automatic),No,No,Yes,No,No,No phone service,Yes,0,4,1,30.7,27.0,No
CUST-14722,Male,0,54,14,105.12,1493.57,Fiber optic,Two year,Bank transfer (automatic),Yes,Yes,No,Yes,Yes,Yes,Yes,1,3,0,125.3,193.8,Yes
CUST-14723,Female,1,79,43,92.22,3948.58,Fiber optic,Month-to-month,Credit card (automatic),No,No,Yes,Yes,Yes,No,No,0,4,0,125.7,258.1,No
CUST-14724,Female,0,64,33,20.17,650.41,No,One year,Electronic check,No internet service,No internet service,No internet service,No internet service,Yes,No,No,0,3,1,137.6,293.6,No
CUST-14725,Male,0,26,3,24.29,55.53,No,Month-to-month,Mailed check,No internet service,No internet service,No internet service,No internet service,Yes,No,No,0,5,0,44.8,63.4,No
CUST-14726,Male,0,36,44,102.73,4524.87,Fiber optic,Month-to-month,Bank transfer (automatic),No,No,Yes,Yes,Yes,Yes,No,0,3,1,8.7,12.6,No
CUST-14727,Male,0,59,35,42.95,1514.96,DSL,One year,Mailed check,No,No,No,No,Yes,No,Yes,0,5,2,222.2,306.1,No
CUST-14728,Male,0,53,25,88.52,2197.31,Fiber optic,Month-to-month,Electronic check,No,No,No,Yes,Yes,Yes,No,1,2,4,54.4,63.8,Yes
CUST-14729,Male,1,75,8,68.39,557.74,Fiber optic,One year,Electronic check,No,No,No,No,Yes,No,No,0,4,2,126.6,255.1,Yes
CUST-14730,Male,0,57,62,51.8,3219.29,DSL,Two year,Bank transfer (automatic),Yes,No,No,No,Yes,No,No,0,4,0,324.2,751.8,No
CUST-14731,Female,0,62,18,108.45,1941.36,Fiber optic,Month-to-month,Mailed check,No,Yes,Yes,Yes,Yes,Yes,Yes,1,2,1,7.1,10.6,Yes
CUST-14732,Male,0,56,28,91.81,2554.47,Fiber optic,Month-to-month,Electronic check,No,Yes,No,Yes,Yes,No,No,0,4,2,40.2,81.4,No
CUST-14733,Male,0,24,12,66.7,823.31,DSL,One year,Bank transfer (automatic),No,No,Yes,Yes,Yes,No,No,0,3,3,56.4,92.0,No
CUST-14734,Female,0,21,64,52.92,3391.06,DSL,Two year,Mailed check,No,No,No,Yes,Yes,No,No,0,4,1,205.5,209.2,No
CUST-14735,Male,0,32,2,18.25,48.73,No,One year,Electronic check,No internet service,No internet service,No internet service,No internet service,No,No phone service,No,0,3,4,104.0,173.7,Yes
CUST-14736,Male,0,29,59,69.21,4108.91,DSL,One year,Bank transfer (automatic),No,No,Yes,Yes,Yes,No,No,0,3,1,63.3,79.4,No
CUST-14737,Male,0,23,37,42.57,1557.41,DSL,Month-to-month,Mailed check,No,No,No,No,Yes,No,No,0,3,2,76.7,148.6,Yes
CUST-14738,Male,1,66,4,101.38,396.55,Fiber optic,Month-to-month,Bank transfer (automatic),No,Yes,Yes,Yes,No,No phone service,No,0,4,2,99.3,155.3,Yes
CUST-14739,Male,0,52,41,95.21,3899.68,Fiber optic,One year,Electronic check,No,No,Yes,Yes,Yes,No,No,0,3,1,64.8,126.4,No
CUST-14740,Female,0,25,45,56.89,2544.02,DSL,Month-to-month,Electronic check,No,Yes,No,No,Yes,No,No,0,4,0,33.1,53.6,Yes
CUST-14741,Male,0,24,34,25.41,884.37,No,Two year,Mailed check,No internet service,No internet service,No internet service,No internet service,Yes,Yes,No,0,4,1,129.1,270.3,No
CUST-14742,Female,0,21,13,93.72,1193.36,Fiber optic,Month-to-month,Credit card (automatic),No,No,Yes,Yes,Yes,No,Yes,0,4,4,111.2,277.5,Yes
CUST-14743,Female,0,30,7,30.65,198.9,No,Month-to-month,Electronic check,No internet service,No internet service,No internet service,No internet service,Yes,Yes,Yes,0,4,1,38.6,87.3,No
CUST-14744,Male,0,36,32,105.9,3370.26,Fiber optic,One year,Bank transfer (automatic),No,Yes,Yes,Yes,No,No phone service,No,0,4,0,200.5,401.5,No
CUST-14745,Female,1,72,23,87.69,2044.07,Fiber optic,One year,Electronic check,Yes,No,Yes,No,Yes,No,No,0,4,2,56.1,68.3,Yes
CUST-14746,Male,0,27,49,78.6,3859.04,Fiber optic,One year,Electronic check,Yes,No,No,No,Yes,No,No,0,3,2,59.3,104.9,No
CUST-14747,Female,0,42,72,69.23,4997.53,DSL,Two year,Electronic check,No,Yes,Yes,No,Yes,No,No,1,4,1,129.4,242.9,No
CUST-14748,Female,1,68,47,63.79,2974.64,DSL,Two year,Credit card (automatic),No,Yes,No,Yes,Yes,No,Yes,1,3,1,235.8,482.2,No
CUST-14749,Male,0,52,37,88.96,3273.16,Fiber optic,Two year,Electronic check,Yes,No,Yes,No,Yes,No,Yes,0,4,1,350.0,395.2,No
CUST-14750,Male,0,42,48,21.3,1040.99,No,Two year,Electronic check,No internet service,No internet service,No internet service,No internet service,No,No phone service,No,0,4,1,28.3,47.5,No
CUST-14751,Male,0,46,29,64.84,1884.42,DSL,One year,Bank transfer (automatic),No,Yes,No,Yes,No,No phone service,Yes,0,3,3,71.1,112.8,No
CUST-14752,Male,0,29,37,55.24,2016.59,DSL,One year,Electronic check,No,No,No,Yes,No,No phone service,No,0,4,0,162.6,202.7,No
CUST-14753,Male,0,64,23,77.23,1780.23,DSL,Month-to-month,Electronic check,No,No,Yes,Yes,Yes,Yes,No,0,4,3,110.5,189.6,Yes
CUST-14754,Female,0,57,38,84.51,3209.9,Fiber optic,Month-to-month,Electronic check,No,No,Yes,No,Yes,No,No,1,2,2,103.2,242.0,Yes
CUST-14755,Female,0,29,44,66.98,2926.34,DSL,Month-to-month,Credit card (automatic),No,Yes,No,Yes,Yes,No,No,0,3,3,51.9,109.4,Yes
CUST-14756,Female,1,70,5,85.93,435.23,Fiber optic,Month-to-month,Electronic check,No,No,Yes,No,Yes,No,Yes,0,4,1,184.0,321.7,Yes
CUST-14757,Female,0,27,52,86.07,4456.07,Fiber optic,Month-to-month,Credit card (automatic),No,No,Yes,No,Yes,Yes,No,0,4,4,74.5,152.0,No
CUST-14758,Female,0,19,40,57.54,2320.29,DSL,Month-to-month,Electronic check,Yes,No,No,No,Yes,No,No,0,4,0,79.9,171.1,No
CUST-14759,Female,0,62,11,20.44,231.95,No,Two year,Electronic check,No internet service,No internet service,No internet service,No internet service,No,No phone service,No,0,3,2,98.7,200.3,No
CUST-14760,Female,1,72,2,100.17,222.62,DSL,Two year,Credit card (automatic),Yes,Yes,Yes,Yes,Yes,Yes,Yes,0,4,3,58.0,131.3,No
CUST-14761,Male,0,24,35,75.16,2626.08,DSL,Month-to-month,Bank transfer (automatic),No,No,Yes,Yes,Yes,Yes,No,1,3,1,76.7,162.7,Yes
CUST-14762,Male,1,79,45,64.82,2917.62,DSL,Month-to-month,Mailed check,No,No,No,Yes,Yes,Yes,No,1,3,2,39.2,86.5,Yes
CUST-14763,Female,0,40,49,115.24,5662.4,Fiber optic,Two year,Mailed check,No,Yes,Yes,Yes,Yes,Yes,Yes,0,4,2,175.8,295.8,No
CUST-14764,Female,0,28,35,31.32,1098.98,No,Two year,Electronic check,No internet service,No internet service,No internet service,No internet service,Yes,Yes,Yes,0,4,1,114.8,190.0,No
CUST-14765,Male,0,53,72,100.76,7259.04,Fiber optic,Two year,Bank transfer (automatic),Yes,Yes,Yes,No,Yes,No,No,1,2,2,64.4,90.7,No
CUST-14766,Male,0,40,32,105.22,3370.24,Fiber optic,Two year,Bank transfer (automatic),Yes,Yes,No,Yes,Yes,No,Yes,1,2,0,193.2,316.6,No
CUST-14767,Male,0,60,68,93.82,6379.24,Fiber optic,Two year,Electronic check,No,Yes,Yes,No,No,No phone service,No,1,1,4,163.0,323.6,Yes
CUST-14768,Male,0,24,71,89.09,6343.73,Fiber optic,Month-to-month,Credit card (automatic),No,No,Yes,No,Yes,Yes,No,0,3,3,29.0,38.5,No
CUST-14769,Female,0,44,39,74.7,2912.41,Fiber optic,Month-to-month,Mailed check,No,No,No,No,Yes,No,No,0,4,2,39.3,46.4,Yes
CUST-14770,Male,0,30,48,87.31,4214.93,Fiber optic,One year,Electronic check,Yes,No,Yes,No,Yes,No,No,0,2,6,94.9,218.1,No
CUST-14771,Female,0,34,37,98.83,3675.23,Fiber optic,Month-to-month,Electronic check,No,Yes,Yes,No,Yes,Yes,No,1,3,0,91.5,77.4,Yes
CUST-14772,Female,0,49,60,73.07,4395.75,DSL,Two year,Credit card (automatic),No,Yes,No,Yes,Yes,Yes,No,0,3,2,41.0,97.9,No
CUST-14773,Female,0,43,4,73.36,317.36,DSL,Month-to-month,Mailed check,No,No,Yes,Yes,Yes,No,No,1,3,1,49.8,111.8,Yes
CUST-14774,Male,0,39,23,70.99,1635.0,DSL,One year,Mailed check,No,Yes,Yes,No,Yes,Yes,No,0,3,2,141.0,270.7,No
CUST-14775,Male,0,30,14,101.28,1437.23,Fiber optic,Month-to-month,Credit card (automatic),No,Yes,No,Yes,Yes,Yes,No,0,5,1,24.0,50.2,Yes
CUST-14776,Female,0,29,5,59.17,280.36,DSL,Month-to-month,Bank transfer (automatic),No,No,Yes,No,Yes,No,Yes,0,4,2,61.3,111.5,Yes
CUST-14777,Female,0,24,66,76.84,5045.82,Fiber optic,One year,Bank transfer (automatic),Yes,No,No,No,Yes,No,No,0,5,0,84.4,149.7,No
CUST-14778,Female,0,18,24,51.5,1247.1,DSL,Two year,Electronic check,No,Yes,No,No,Yes,No,No,0,3,0,52.4,99.7,No
CUST-14779,Male,0,50,18,65.48,1166.74,Fiber optic,Month-to-month,Bank transfer (automatic),No,No,No,No,Yes,No,No,0,2,1,90.7,73.4,No
CUST-14780,Female,0,31,27,63.59,1725.01,DSL,Two year,Mailed check,Yes,No,Yes,No,Yes,No,No,0,3,2,123.9,274.9,No
CUST-14781,Male,0,64,24,85.08,2016.56,Fiber optic,Two year,Credit card (automatic),No,No,Yes,No,Yes,No,No,1,3,1,78.5,171.7,No
CUST-14782,Female,0,60,29,77.44,2273.1,DSL,One year,Electronic check,Yes,Yes,No,No,Yes,Yes,No,0,4,0,223.8,364.1,No
CUST-14783,Female,0,58,11,24.01,265.02,No,One year,Electronic check,No internet service,No internet service,No internet service,No internet service,Yes,No,No,1,4,1,199.2,239.6,No
CUST-14784,Female,0,34,18,65.65,1152.27,DSL,One year,Electronic check,Yes,No,Yes,No,No,No phone service,Yes,0,4,0,121.1,165.7,No
CUST-14785,Male,1,72,4,82.26,327.6,Fiber optic,Month-to-month,Mailed check,No,Yes,No,No,Yes,No,No,0,3,3,116.2,177.3,Yes
CUST-14786,Male,0,56,33,81.27,2699.29,Fiber optic,Month-to-month,Electronic check,No,No,No,No,Yes,Yes,Yes,0,4,1,127.7,136.7,Yes
CUST-14787,Female,0,18,42,23.12,992.95,No,Two year,Credit card (automatic),No internet service,No internet service,No internet service,No internet service,Yes,No,Yes,1,3,0,118.4,217.1,No
CUST-14788,Male,0,58,32,85.63,2737.84,Fiber optic,One year,Credit card (automatic),No,No,Yes,No,Yes,Yes,Yes,0,3,3,112.8,119.4,No
CUST-14789,Female,0,62,51,25.15,1260.21,No,Month-to-month,Bank transfer (automatic),No internet service,No internet service,No internet service,No internet service,Yes,Yes,Yes,0,3,1,63.0,123.6,No
CUST-14790,Male,0,41,4,96.39,409.93,Fiber optic,One year,Electronic check,Yes,No,No,Yes,No,No phone service,No,0,4,2,129.9,228.4,No
CUST-14791,Male,0,51,20,22.4,476.87,No,Month-to-month,Electronic check,No internet service,No internet service,No internet service,No internet service,Yes,No,No,0,3,0,73.6,163.5,Yes
CUST-14792,Male,0,51,67,31.34,2073.57,No,Month-to-month,Credit card (automatic),No internet service,No internet service,No internet service,No internet service,Yes,Yes,No,0,4,1,101.1,149.3,No
CUST-14793,Female,0,41,68,77.14,5220.2,DSL,Month-to-month,Electronic check,No,No,Yes,Yes,Yes,Yes,Yes,0,2,1,34.4,80.5,Yes
CUST-14794,Male,1,76,62,80.93,5021.6,Fiber optic,Month-to-month,Mailed check,No,No,Yes,No,Yes,No,Yes,0,3,1,32.0,61.1,No
CUST-14795,Male,0,34,58,71.51,4149.61,Fiber optic,Month-to-month,Mailed check,No,No,No,No,No,No phone service,No,0,3,2,66.3,53.1,No
CUST-14796,Female,0,30,47,27.73,1308.63,No,Month-to-month,Credit card (automatic),No internet service,No internet service,No internet service,No internet service,Yes,Yes,No,0,3,1,66.7,103.0,No
CUST-14797,Female,0,24,59,18.74,1094.69,No,One year,Electronic check,No internet service,No internet service,No internet service,No internet service,Yes,No,No,0,3,1,153.6,375.4,No
CUST-14798,Female,0,26,6,80.48,455.9,Fiber optic,Month-to-month,Electronic check,No,No,Yes,No,No,No phone service,Yes,1,3,1,58.4,142.1,Yes
CUST-14799,Female,0,61,40,100.58,4028.02,Fiber optic,Month-to-month,Bank transfer (automatic),No,Yes,Yes,Yes,No,No phone service,Yes,0,5,0,30.8,54.6,No
CUST-14800,Male,0,52,23,28.29,629.76,No,Month-to-month,Electronic check,No internet service,No internet service,No internet service,No internet service,Yes,Yes,Yes,0,3,1,156.0,300.4,No
CUST-14801,Male,1,66,52,53.2,2756.88,DSL,Month-to-month,Bank transfer (automatic),No,No,No,No,Yes,Yes,Yes,0,3,1,178.7,214.9,No
CUST-14802,Male,0,64,4,28.91,120.59,No,Month-to-month,Electronic check,No internet service,No internet service,No internet service,No internet service,Yes,Yes,No,0,4,2,104.9,141.2,No
CUST-14803,Male,0,56,37,18.25,657.76,No,Month-to-month,Mailed check,No internet service,No internet service,No internet service,No internet service,Yes,No,No,0,3,2,169.1,249.0,No
CUST-14804,Male,0,40,42,32.15,1352.85,No,Month-to-month,Mailed check,No internet service,No internet service,No internet service,No internet service,Yes,Yes,Yes,0,4,3,177.7,267.1,Yes
CUST-14805,Female,0,43,44,106.42,4695.36,Fiber optic,Two year,Mailed check,Yes,No,Yes,Yes,No,No phone service,No,0,3,1,33.1,66.3,No
CUST-14806,Male,0,18,42,78.31,3262.97,Fiber optic,Month-to-month,Credit card (automatic),No,No,Yes,No,Yes,No,No,1,3,0,116.0,107.8,No
CUST-14807,Male,0,31,29,75.79,2205.08,Fiber optic,Month-to-month,Credit card (automatic),Yes,No,No,No,Yes,No,No,0,4,1,85.0,74.6,Yes
CUST-14808,Male,0,49,19,21.43,407.74,No,Month-to-month,Bank transfer (automatic),No internet service,No internet service,No internet service,No internet service,Yes,No,Yes,0,4,2,151.4,255.1,No
CUST-14809,Female,0,27,32,67.42,2133.29,DSL,Month-to-month,Bank transfer (automatic),No,No,Yes,Yes,Yes,No,No,0,4,0,52.0,92.7,No
CUST-14810,Female,0,18,44,100.19,4420.74,Fiber optic,One year,Mailed check,No,No,Yes,Yes,Yes,Yes,No,1,3,2,222.4,324.4,Yes
CUST-14811,Male,0,22,55,97.4,5345.65,Fiber optic,Month-to-month,Electronic check,No,No,Yes,Yes,Yes,No,No,1,3,2,122.9,254.4,Yes
CUST-14812,Female,0,20,5,80.45,383.19,Fiber optic,Month-to-month,Bank transfer (automatic),No,No,No,Yes,Yes,No,No,0,4,0,192.2,208.8,Yes
CUST-14813,Female,0,44,46,21.32,967.67,No,Month-to-month,Electronic check,No internet service,No internet service,No internet service,No internet service,Yes,No,Yes,1,3,1,95.8,238.0,No
CUST-14814,Female,0,39,45,67.37,3034.42,DSL,One year,Electronic check,No,Yes,Yes,No,Yes,No,No,0,5,1,183.3,255.9,No
CUST-14815,Female,0,35,21,54.63,1152.03,DSL,Month-to-month,Bank transfer (automatic),No,No,No,Yes,Yes,No,No,1,2,0,47.6,64.9,Yes
CUST-14816,Female,1,72,22,90.32,1967.22,Fiber optic,One year,Bank transfer (automatic),Yes,No,Yes,No,Yes,No,Yes,0,3,1,84.3,123.8,No
CUST-14817,Female,1,74,30,32.43,999.1,No,Month-to-month,Electronic check,No internet service,No internet service,No internet service,No internet service,Yes,Yes,No,0,5,1,44.5,98.9,No
CUST-14818,Female,0,64,23,90.31,2066.87,Fiber optic,Month-to-month,Bank transfer (automatic),Yes,No,Yes,No,Yes,No,No,0,4,1,133.0,156.2,No
CUST-14819,Male,0,30,5,47.84,225.3,DSL,One year,Credit card (automatic),No,No,No,No,Yes,No,No,0,5,1,115.9,182.6,No
CUST-14820,Male,0,62,63,83.61,5248.63,Fiber optic,One year,Mailed check,Yes,No,No,No,Yes,No,No,1,3,1,123.9,155.1,No
CUST-14821,Female,0,33,59,97.71,5742.12,Fiber optic,One year,Bank transfer (automatic),Yes,Yes,No,Yes,Yes,No,No,0,5,1,75.4,65.8,No
CUST-14822,Male,0,25,52,71.63,3753.68,Fiber optic,Month-to-month,Electronic check,No,No,No,No,No,No phone service,Yes,0,5,2,264.8,377.1,No
CUST-14823,Male,0,60,65,81.49,5307.33,DSL,Month-to-month,Credit card (automatic),No,Yes,Yes,Yes,Yes,No,No,0,4,1,61.7,57.3,No
CUST-14824,Female,0,25,39,66.34,2604.48,DSL,Month-to-month,Electronic check,Yes,No,Yes,No,Yes,No,No,0,4,4,71.0,173.9,No
CUST-14825,Male,0,27,3,98.69,290.16,Fiber optic,One year,Credit card (automatic),Yes,Yes,No,No,Yes,Yes,No,0,4,0,123.6,128.5,No
CUST-14826,Female,0,50,42,88.62,3716.92,Fiber optic,One year,Credit card (automatic),Yes,No,No,Yes,Yes,No,No,0,4,1,140.1,346.5,No
CUST-14827,Female,0,48,71,18.25,1324.96,No,Month-to-month,Bank transfer (automatic),No internet service,No internet service,No internet service,No internet service,Yes,No,No,1,3,2,135.5,214.4,No
CUST-14828,Female,0,29,27,82.08,2198.2,Fiber optic,One year,Credit card (automatic),Yes,No,No,No,Yes,No,No,0,4,2,76.7,83.0,No
CUST-14829,Male,1,77,28,71.03,1978.46,Fiber optic,One year,Mailed check,No,No,No,No,Yes,No,No,1,4,1,93.6,117.2,Yes
CUST-14830,Male,0,54,54,88.36,4753.15,Fiber optic,Month-to-month,Credit card (automatic),Yes,No,Yes,No,Yes,No,No,0,3,4,99.6,145.2,No
CUST-14831,Male,0,26,15,32.88,480.16,No,Two year,Bank transfer (automatic),No internet service,No internet service,No internet service,No internet service,Yes,Yes,Yes,0,3,2,104.1,203.3,No
CUST-14832,Male,0,35,53,82.38,4375.95,Fiber optic,Two year,Electronic check,No,No,No,No,Yes,Yes,No,0,4,1,67.8,136.5,No
CUST-14833,Female,0,47,72,18.25,1302.54,No,Month-to-month,Electronic check,No internet service,No internet service,No internet service,No internet service,Yes,No,Yes,1,3,1,153.5,179.7,No
CUST-14834,Female,0,49,70,81.75,5745.03,Fiber optic,Two year,Mailed check,No,No,No,No,Yes,Yes,Yes,0,4,2,298.9,339.4,No
CUST-14835,Male,0,57,4,85.67,315.6,Fiber optic,Month-to-month,Credit card (automatic),Yes,No,No,No,Yes,Yes,No,0,3,0,149.7,352.2,Yes
CUST-14836,Female,0,40,17,92.64,1566.16,Fiber optic,One year,Credit card (automatic),No,Yes,Yes,No,Yes,No,No,0,4,1,27.7,43.5,No
CUST-14837,Female,0,28,34,91.82,3143.52,DSL,Two year,Credit card (automatic),Yes,Yes,Yes,Yes,No,No phone service,No,1,3,0,236.9,334.1,No
CUST-14838,Male,0,37,6,98.44,597.92,Fiber optic,Month-to-month,Electronic check,Yes,No,Yes,No,Yes,Yes,No,0,3,3,71.8,133.9,Yes
CUST-14839,Female,0,36,36,87.55,3168.06,DSL,Month-to-month,Mailed check,Yes,No,Yes,Yes,Yes,Yes,Yes,0,4,1,64.7,112.1,No
CUST-14840,Male,0,53,39,79.5,3089.92,Fiber optic,Two year,Bank transfer (automatic),No,Yes,No,No,Yes,No,No,0,5,0,151.0,350.4,No
CUST-14841,Female,0,43,66,84.6,5575.76,Fiber optic,Month-to-month,Bank transfer (automatic),No,No,Yes,No,Yes,No,No,0,3,1,44.5,47.6,Yes
CUST-14842,Male,0,27,8,19.79,181.61,No,Month-to-month,Electronic check,No internet service,No internet service,No internet service,No internet service,Yes,No,No,0,5,0,93.2,146.1,No
CUST-14843,Female,0,41,15,67.67,1030.02,DSL,Month-to-month,Bank transfer (automatic),No,Yes,Yes,No,Yes,No,No,0,3,2,55.4,63.1,No
CUST-14844,Female,1,72,63,95.46,6007.04,Fiber optic,Two year,Bank transfer (automatic),Yes,No,Yes,No,Yes,No,Yes,0,3,2,33.2,32.6,No
CUST-14845,Male,0,63,65,76.99,4987.27,DSL,Two year,Mailed check,No,Yes,Yes,No,Yes,Yes,No,0,3,2,93.5,120.6,No
CUST-14846,Male,1,65,59,77.28,4535.9,DSL,Month-to-month,Bank transfer (automatic),Yes,Yes,No,Yes,Yes,No,Yes,0,4,2,132.2,121.0,No
CUST-14847,Male,0,46,10,111.61,1137.81,Fiber optic,Two year,Bank transfer (automatic),Yes,No,Yes,Yes,Yes,Yes,Yes,0,3,1,130.5,238.1,No
CUST-14848,Male,0,53,7,41.27,300.75,DSL,Month-to-month,Electronic check,No,No,No,No,No,No phone service,No,0,5,0,49.3,110.8,Yes
CUST-14849,Female,1,75,12,73.56,889.16,Fiber optic,Two year,Credit card (automatic),No,No,No,No,Yes,Yes,No,0,3,1,76.5,100.5,Yes
CUST-14850,Female,0,47,46,57.53,2662.98,DSL,One year,Electronic check,No,No,No,No,Yes,Yes,No,0,5,1,54.0,101.3,No
CUST-14851,Male,0,34,32,53.87,1748.74,DSL,Month-to-month,Bank transfer (automatic),No,No,Yes,No,Yes,No,No,1,2,1,43.3,44.2,Yes
CUST-14852,Female,0,30,32,89.77,2888.34,Fiber optic,Month-to-month,Electronic check,Yes,No,Yes,No,Yes,No,No,1,2,2,71.0,85.1,Yes
CUST-14853,Male,0,41,61,101.11,6162.95,Fiber optic,Month-to-month,Bank transfer (automatic),Yes,No,Yes,No,Yes,Yes,Yes,0,3,0,48.5,94.5,Yes
CUST-14854,Male,1,79,69,73.28,5036.91,Fiber optic,Month-to-month,Credit card (automatic),No,No,No,No,Yes,No,Yes,0,4,0,59.4,140.4,No
CUST-14855,Female,0,44,61,23.33,1435.96,No,One year,Electronic check,No internet service,No internet service,No internet service,No internet service,No,No phone service,Yes,0,4,0,214.5,178.5,No
CUST-14856,Female,0,38,46,80.3,3678.6,DSL,Month-to-month,Credit card (automatic),Yes,Yes,No,Yes,Yes,No,No,0,4,2,67.2,127.2,No
CUST-14857,Male,0,61,68,104.78,7142.0,Fiber optic,Two year,Electronic check,No,Yes,Yes,No,Yes,Yes,No,0,3,2,70.1,140.0,No
CUST-14858,Male,0,18,55,87.56,4806.12,Fiber optic,One year,Electronic check,No,Yes,Yes,No,Yes,No,No,0,4,3,87.5,158.9,Yes
CUST-14859,Male,0,32,1,101.0,101.0,Fiber optic,One year,Credit card (automatic),Yes,Yes,No,Yes,Yes,No,Yes,0,3,2,11.3,17.3,Yes
CUST-14860,Female,0,20,67,57.14,3813.66,DSL,Month-to-month,Bank transfer (automatic),No,No,No,No,Yes,Yes,Yes,0,4,2,52.1,129.2,No
CUST-14861,Female,0,23,49,64.67,3154.83,DSL,Two year,Electronic check,No,No,No,Yes,Yes,Yes,No,0,3,1,202.0,255.3,No
CUST-14862,Female,0,31,25,23.71,585.48,No,One year,Credit card (automatic),No internet service,No internet service,No internet service,No internet service,No,No phone service,No,1,3,3,75.0,119.5,No
CUST-14863,Female,1,75,16,95.18,1508.32,Fiber optic,Two year,Bank transfer (automatic),No,Yes,Yes,No,Yes,Yes,Yes,1,3,0,126.8,246.7,No
CUST-14864,Male,0,50,13,69.04,881.05,DSL,Two year,Electronic check,No,No,Yes,Yes,Yes,No,No,1,3,2,26.6,21.3,Yes
CUST-14865,Male,0,55,52,73.22,3800.94,DSL,Month-to-month,Credit card (automatic),No,No,Yes,Yes,Yes,No,No,0,3,2,112.5,159.1,No
CUST-14866,Male,0,25,36,18.25,679.09,No,Month-to-month,Mailed check,No internet service,No internet service,No internet service,No internet service,Yes,No,Yes,0,3,2,74.7,109.7,No
CUST-14867,Male,0,43,72,74.3,5323.83,Fiber optic,Two year,Electronic check,No,No,No,No,Yes,No,Yes,1,3,1,159.2,130.2,No
CUST-14868,Male,0,32,44,50.08,2191.29,DSL,Two year,Credit card (automatic),Yes,No,No,No,Yes,No,No,0,4,1,178.3,150.6,No
CUST-14869,Male,1,65,47,105.79,4975.87,Fiber optic,One year,Bank transfer (automatic),Yes,Yes,Yes,No,Yes,Yes,No,0,4,1,172.8,428.6,No
CUST-14870,Female,0,37,20,81.77,1657.87,Fiber optic,Month-to-month,Bank transfer (automatic),No,No,No,Yes,Yes,No,No,0,4,1,138.3,136.3,Yes
CUST-14871,Female,1,70,18,18.25,315.55,No,One year,Credit card (automatic),No internet service,No internet service,No internet service,No internet service,Yes,No,Yes,1,3,1,80.1,96.2,No
CUST-14872,Male,0,50,54,25.26,1354.96,No,Month-to-month,Credit card (automatic),No internet service,No internet service,No internet service,No internet service,Yes,Yes,No,0,4,1,25.4,26.3,No
CUST-14873,Male,0,53,12,72.98,893.64,DSL,Month-to-month,Electronic check,No,Yes,No,Yes,Yes,Yes,Yes,1,2,1,191.8,320.9,Yes
CUST-14874,Female,0,41,25,81.81,2037.6,Fiber optic,Month-to-month,Credit card (automatic),No,No,Yes,No,Yes,No,Yes,0,4,0,49.4,101.3,Yes
CUST-14875,Female,0,27,60,18.91,1155.69,No,Month-to-month,Mailed check,No internet service,No internet service,No internet service,No internet service,Yes,No,Yes,0,3,0,190.0,176.9,No
CUST-14876,Female,0,51,34,92.22,3132.8,Fiber optic,Month-to-month,Mailed check,No,Yes,No,No,Yes,Yes,No,1,3,2,128.5,230.8,Yes
CUST-14877,Female,1,66,13,73.86,964.33,Fiber optic,Two year,Credit card (automatic),No,No,No,No,No,No phone service,No,0,3,3,99.8,139.7,No
CUST-14878,Male,0,64,38,89.48,3403.89,DSL,Two year,Bank transfer (automatic),No,Yes,Yes,Yes,Yes,Yes,Yes,0,4,2,94.6,154.6,No
CUST-14879,Male,1,80,12,79.59,932.24,Fiber optic,Two year,Electronic check,No,No,No,No,Yes,Yes,No,0,4,3,128.3,160.7,Yes
CUST-14880,Male,0,33,36,25.04,892.74,No,Two year,Bank transfer (automatic),No internet service,No internet service,No internet service,No internet service,Yes,Yes,No,0,3,3,242.9,551.0,No
CUST-14881,Male,0,32,28,101.02,2813.06,Fiber optic,Month-to-month,Mailed check,No,Yes,Yes,No,Yes,Yes,Yes,0,4,1,52.0,81.6,Yes
CUST-14882,Male,0,35,39,118.47,4631.31,Fiber optic,Two year,Electronic check,Yes,Yes,Yes,Yes,Yes,Yes,No,0,3,2,43.6,46.8,No
CUST-14883,Female,0,24,43,64.53,2800.81,DSL,Two year,Credit card (automatic),No,No,Yes,No,Yes,Yes,No,1,3,0,179.8,385.9,No
CUST-14884,Male,1,66,31,56.62,1737.97,DSL,Two year,Credit card (automatic),No,No,No,Yes,Yes,No,No,0,4,2,40.6,84.4,No
CUST-14885,Female,0,39,2,66.9,109.28,DSL,One year,Bank transfer (automatic),No,No,No,Yes,Yes,Yes,No,1,4,3,121.3,197.0,Yes
CUST-14886,Male,0,49,42,93.35,3921.1,Fiber optic,Month-to-month,Mailed check,No,No,No,Yes,Yes,Yes,No,1,3,4,51.0,103.4,Yes
CUST-14887,Male,0,60,31,73.21,2262.96,DSL,Month-to-month,Electronic check,Yes,No,No,Yes,Yes,Yes,Yes,1,3,3,201.3,367.1,Yes
CUST-14888,Male,0,36,61,85.41,5182.15,Fiber optic,Month-to-month,Credit card (automatic),No,No,Yes,No,Yes,Yes,No,0,3,4,169.6,183.2,No
CUST-14889,Male,0,57,56,107.47,6043.62,Fiber optic,Two year,Mailed check,No,Yes,Yes,Yes,Yes,Yes,Yes,0,4,0,308.2,770.1,No
CUST-14890,Male,0,18,14,72.75,1044.91,DSL,Month-to-month,Electronic check,No,No,Yes,Yes,No,No phone service,No,0,4,1,38.7,81.8,Yes
CUST-14891,Female,0,52,14,69.86,999.06,Fiber optic,Two year,Credit card (automatic),No,No,No,No,Yes,No,No,0,4,3,52.1,100.7,No
CUST-14892,Female,0,22,29,18.25,516.08,No,Month-to-month,Credit card (automatic),No internet service,No internet service,No internet service,No internet service,Yes,No,Yes,0,5,0,50.2,111.1,No
CUST-14893,Female,0,29,50,70.32,3493.35,DSL,One year,Bank transfer (automatic),No,Yes,Yes,No,Yes,Yes,No,0,4,2,96.4,229.2,No
CUST-14894,Male,0,29,50,20.29,1020.05,No,Month-to-month,Electronic check,No internet service,No internet service,No internet service,No internet service,Yes,No,No,1,2,1,110.6,197.1,Yes
CUST-14895,Male,0,38,63,100.37,6310.2,Fiber optic,Month-to-month,Electronic check,No,Yes,Yes,Yes,Yes,No,No,0,4,0,162.9,293.3,No
CUST-14896,Female,0,36,65,27.17,1748.15,No,Month-to-month,Mailed check,No internet service,No internet service,No internet service,No internet service,Yes,Yes,No,0,4,1,104.0,87.4,No
CUST-14897,Male,0,26,68,78.16,5323.36,Fiber optic,One year,Bank transfer (automatic),No,No,No,No,Yes,Yes,No,0,5,0,170.7,257.0,No
CUST-14898,Male,0,60,71,77.29,5502.61,Fiber optic,Month-to-month,Bank transfer (automatic),Yes,No,No,No,Yes,No,Yes,0,4,0,134.5,223.9,No
CUST-14899,Female,0,53,11,66.99,738.53,Fiber optic,One year,Bank transfer (automatic),No,No,No,No,Yes,No,No,0,4,2,108.1,129.5,No
CUST-14900,Male,0,59,14,60.2,832.0,DSL,Month-to-month,Mailed check,No,No,Yes,No,Yes,Yes,Yes,0,4,1,42.4,59.8,Yes
CUST-14901,Female,0,64,3,100.86,303.33,Fiber optic,Two year,Bank transfer (automatic),No,Yes,No,Yes,Yes,Yes,Yes,1,3,0,25.9,36.8,No
CUST-14902,Male,0,49,8,54.0,437.98,DSL,Month-to-month,Credit card (automatic),No,No,Yes,No,Yes,No,No,0,4,0,59.5,84.8,No
CUST-14903,Female,0,52,43,85.78,3661.65,Fiber optic,One year,Bank transfer (automatic),No,No,No,Yes,Yes,No,No,0,5,2,17.1,41.5,No
CUST-14904,Male,0,48,9,101.04,905.99,Fiber optic,Month-to-month,Credit card (automatic),No,Yes,No,Yes,Yes,Yes,No,0,4,0,149.3,268.6,Yes
CUST-14905,Male,0,49,19,69.56,1327.54,DSL,One year,Credit card (automatic),No,No,Yes,Yes,Yes,No,No,0,4,2,48.6,64.8,No
CUST-14906,Female,0,54,12,82.05,962.37,Fiber optic,Month-to-month,Electronic check,No,No,No,Yes,No,No phone service,No,0,3,1,189.5,249.8,No
CUST-14907,Male,0,49,27,60.15,1620.98,DSL,One year,Credit card (automatic),Yes,No,No,No,Yes,Yes,No,1,1,1,129.0,288.9,No
CUST-14908,Male,0,60,58,49.69,2872.82,DSL,Two year,Electronic check,No,No,No,No,No,No phone service,No,1,3,1,72.7,137.5,No
CUST-14909,Female,0,54,25,32.67,838.82,No,Month-to-month,Credit card (automatic),No internet service,No internet service,No internet service,No internet service,Yes,Yes,No,0,4,3,116.4,261.5,No
CUST-14910,Male,0,56,45,102.21,4598.81,Fiber optic,Month-to-month,Bank transfer (automatic),Yes,No,Yes,Yes,Yes,No,No,0,4,1,132.9,251.7,No
CUST-14911,Female,0,55,48,22.76,1088.06,No,One year,Bank transfer (automatic),No internet service,No internet service,No internet service,No internet service,Yes,No,No,1,2,2,90.7,213.6,Yes
CUST-14912,Male,0,47,50,73.19,3644.13,DSL,One year,Electronic check,No,No,Yes,Yes,Yes,Yes,No,1,2,0,64.7,96.0,No
CUST-14913,Male,0,49,44,22.81,1031.09,No,Month-to-month,Electronic check,No internet service,No internet service,No internet service,No internet service,Yes,No,No,0,4,2,152.9,341.3,No
CUST-14914,Male,0,62,59,118.75,7033.92,Fiber optic,Month-to-month,Electronic check,Yes,Yes,Yes,Yes,Yes,Yes,Yes,0,4,2,146.3,160.8,Yes
CUST-14915,Male,0,19,33,60.89,2001.38,DSL,Month-to-month,Credit card (automatic),No,Yes,No,No,Yes,Yes,No,0,4,3,83.3,161.4,No
CUST-14916,Female,0,28,28,20.07,587.7,No,Month-to-month,Mailed check,No internet service,No internet service,No internet service,No internet service,Yes,No,Yes,0,3,0,56.9,80.7,No
CUST-14917,Male,0,37,18,80.92,1463.68,Fiber optic,Month-to-month,Mailed check,No,No,No,Yes,Yes,No,Yes,1,2,1,81.3,137.6,Yes
CUST-14918,Female,0,54,55,65.18,3601.76,DSL,Two year,Credit card (automatic),No,No,Yes,Yes,Yes,No,No,0,3,2,123.1,252.6,No
CUST-14919,Male,1,72,33,28.93,930.08,No,Month-to-month,Electronic check,No internet service,No internet service,No internet service,No internet service,Yes,Yes,No,0,5,0,212.6,374.1,No
CUST-14920,Male,0,55,15,74.14,1083.38,DSL,One year,Bank transfer (automatic),No,No,Yes,Yes,Yes,Yes,No,0,4,0,112.0,228.6,No
CUST-14921,Male,0,36,61,69.44,4236.68,Fiber optic,Two year,Mailed check,No,No,No,No,Yes,No,No,0,5,1,127.9,110.3,No
CUST-14922,Male,0,57,11,74.31,791.96,DSL,Month-to-month,Electronic check,No,No,Yes,Yes,Yes,Yes,Yes,0,4,1,101.7,150.5,Yes
CUST-14923,Female,1,75,36,117.58,4256.38,Fiber optic,One year,Credit card (automatic),Yes,Yes,Yes,Yes,No,No phone service,Yes,0,4,1,95.7,231.8,No
CUST-14924,Female,0,22,15,26.38,414.91,No,Two year,Bank transfer (automatic),No internet service,No internet service,No internet service,No internet service,Yes,Yes,No,0,3,2,146.5,306.9,No
CUST-14925,Female,0,64,53,83.87,4458.0,Fiber optic,Month-to-month,Electronic check,No,Yes,No,No,No,No phone service,Yes,0,3,3,212.0,343.7,Yes
CUST-14926,Female,0,59,62,90.26,5568.0,Fiber optic,Month-to-month,Mailed check,Yes,No,No,Yes,Yes,No,No,0,3,4,104.7,209.9,Yes
CUST-14927,Male,0,41,48,78.79,3779.42,Fiber optic,Two year,Credit card (automatic),No,No,Yes,No,No,No phone service,No,1,2,3,83.1,70.3,No
CUST-14928,Female,1,73,15,65.77,961.24,DSL,Two year,Electronic check,No,No,No,Yes,Yes,Yes,Yes,1,3,0,109.5,142.1,No
CUST-14929,Female,0,24,63,28.55,1824.37,No,Month-to-month,Mailed check,No internet service,No internet service,No internet service,No internet service,Yes,Yes,Yes,0,3,3,41.7,97.4,No
CUST-14930,Male,0,28,43,71.19,3067.93,Fiber optic,Month-to-month,Credit card (automatic),No,No,No,No,Yes,No,No,0,3,2,72.2,118.7,Yes
CUST-14931,Male,1,78,50,76.02,3780.39,Fiber optic,Month-to-month,Credit card (automatic),No,No,No,No,Yes,Yes,No,0,3,3,75.9,183.6,No
CUST-14932,Male,0,47,60,102.2,6135.64,Fiber optic,Month-to-month,Bank transfer (automatic),Yes,No,Yes,Yes,Yes,No,Yes,1,3,0,110.7,138.4,Yes
CUST-14933,Male,0,58,59,18.25,1053.86,No,Month-to-month,Electronic check,No internet service,No internet service,No internet service,No internet service,Yes,No,Yes,0,4,1,36.3,80.5,No
CUST-14934,Female,0,20,15,79.28,1167.94,DSL,One year,Mailed check,No,Yes,No,Yes,Yes,Yes,No,0,5,0,112.9,94.1,No
CUST-14935,Female,0,39,29,113.83,3275.93,Fiber optic,Two year,Bank transfer (automatic),No,Yes,Yes,Yes,Yes,Yes,No,0,3,3,234.9,189.5,Yes
CUST-14936,Male,0,57,40,69.56,2804.7,DSL,Month-to-month,Electronic check,Yes,No,No,Yes,No,No phone service,No,1,3,1,109.4,113.0,No
CUST-14937,Male,0,37,31,88.94,2759.88,Fiber optic,Two year,Bank transfer (automatic),No,Yes,Yes,No,Yes,No,No,1,3,1,61.1,76.0,Yes
CUST-14938,Male,0,49,11,83.62,909.49,Fiber optic,Month-to-month,Bank transfer (automatic),No,No,Yes,No,Yes,No,No,0,3,1,108.7,94.8,Yes
CUST-14939,Female,0,24,62,82.63,5093.1,Fiber optic,Month-to-month,Credit card (automatic),Yes,No,No,No,Yes,No,No,0,4,2,186.9,216.7,No
CUST-14940,Female,0,24,8,26.42,209.68,No,Month-to-month,Electronic check,No internet service,No internet service,No internet service,No internet service,Yes,Yes,Yes,1,3,0,47.3,108.0,No
CUST-14941,Male,0,37,51,24.58,1254.35,No,Month-to-month,Electronic check,No internet service,No internet service,No internet service,No internet service,Yes,Yes,No,1,2,0,170.5,401.7,No
CUST-14942,Male,1,74,57,54.97,3123.48,DSL,Month-to-month,Mailed check,No,No,No,No,Yes,Yes,No,1,3,3,50.8,50.9,Yes
CUST-14943,Female,0,62,4,105.11,419.5,Fiber optic,Two year,Bank transfer (automatic),Yes,No,Yes,Yes,Yes,No,Yes,1,3,2,85.9,114.8,Yes
CUST-14944,Male,0,52,36,75.76,2703.4,DSL,Month-to-month,Bank transfer (automatic),Yes,No,No,Yes,Yes,Yes,Yes,0,3,1,350.0,642.8,No
CUST-14945,Male,1,77,19,66.83,1295.09,Fiber optic,One year,Electronic check,No,No,No,No,Yes,No,Yes,1,3,2,63.9,122.9,Yes
CUST-14946,Female,0,41,24,54.62,1296.38,DSL,Month-to-month,Electronic check,No,No,No,Yes,Yes,No,No,0,5,4,85.9,72.8,No
CUST-14947,Male,0,57,41,88.25,3645.16,DSL,Month-to-month,Bank transfer (automatic),No,Yes,Yes,Yes,Yes,Yes,No,1,3,0,175.2,411.8,Yes
CUST-14948,Female,0,30,49,29.14,1427.43,No,One year,Credit card (automatic),No internet service,No internet service,No internet service,No internet service,Yes,Yes,Yes,0,4,0,73.0,111.4,No
CUST-14949,Male,0,56,46,100.55,4646.7,Fiber optic,Two year,Credit card (automatic),Yes,No,Yes,No,Yes,Yes,No,0,3,1,218.9,339.3,No
CUST-14950,Male,0,21,36,71.68,2585.11,DSL,Month-to-month,Bank transfer (automatic),No,No,Yes,Yes,Yes,No,No,0,4,1,141.2,133.5,No
CUST-14951,Female,1,66,10,48.15,502.16,DSL,One year,Credit card (automatic),No,No,No,No,Yes,No,No,1,4,1,203.8,345.0,Yes
CUST-14952,Female,0,34,7,97.77,655.0,Fiber optic,Two year,Mailed check,No,Yes,Yes,No,Yes,Yes,No,0,4,2,185.6,333.9,No
CUST-14953,Male,0,18,12,83.58,984.15,DSL,One year,Mailed check,No,Yes,Yes,Yes,Yes,Yes,No,1,3,2,93.8,147.9,No
CUST-14954,Female,0,34,48,25.01,1191.71,No,Month-to-month,Electronic check,No internet service,No internet service,No internet service,No internet service,Yes,Yes,No,0,4,0,130.1,300.4,No
CUST-14955,Male,0,19,37,25.81,942.74,No,One year,Credit card (automatic),No internet service,No internet service,No internet service,No internet service,Yes,Yes,No,0,4,1,87.9,86.6,No
CUST-14956,Male,0,23,36,49.48,1808.08,DSL,Month-to-month,Bank transfer (automatic),No,No,No,No,Yes,No,No,1,3,1,52.4,58.4,Yes
CUST-14957,Female,0,61,60,78.37,4695.88,Fiber optic,One year,Mailed check,No,No,Yes,No,Yes,No,Yes,0,4,2,70.3,101.1,No
CUST-14958,Male,0,28,8,31.79,282.65,No,Month-to-month,Electronic check,No internet service,No internet service,No internet service,No internet service,Yes,Yes,No,1,3,1,101.2,185.8,Yes
CUST-14959,Male,0,60,7,86.03,611.27,DSL,Month-to-month,Mailed check,Yes,Yes,Yes,Yes,No,No phone service,Yes,0,5,2,194.4,295.6,Yes
CUST-14960,Female,1,71,43,80.48,3480.77,Fiber optic,One year,Electronic check,No,No,No,Yes,Yes,No,No,0,3,2,33.0,74.1,No
CUST-14961,Female,0,57,58,84.26,4880.71,Fiber optic,Month-to-month,Electronic check,No,Yes,No,No,Yes,Yes,Yes,1,2,3,44.5,51.7,Yes
CUST-14962,Male,0,42,46,96.03,4398.78,Fiber optic,Month-to-month,Credit card (automatic),Yes,No,Yes,No,Yes,Yes,Yes,1,2,0,24.1,29.1,Yes
CUST-14963,Female,0,56,34,87.95,2963.33,Fiber optic,Two year,Electronic check,No,Yes,No,Yes,No,No phone service,Yes,0,5,0,111.6,258.4,No
CUST-14964,Female,0,45,72,61.43,4432.34,DSL,Two year,Mailed check,No,Yes,No,No,Yes,Yes,No,0,3,2,63.0,100.5,No
CUST-14965,Female,0,63,22,92.24,2057.59,Fiber optic,Month-to-month,Electronic check,No,Yes,Yes,No,Yes,No,Yes,0,3,1,92.4,176.3,Yes
CUST-14966,Female,1,71,21,87.01,1804.31,Fiber optic,Month-to-month,Bank transfer (automatic),No,No,No,Yes,Yes,Yes,No,1,2,0,88.0,126.6,Yes
CUST-14967,Male,0,29,15,106.33,1611.26,Fiber optic,Month-to-month,Mailed check,No,No,Yes,Yes,Yes,Yes,Yes,0,3,0,114.3,164.4,Yes
CUST-14968,Male,1,66,5,85.86,421.18,DSL,Month-to-month,Electronic check,Yes,Yes,No,Yes,Yes,Yes,No,0,4,1,190.9,199.7,Yes
CUST-14969,Male,0,46,17,103.85,1795.06,Fiber optic,Two year,Credit card (automatic),No,Yes,Yes,No,Yes,Yes,No,0,3,2,55.7,128.6,No
CUST-14970,Female,1,73,72,86.49,6249.48,Fiber optic,One year,Bank transfer (automatic),No,No,Yes,No,Yes,Yes,No,0,3,1,46.1,101.6,No
CUST-14971,Female,0,38,19,98.43,1854.02,Fiber optic,Month-to-month,Credit card (automatic),No,No,Yes,Yes,Yes,Yes,No,0,3,2,70.7,121.0,Yes
CUST-14972,Female,1,77,5,78.47,408.3,DSL,Month-to-month,Electronic check,Yes,No,No,Yes,Yes,Yes,Yes,0,4,5,77.8,67.4,Yes
CUST-14973,Female,0,58,23,90.68,2099.69,Fiber optic,One year,Mailed check,No,No,Yes,No,Yes,Yes,Yes,0,4,0,162.6,192.3,No
CUST-14974,Female,0,62,14,61.39,875.26,DSL,One year,Credit card (automatic),No,No,Yes,No,No,No phone service,No,0,4,1,107.1,120.5,No
CUST-14975,Female,1,75,10,98.47,959.67,Fiber optic,One year,Credit card (automatic),No,No,Yes,Yes,Yes,Yes,No,1,3,0,102.2,175.0,No
CUST-14976,Female,0,54,31,89.26,2785.62,Fiber optic,Month-to-month,Credit card (automatic),No,No,Yes,Yes,Yes,No,No,0,3,6,67.8,72.4,Yes
CUST-14977,Male,0,39,13,96.17,1235.9,Fiber optic,Month-to-month,Bank transfer (automatic),Yes,No,Yes,No,Yes,No,No,0,4,2,52.5,80.6,Yes
CUST-14978,Male,0,27,22,95.99,2117.21,Fiber optic,Month-to-month,Bank transfer (automatic),No,No,Yes,Yes,No,No phone service,No,0,4,2,137.7,155.7,Yes
CUST-14979,Female,1,69,37,107.07,3938.51,Fiber optic,Month-to-month,Credit card (automatic),No,Yes,Yes,Yes,Yes,No,No,1,2,1,81.4,104.7,Yes
CUST-14980,Female,0,26,39,99.96,3901.93,Fiber optic,Month-to-month,Electronic check,No,No,Yes,Yes,Yes,Yes,No,0,4,1,175.1,229.8,No
CUST-14981,Female,0,42,10,65.03,674.69,Fiber optic,Two year,Bank transfer (automatic),No,No,No,No,No,No phone service,No,0,5,0,268.0,318.0,No
CUST-14982,Male,0,63,31,72.83,2238.36,DSL,Month-to-month,Credit card (automatic),Yes,Yes,No,No,Yes,Yes,Yes,0,5,3,136.0,169.6,No
CUST-14983,Male,0,32,43,102.9,4446.0,Fiber optic,Two year,Electronic check,Yes,Yes,No,No,Yes,Yes,No,0,5,3,237.8,252.6,No
CUST-14984,Female,0,30,36,32.08,1151.01,No,Month-to-month,Electronic check,No internet service,No internet service,No internet service,No internet service,Yes,Yes,Yes,0,3,2,124.4,263.0,No
CUST-14985,Female,0,59,35,18.25,628.09,No,Month-to-month,Electronic check,No internet service,No internet service,No internet service,No internet service,No,No phone service,No,0,3,4,86.1,211.3,No
CUST-14986,Male,0,63,68,81.88,5541.27,DSL,Month-to-month,Credit card (automatic),Yes,Yes,No,Yes,Yes,Yes,Yes,0,4,1,78.7,167.6,No
CUST-14987,Male,1,72,55,88.11,4847.76,Fiber optic,Month-to-month,Bank transfer (automatic),No,No,No,Yes,Yes,Yes,No,0,4,2,41.2,58.6,No
CUST-14988,Male,0,38,68,23.3,1566.4,No,Two year,Bank transfer (automatic),No internet service,No internet service,No internet service,No internet service,Yes,No,No,0,4,1,132.3,276.0,No
CUST-14989,Male,0,40,47,81.25,3845.16,Fiber optic,Month-to-month,Credit card (automatic),No,No,No,No,Yes,Yes,Yes,0,5,0,19.7,17.9,No
CUST-14990,Female,0,61,6,78.85,457.39,Fiber optic,Month-to-month,Mailed check,No,No,No,Yes,Yes,No,Yes,0,3,1,157.8,221.1,Yes
CUST-14991,Male,0,45,28,80.33,2254.45,Fiber optic,Two year,Credit card (automatic),No,Yes,No,No,Yes,No,Yes,1,2,0,57.5,84.8,No
CUST-14992,Male,0,55,30,20.02,604.11,No,Month-to-month,Electronic check,No internet service,No internet service,No internet service,No internet service,Yes,No,Yes,0,4,3,92.6,76.1,No
CUST-14993,Female,0,29,27,81.14,2180.99,Fiber optic,Month-to-month,Bank transfer (automatic),No,No,No,Yes,Yes,No,Yes,0,3,4,56.8,137.2,No
CUST-14994,Male,0,41,69,28.36,1977.96,No,Month-to-month,Electronic check,No internet service,No internet service,No internet service,No internet service,Yes,Yes,No,0,4,0,24.7,39.3,No
CUST-14995,Male,0,30,39,85.93,3332.26,Fiber optic,Month-to-month,Electronic check,No,Yes,No,No,Yes,Yes,No,0,4,3,86.3,214.0,Yes
CUST-14996,Male,0,57,35,28.32,1010.22,No,Month-to-month,Electronic check,No internet service,No internet service,No internet service,No internet service,Yes,Yes,No,1,2,2,56.9,72.5,Yes
CUST-14997,Female,0,19,44,29.86,1296.29,No,Month-to-month,Mailed check,No internet service,No internet service,No internet service,No internet service,Yes,Yes,No,0,3,1,240.7,593.1,No
CUST-14998,Male,0,56,15,23.63,326.8,No,Two year,Credit card (automatic),No internet service,No internet service,No internet service,No internet service,Yes,Yes,No,0,4,0,56.7,104.5,No
CUST-14999,Female,0,29,32,61.67,2000.07,DSL,Two year,Mailed check,No,No,No,Yes,Yes,No,Yes,0,4,1,100.7,151.8,No
CUST-15000,Female,0,56,29,24.65,723.09,No,Month-to-month,Electronic check,No internet service,No internet service,No internet service,No internet service,Yes,Yes,No,0,4,1,40.2,89.1,No
CUST-15001,Male,0,31,63,26.6,1683.63,No,Month-to-month,Credit card (automatic),No internet service,No internet service,No internet service,No internet service,Yes,Yes,No,0,4,1,115.7,199.1,No
CUST-15002,Male,0,47,6,113.71,668.16,Fiber optic,Month-to-month,Electronic check,Yes,Yes,Yes,Yes,Yes,No,Yes,0,3,2,182.8,403.2,Yes
CUST-15003,Male,0,58,27,95.41,2554.42,Fiber optic,One year,Credit card (automatic),No,Yes,Yes,No,Yes,Yes,No,0,4,2,51.3,85.2,No
CUST-15004,Male,0,60,28,87.48,2461.8,DSL,Month-to-month,Credit card (automatic),No,Yes,Yes,Yes,Yes,Yes,Yes,1,3,0,81.9,123.8,No
CUST-15005,Female,0,36,5,91.7,459.62,Fiber optic,Two year,Mailed check,Yes,No,No,No,Yes,Yes,Yes,1,3,3,122.3,224.3,No
CUST-15006,Male,0,48,41,61.01,2490.48,DSL,One year,Electronic check,No,No,No,Yes,Yes,No,Yes,0,3,3,47.2,98.5,No
CUST-15007,Male,0,60,56,78.26,4371.57,Fiber optic,Month-to-month,Bank transfer (automatic),Yes,No,No,No,Yes,No,No,0,3,1,104.0,91.5,No
CUST-15008,Male,1,80,54,67.59,3673.22,DSL,One year,Credit card (automatic),No,Yes,Yes,No,Yes,No,No,0,3,2,34.2,50.8,No
CUST-15009,Female,1,65,18,104.77,1909.24,Fiber optic,Month-to-month,Mailed check,No,No,Yes,Yes,Yes,Yes,No,0,4,0,64.7,70.3,Yes
CUST-15010,Male,0,21,43,101.53,4352.27,Fiber optic,Month-to-month,Electronic check,Yes,No,Yes,Yes,Yes,No,No,0,3,2,202.4,488.7,No
CUST-15011,Male,0,30,29,78.28,2287.77,Fiber optic,Month-to-month,Credit card (automatic),No,No,No,No,Yes,Yes,No,0,3,2,69.3,170.0,Yes
CUST-15012,Female,0,53,10,18.67,170.3,No,Month-to-month,Mailed check,No internet service,No internet service,No internet service,No internet service,Yes,No,No,0,4,0,214.0,502.2,No
CUST-15013,Female,0,59,6,92.78,575.16,Fiber optic,One year,Electronic check,No,No,Yes,Yes,Yes,No,No,0,5,1,78.2,130.8,Yes
CUST-15014,Male,0,54,4,18.25,50.58,No,One year,Credit card (automatic),No internet service,No internet service,No internet service,No internet service,Yes,No,No,0,3,2,54.2,113.0,No
CUST-15015,Male,0,20,34,66.07,2261.87,DSL,Month-to-month,Credit card (automatic),No,Yes,Yes,No,No,No phone service,No,0,5,3,128.1,303.3,No
CUST-15016,Male,0,33,33,41.61,1376.47,DSL,Two year,Mailed check,No,No,No,No,Yes,No,No,0,4,2,159.5,363.9,No
CUST-15017,Male,0,43,4,88.01,329.1,Fiber optic,Month-to-month,Electronic check,No,No,Yes,No,Yes,Yes,No,0,3,3,110.5,189.0,Yes
CUST-15018,Male,0,57,44,118.75,5231.95,Fiber optic,Month-to-month,Bank transfer (automatic),Yes,Yes,Yes,Yes,Yes,Yes,No,1,3,2,143.4,151.0,No
CUST-15019,Female,0,56,31,56.31,1727.15,DSL,Month-to-month,Electronic check,No,No,No,Yes,Yes,No,Yes,0,3,2,37.7,88.5,No
CUST-15020,Female,0,36,66,94.17,6196.87,Fiber optic,One year,Electronic check,No,No,Yes,No,Yes,Yes,No,0,5,0,47.6,104.5,No
CUST-15021,Male,0,63,58,56.31,3262.82,DSL,Two year,Credit card (automatic),No,Yes,No,No,Yes,No,Yes,0,4,3,35.8,53.1,No
CUST-15022,Male,0,32,60,24.74,1512.26,No,One year,Credit card (automatic),No internet service,No internet service,No internet service,No internet service,Yes,No,No,0,4,2,139.7,222.0,No
CUST-15023,Female,0,49,2,100.91,225.35,Fiber optic,Two year,Mailed check,Yes,No,No,Yes,Yes,Yes,No,1,2,3,108.5,269.3,Yes
CUST-15024,Male,0,38,36,60.05,2181.39,DSL,Month-to-month,Bank transfer (automatic),No,No,Yes,No,Yes,No,Yes,1,3,2,133.9,244.0,No
CUST-15025,Male,0,18,70,31.34,2214.87,No,Month-to-month,Electronic check,No internet service,No internet service,No internet service,No internet service,Yes,Yes,No,1,2,2,52.3,56.9,No
CUST-15026,Male,0,23,60,30.39,1823.24,No,Month-to-month,Mailed check,No internet service,No internet service,No internet service,No internet service,Yes,Yes,No,1,1,3,97.2,104.8,No
CUST-15027,Male,0,44,23,29.7,675.58,No,One year,Electronic check,No internet service,No internet service,No internet service,No internet service,Yes,Yes,No,0,4,2,219.1,199.5,No
CUST-15028,Male,0,40,47,27.18,1300.5,No,Month-to-month,Electronic check,No internet service,No internet service,No internet service,No internet service,Yes,Yes,Yes,1,2,1,185.2,333.2,Yes
CUST-15029,Female,1,67,46,80.67,3685.67,Fiber optic,Two year,Bank transfer (automatic),Yes,No,No,No,Yes,No,Yes,0,4,0,96.8,81.9,No
CUST-15030,Male,0,48,44,24.94,1127.13,No,Month-to-month,Credit card (automatic),No internet service,No internet service,No internet service,No internet service,Yes,Yes,Yes,0,4,1,39.3,86.0,No
CUST-15031,Male,0,29,19,21.18,405.6,No,Month-to-month,Mailed check,No internet service,No internet service,No internet service,No internet service,Yes,No,Yes,0,5,1,264.4,354.6,No
CUST-15032,Male,0,38,49,63.14,3096.29,DSL,Month-to-month,Mailed check,Yes,No,No,No,Yes,Yes,No,0,3,1,59.8,82.7,No
CUST-15033,Female,1,65,58,97.04,5615.84,Fiber optic,One year,Electronic check,No,No,Yes,Yes,Yes,No,No,0,3,1,83.8,175.4,No
CUST-15034,Female,0,22,7,86.03,582.43,Fiber optic,Month-to-month,Bank transfer (automatic),No,No,No,Yes,Yes,No,Yes,0,4,1,137.4,134.6,Yes
CUST-15035,Female,1,73,41,86.33,3550.35,Fiber optic,Month-to-month,Mailed check,No,No,Yes,No,Yes,Yes,Yes,0,4,1,198.8,337.6,No
CUST-15036,Female,0,37,15,95.91,1430.35,Fiber optic,Month-to-month,Electronic check,No,No,Yes,Yes,Yes,No,No,1,3,1,58.5,83.6,Yes
CUST-15037,Male,0,63,53,61.5,3247.65,DSL,One year,Electronic check,No,No,No,Yes,Yes,No,No,0,3,0,102.1,99.2,No
CUST-15038,Female,1,66,23,61.18,1386.88,DSL,One year,Electronic check,No,No,No,Yes,Yes,No,No,0,5,0,72.5,94.7,No
CUST-15039,Male,0,39,65,70.34,4574.21,DSL,One year,Mailed check,No,Yes,Yes,No,Yes,No,Yes,0,2,3,106.7,199.4,No
CUST-15040,Male,0,25,60,85.48,5134.1,Fiber optic,Month-to-month,Electronic check,Yes,Yes,No,No,Yes,No,No,1,3,1,102.8,198.1,Yes
CUST-15041,Female,0,51,10,66.52,661.78,DSL,Two year,Credit card (automatic),No,No,Yes,Yes,Yes,No,Yes,0,5,1,91.1,92.4,No
CUST-15042,Female,0,26,58,96.48,5566.56,Fiber optic,Two year,Credit card (automatic),Yes,No,No,Yes,Yes,Yes,No,0,4,1,119.2,285.6,No
CUST-15043,Female,0,24,47,94.27,4430.19,Fiber optic,Month-to-month,Electronic check,No,No,Yes,No,Yes,Yes,No,0,3,2,196.3,218.2,Yes
CUST-15044,Female,0,47,15,69.49,1028.67,DSL,Month-to-month,Mailed check,Yes,No,No,Yes,Yes,No,No,0,3,2,18.8,36.2,No
CUST-15045,Female,0,35,9,102.32,899.2,Fiber optic,Month-to-month,Mailed check,No,No,Yes,Yes,Yes,Yes,Yes,1,2,2,90.1,121.9,Yes
CUST-15046,Male,0,44,13,102.79,1340.92,Fiber optic,Month-to-month,Credit card (automatic),Yes,Yes,No,No,Yes,Yes,Yes,0,5,1,67.6,134.8,Yes
CUST-15047,Female,1,76,23,94.95,2194.12,Fiber optic,Two year,Electronic check,Yes,Yes,No,No,Yes,Yes,No,0,3,1,67.8,148.0,Yes
CUST-15048,Female,0,38,33,66.42,2192.99,DSL,One year,Bank transfer (automatic),No,No,No,Yes,Yes,Yes,No,0,4,0,120.0,112.5,No
CUST-15049,Female,0,22,9,76.09,691.67,DSL,Two year,Electronic check,Yes,No,Yes,No,Yes,Yes,No,1,2,0,23.0,49.6,Yes
CUST-15050,Male,0,46,3,80.4,247.59,Fiber optic,Month-to-month,Mailed check,No,No,No,Yes,Yes,No,Yes,1,2,2,104.6,105.2,Yes
CUST-15051,Female,0,64,25,103.85,2573.7,Fiber optic,One year,Electronic check,Yes,No,Yes,Yes,Yes,No,No,0,3,0,57.5,96.7,No
CUST-15052,Male,0,54,71,74.35,5261.8,DSL,Month-to-month,Electronic check,No,No,Yes,Yes,Yes,Yes,No,0,4,1,114.6,157.5,No
CUST-15053,Female,1,79,36,21.77,754.29,No,Month-to-month,Electronic check,No internet service,No internet service,No internet service,No internet service,Yes,No,No,1,2,2,34.2,45.2,Yes
CUST-15054,Female,0,39,20,52.18,1072.51,DSL,One year,Electronic check,No,No,No,No,Yes,Yes,Yes,1,3,1,192.7,204.0,No
CUST-15055,Male,0,31,54,23.24,1237.63,No,Month-to-month,Electronic check,No internet service,No internet service,No internet service,No internet service,Yes,Yes,No,1,2,2,21.5,41.9,No
CUST-15056,Female,0,36,19,61.51,1187.57,DSL,One year,Bank transfer (automatic),No,No,No,Yes,Yes,No,Yes,1,3,0,31.3,41.1,Yes
CUST-15057,Male,0,52,60,45.01,2717.47,DSL,One year,Bank transfer (automatic),No,No,No,No,Yes,No,No,0,4,1,196.3,325.7,No
CUST-15058,Male,1,76,37,30.06,1124.52,No,Two year,Mailed check,No internet service,No internet service,No internet service,No internet service,Yes,Yes,No,1,3,1,57.2,47.2,No
CUST-15059,Male,0,59,3,51.97,152.89,DSL,Month-to-month,Electronic check,Yes,No,No,No,No,No phone service,No,1,3,1,37.1,67.8,No
CUST-15060,Female,0,23,19,24.27,466.16,No,One year,Electronic check,No internet service,No internet service,No internet service,No internet service,Yes,Yes,Yes,0,3,3,99.3,193.8,No
CUST-15061,Female,0,20,53,106.02,5600.24,Fiber optic,Two year,Credit card (automatic),No,No,Yes,Yes,Yes,Yes,Yes,1,2,0,105.4,95.5,Yes
CUST-15062,Female,0,51,46,20.91,938.23,No,Two year,Electronic check,No internet service,No internet service,No internet service,No internet service,Yes,No,No,0,4,1,111.8,190.7,No
CUST-15063,Male,0,62,56,74.93,4187.19,DSL,One year,Credit card (automatic),No,Yes,No,Yes,Yes,Yes,No,0,4,0,99.0,199.4,No
CUST-15064,Female,0,19,70,28.21,1994.24,No,One year,Credit card (automatic),No internet service,No internet service,No internet service,No internet service,Yes,Yes,Yes,0,3,4,107.7,112.1,No
CUST-15065,Male,0,32,31,79.36,2464.0,Fiber optic,Month-to-month,Electronic check,No,No,No,Yes,Yes,No,No,0,3,2,170.1,148.7,Yes
CUST-15066,Female,0,54,53,71.13,3785.72,DSL,One year,Credit card (automatic),Yes,No,Yes,No,Yes,No,No,1,3,1,179.5,202.7,No
CUST-15067,Male,0,32,34,18.25,643.92,No,One year,Bank transfer (automatic),No internet service,No internet service,No internet service,No internet service,Yes,No,No,1,3,0,22.5,31.5,No
CUST-15068,Male,1,75,31,78.58,2439.61,Fiber optic,One year,Bank transfer (automatic),No,No,Yes,No,No,No phone service,No,1,3,0,107.7,164.3,No
CUST-15069,Male,1,73,60,71.3,4270.04,DSL,One year,Credit card (automatic),No,Yes,No,Yes,Yes,No,Yes,0,4,0,186.6,172.4,No
CUST-15070,Female,0,34,11,18.25,222.09,No,Month-to-month,Mailed check,No internet service,No internet service,No internet service,No internet service,Yes,No,No,0,4,2,62.4,153.8,No
CUST-15071,Male,0,51,6,95.62,557.5,Fiber optic,Month-to-month,Bank transfer (automatic),Yes,No,Yes,No,Yes,No,No,0,2,1,61.1,120.5,Yes
CUST-15072,Male,0,49,27,102.73,2745.2,Fiber optic,One year,Bank transfer (automatic),No,Yes,Yes,No,Yes,Yes,No,1,2,1,131.4,135.0,Yes
CUST-15073,Male,0,64,7,65.82,433.78,DSL,Month-to-month,Bank transfer (automatic),No,Yes,Yes,No,Yes,No,No,0,4,2,87.5,188.6,Yes
CUST-15074,Male,0,40,49,84.54,4147.39,DSL,Month-to-month,Bank transfer (automatic),No,Yes,Yes,Yes,Yes,Yes,No,0,3,3,60.2,80.9,Yes
CUST-15075,Male,0,52,72,96.59,6978.02,Fiber optic,Month-to-month,Electronic check,No,No,Yes,Yes,Yes,No,Yes,0,4,1,172.3,247.7,No
CUST-15076,Male,1,75,60,88.98,5342.66,Fiber optic,Month-to-month,Electronic check,Yes,No,No,No,Yes,Yes,No,0,4,1,120.6,111.3,Yes
CUST-15077,Female,1,69,33,87.54,2883.37,Fiber optic,Two year,Credit card (automatic),No,No,No,Yes,Yes,Yes,No,0,3,1,150.6,228.7,No
CUST-15078,Female,0,58,47,85.91,4042.39,Fiber optic,Month-to-month,Electronic check,No,No,No,Yes,No,No phone service,Yes,0,3,3,230.1,214.5,Yes
CUST-15079,Male,0,54,44,80.21,3539.51,Fiber optic,Month-to-month,Mailed check,No,No,No,No,Yes,Yes,No,1,2,2,36.5,71.4,No
CUST-15080,Female,0,50,27,61.09,1664.94,DSL,Month-to-month,Mailed check,No,No,No,Yes,Yes,No,No,0,4,1,168.8,233.6,Yes
CUST-15081,Female,0,42,22,84.37,1846.98,DSL,Month-to-month,Electronic check,Yes,Yes,No,Yes,Yes,Yes,No,0,3,0,38.9,50.7,Yes
CUST-15082,Male,0,63,47,59.28,2779.37,DSL,Month-to-month,Electronic check,Yes,No,No,No,Yes,Yes,Yes,1,3,1,223.4,424.9,No
CUST-15083,Male,0,54,48,94.24,4494.94,Fiber optic,Month-to-month,Electronic check,No,No,No,Yes,Yes,Yes,Yes,0,4,2,92.4,182.0,No
CUST-15084,Male,1,80,30,78.01,2349.28,DSL,Two year,Mailed check,No,No,Yes,Yes,Yes,Yes,No,0,4,1,204.4,385.5,No
CUST-15085,Female,0,38,2,83.06,182.72,Fiber optic,Month-to-month,Credit card (automatic),No,No,No,Yes,Yes,No,No,1,2,1,53.9,115.4,Yes
CUST-15086,Male,0,63,15,28.84,433.25,No,One year,Mailed check,No internet service,No internet service,No internet service,No internet service,Yes,Yes,Yes,0,4,1,52.0,98.0,No
CUST-15087,Female,0,55,47,64.72,3034.43,DSL,Two year,Bank transfer (automatic),No,No,No,Yes,Yes,Yes,No,0,4,1,145.8,350.9,No
CUST-15088,Male,0,57,27,18.25,482.74,No,Two year,Mailed check,No internet service,No internet service,No internet service,No internet service,Yes,No,Yes,0,4,1,68.0,119.9,No
CUST-15089,Female,0,51,71,95.13,6762.93,Fiber optic,Month-to-month,Credit card (automatic),No,No,Yes,Yes,Yes,No,No,1,3,1,130.7,301.2,Yes
CUST-15090,Male,1,74,27,69.19,1857.97,DSL,Month-to-month,Bank transfer (automatic),Yes,No,No,Yes,Yes,No,Yes,0,3,0,63.7,155.0,No
CUST-15091,Male,0,44,13,61.17,801.15,DSL,Month-to-month,Electronic check,No,No,Yes,No,Yes,No,No,0,4,3,91.1,98.2,Yes
CUST-15092,Female,0,26,55,23.72,1330.22,No,Month-to-month,Mailed check,No internet service,No internet service,No internet service,No internet service,Yes,Yes,No,0,4,0,23.1,45.1,No
CUST-15093,Female,0,22,17,42.55,713.19,DSL,Month-to-month,Credit card (automatic),No,No,No,No,Yes,No,No,0,2,1,138.3,264.9,Yes
CUST-15094,Female,0,22,59,57.77,3382.53,DSL,Two year,Bank transfer (automatic),Yes,No,No,No,Yes,No,No,1,3,2,91.5,208.4,No
CUST-15095,Female,0,42,10,116.75,1189.94,Fiber optic,Month-to-month,Credit card (automatic),Yes,Yes,Yes,Yes,Yes,No,No,1,3,1,150.1,206.1,Yes
CUST-15096,Female,0,43,33,54.12,1772.37,DSL,Month-to-month,Electronic check,No,No,Yes,No,Yes,No,No,0,5,1,119.9,176.2,No
CUST-15097,Female,0,36,37,118.75,4423.06,Fiber optic,Month-to-month,Credit card (automatic),Yes,Yes,Yes,Yes,Yes,Yes,No,0,3,1,68.9,60.6,Yes
CUST-15098,Male,0,47,8,98.67,809.77,Fiber optic,Two year,Electronic check,Yes,No,No,Yes,Yes,Yes,No,0,4,2,201.3,423.3,No
CUST-15099,Female,0,53,33,77.63,2557.4,Fiber optic,One year,Electronic check,No,No,Yes,No,Yes,No,No,0,3,3,36.5,45.7,No
CUST-15100,Male,0,33,7,30.3,219.79,No,Month-to-month,Mailed check,No internet service,No internet service,No internet service,No internet service,Yes,Yes,No,0,4,2,42.9,102.1,No
CUST-15101,Male,0,24,34,83.7,2832.45,Fiber optic,Month-to-month,Electronic check,No,No,Yes,No,Yes,No,No,0,3,3,60.9,117.4,Yes
CUST-15102,Female,0,35,71,23.59,1649.94,No,Month-to-month,Bank transfer (automatic),No internet service,No internet service,No internet service,No internet service,No,No phone service,No,1,2,1,12.6,17.2,Yes
CUST-15103,Male,0,38,7,19.3,136.65,No,One year,Credit card (automatic),No internet service,No internet service,No internet service,No internet service,Yes,No,Yes,0,4,0,78.1,171.1,No
CUST-15104,Female,0,48,41,29.37,1199.65,No,One year,Credit card (automatic),No internet service,No internet service,No internet service,No internet service,Yes,Yes,No,0,4,0,112.6,246.5,No
CUST-15105,Female,0,18,55,32.54,1817.9,No,One year,Bank transfer (automatic),No internet service,No internet service,No internet service,No internet service,Yes,Yes,No,0,4,2,128.2,137.8,No
CUST-15106,Male,0,20,7,32.59,233.98,No,Month-to-month,Mailed check,No internet service,No internet service,No internet service,No internet service,Yes,Yes,No,1,3,1,38.8,66.8,Yes
CUST-15107,Male,0,48,18,95.71,1737.61,Fiber optic,One year,Credit card (automatic),No,Yes,Yes,No,Yes,Yes,No,0,3,2,83.1,67.9,No
CUST-15108,Female,0,42,43,107.02,4579.97,Fiber optic,One year,Bank transfer (automatic),No,Yes,Yes,Yes,Yes,Yes,No,1,2,3,295.6,409.4,Yes
CUST-15109,Female,0,25,40,79.6,3197.42,DSL,Two year,Credit card (automatic),Yes,No,Yes,No,Yes,Yes,No,0,4,1,204.3,404.6,No
CUST-15110,Male,0,18,53,65.35,3436.93,DSL,One year,Credit card (automatic),No,No,Yes,No,Yes,Yes,No,1,2,4,79.7,108.5,Yes
CUST-15111,Male,0,24,14,80.0,1126.78,Fiber optic,Month-to-month,Electronic check,No,No,No,No,Yes,Yes,No,1,2,3,135.8,139.6,Yes
CUST-15112,Male,0,24,21,79.13,1682.04,DSL,Month-to-month,Electronic check,No,Yes,Yes,No,Yes,Yes,No,0,3,2,149.3,266.0,Yes
CUST-15113,Male,0,25,57,64.33,3665.79,DSL,Month-to-month,Mailed check,Yes,Yes,No,No,Yes,No,Yes,1,1,1,160.4,390.5,No
CUST-15114,Female,0,36,46,19.41,875.76,No,One year,Credit card (automatic),No internet service,No internet service,No internet service,No internet service,Yes,No,Yes,0,3,0,57.1,85.8,No
CUST-15115,Female,0,34,26,59.67,1548.04,DSL,One year,Credit card (automatic),Yes,No,No,No,Yes,Yes,No,1,2,0,38.6,91.1,No
CUST-15116,Female,1,80,24,69.06,1677.91,DSL,Month-to-month,Bank transfer (automatic),No,No,Yes,No,Yes,Yes,No,1,3,0,71.6,167.5,Yes
CUST-15117,Female,0,64,5,93.48,480.26,Fiber optic,Month-to-month,Electronic check,Yes,No,Yes,No,Yes,No,No,0,4,0,62.9,121.8,Yes
CUST-15118,Male,0,58,42,59.8,2517.93,DSL,Month-to-month,Electronic check,No,Yes,No,No,Yes,Yes,No,0,3,1,71.2,65.5,No
CUST-15119,Male,0,28,43,20.6,897.43,No,Two year,Credit card (automatic),No internet service,No internet service,No internet service,No internet service,Yes,No,No,0,2,3,176.8,338.0,No
CUST-15120,Female,0,55,32,76.28,2461.01,Fiber optic,Month-to-month,Mailed check,No,No,No,No,Yes,Yes,No,0,4,2,71.4,128.9,No
CUST-15121,Female,0,58,6,98.47,569.93,Fiber optic,Month-to-month,Bank transfer (automatic),No,No,Yes,Yes,Yes,Yes,Yes,0,4,0,81.2,145.2,Yes
CUST-15122,Female,0,19,67,75.82,5100.46,DSL,Month-to-month,Credit card (automatic),Yes,No,Yes,Yes,Yes,No,No,0,3,3,32.3,44.4,No
CUST-15123,Female,1,74,7,80.59,582.53,Fiber optic,Month-to-month,Credit card (automatic),Yes,No,No,No,Yes,No,No,1,3,0,50.2,104.2,Yes
CUST-15124,Female,1,73,29,80.64,2337.21,Fiber optic,One year,Mailed check,No,Yes,No,No,Yes,No,No,0,3,4,100.8,231.9,Yes
CUST-15125,Female,0,50,34,82.9,2812.77,Fiber optic,Two year,Mailed check,Yes,No,No,No,No,No phone service,Yes,0,4,2,208.9,406.8,No
CUST-15126,Female,0,28,7,87.48,638.31,Fiber optic,Month-to-month,Bank transfer (automatic),No,No,Yes,No,Yes,Yes,No,1,3,2,114.3,120.2,Yes
CUST-15127,Female,0,20,58,108.16,6292.45,Fiber optic,One year,Electronic check,No,Yes,Yes,Yes,Yes,No,No,0,4,0,84.5,180.3,No
CUST-15128,Female,0,57,31,20.19,655.21,No,Month-to-month,Bank transfer (automatic),No internet service,No internet service,No internet service,No internet service,Yes,No,Yes,1,2,1,182.9,195.0,Yes
CUST-15129,Male,0,22,45,42.04,1900.31,DSL,Two year,Electronic check,No,No,No,No,Yes,No,Yes,0,4,0,130.0,280.8,No
CUST-15130,Female,0,38,47,93.13,4349.0,Fiber optic,Month-to-month,Credit card (automatic),No,No,Yes,Yes,Yes,No,No,0,4,0,65.0,119.2,No
CUST-15131,Male,0,39,72,74.23,5323.79,Fiber optic,Month-to-month,Credit card (automatic),No,No,No,No,No,No phone service,Yes,1,2,1,101.9,140.9,No
CUST-15132,Male,0,54,40,81.78,3290.42,Fiber optic,Month-to-month,Credit card (automatic),No,No,Yes,No,Yes,No,Yes,0,4,0,49.0,86.4,No
CUST-15133,Female,0,28,30,23.75,720.84,No,Month-to-month,Mailed check,No internet service,No internet service,No internet service,No internet service,Yes,No,No,0,4,0,237.4,522.2,Yes
CUST-15134,Female,1,79,62,76.6,4731.08,Fiber optic,Month-to-month,Mailed check,Yes,No,No,No,No,No phone service,Yes,1,2,1,111.9,186.9,Yes
CUST-15135,Male,0,39,71,32.14,2252.66,No,One year,Electronic check,No internet service,No internet service,No internet service,No internet service,Yes,Yes,Yes,0,3,1,47.1,75.8,No
CUST-15136,Male,0,58,17,81.31,1368.04,Fiber optic,One year,Electronic check,No,No,Yes,No,Yes,No,No,0,4,0,28.8,33.4,No
CUST-15137,Female,0,30,5,24.36,100.05,No,Month-to-month,Mailed check,No internet service,No internet service,No internet service,No internet service,Yes,No,Yes,1,2,1,63.2,89.9,Yes
CUST-15138,Male,0,20,1,85.66,108.23,Fiber optic,One year,Bank transfer (automatic),No,No,No,Yes,Yes,No,No,0,3,2,47.6,80.1,Yes
CUST-15139,Female,0,30,31,71.6,2242.57,Fiber optic,Month-to-month,Electronic check,No,No,No,No,Yes,No,No,0,4,0,193.2,192.1,No
CUST-15140,Female,0,45,35,101.73,3581.09,Fiber optic,One year,Mailed check,Yes,No,Yes,No,Yes,Yes,Yes,0,5,0,115.0,231.3,No
CUST-15141,Female,0,28,72,62.12,4448.32,DSL,One year,Mailed check,No,No,Yes,No,Yes,Yes,No,0,3,3,21.1,49.0,No
CUST-15142,Male,0,28,30,71.03,2109.0,Fiber optic,One year,Electronic check,No,No,No,No,No,No phone service,Yes,0,3,3,134.9,289.2,No
CUST-15143,Male,0,38,15,90.49,1335.48,Fiber optic,Month-to-month,Electronic check,No,No,Yes,No,Yes,Yes,Yes,0,4,0,48.0,78.1,Yes
CUST-15144,Female,0,38,56,18.34,1012.54,No,Month-to-month,Mailed check,No internet service,No internet service,No internet service,No internet service,Yes,No,No,0,3,1,39.1,31.8,No
CUST-15145,Male,0,24,60,100.06,5977.97,Fiber optic,Month-to-month,Bank transfer (automatic),Yes,No,No,Yes,Yes,Yes,Yes,0,4,1,15.3,24.1,No
CUST-15146,Male,1,68,27,108.29,2952.72,Fiber optic,Month-to-month,Bank transfer (automatic),No,Yes,Yes,Yes,Yes,No,No,0,3,6,97.9,98.9,Yes
CUST-15147,Male,0,31,2,18.25,57.81,No,One year,Mailed check,No internet service,No internet service,No internet service,No internet service,Yes,No,No,0,4,0,102.2,210.7,No
CUST-15148,Male,0,50,64,86.17,5489.03,DSL,Month-to-month,Electronic check,No,Yes,Yes,Yes,Yes,Yes,No,0,4,1,319.2,324.3,No
CUST-15149,Male,0,28,5,18.34,70.32,No,Month-to-month,Electronic check,No internet service,No internet service,No internet service,No internet service,Yes,No,No,1,2,3,32.9,33.2,Yes
CUST-15150,Male,1,74,68,98.61,6691.22,Fiber optic,Month-to-month,Electronic check,No,No,Yes,Yes,Yes,No,No,0,4,2,138.0,230.8,Yes
CUST-15151,Male,0,18,13,104.74,1378.12,Fiber optic,Month-to-month,Electronic check,Yes,No,Yes,No,Yes,Yes,No,0,4,0,124.1,150.1,No
CUST-15152,Female,0,51,23,100.86,2332.63,Fiber optic,One year,Credit card (automatic),Yes,No,Yes,No,Yes,Yes,No,1,2,3,122.9,148.8,Yes
CUST-15153,Male,0,26,50,20.5,1032.83,No,Month-to-month,Electronic check,No internet service,No internet service,No internet service,No internet service,Yes,No,No,1,2,2,11.0,26.7,No
CUST-15154,Male,0,30,37,32.03,1209.84,No,One year,Electronic check,No internet service,No internet service,No internet service,No internet service,Yes,Yes,No,0,4,0,104.2,135.4,No
CUST-15155,Male,0,54,30,18.25,519.68,No,Month-to-month,Electronic check,No internet service,No internet service,No internet service,No internet service,Yes,No,No,1,2,2,139.2,328.9,Yes
CUST-15156,Male,1,77,23,82.62,1879.94,Fiber optic,Two year,Mailed check,No,No,No,Yes,Yes,No,No,0,4,0,122.8,146.8,No
CUST-15157,Male,0,58,34,18.25,601.89,No,Two year,Electronic check,No internet service,No internet service,No internet service,No internet service,No,No phone service,No,0,4,0,106.0,246.7,No
CUST-15158,Male,0,62,64,114.68,7313.1,Fiber optic,One year,Electronic check,Yes,Yes,No,Yes,Yes,Yes,Yes,0,3,5,79.3,90.9,No
CUST-15159,Male,0,54,55,51.2,2823.1,DSL,Two year,Electronic check,No,No,No,No,Yes,Yes,No,0,4,1,31.8,34.9,No
CUST-15160,Male,0,64,71,28.21,1985.49,No,Month-to-month,Credit card (automatic),No internet service,No internet service,No internet service,No internet service,Yes,Yes,Yes,0,4,2,104.9,133.4,No
CUST-15161,Female,1,78,9,99.18,891.58,Fiber optic,Two year,Credit card (automatic),Yes,No,Yes,No,Yes,Yes,Yes,1,2,1,74.4,112.9,Yes
CUST-15162,Male,0,31,4,97.94,402.89,Fiber optic,Two year,Bank transfer (automatic),No,No,Yes,Yes,Yes,No,Yes,0,3,2,82.5,95.3,No
CUST-15163,Male,0,23,66,87.0,5747.72,Fiber optic,Two year,Electronic check,No,No,Yes,No,Yes,No,No,0,3,3,70.6,130.5,No
CUST-15164,Male,0,51,33,58.68,1923.85,DSL,One year,Electronic check,Yes,No,No,No,Yes,Yes,No,0,3,2,98.0,156.4,No
CUST-15165,Male,0,33,32,106.32,3397.09,Fiber optic,One year,Bank transfer (automatic),Yes,No,Yes,Yes,Yes,No,No,0,3,4,87.0,149.3,No
CUST-15166,Female,0,54,44,108.68,4772.31,Fiber optic,Month-to-month,Electronic check,Yes,Yes,Yes,No,Yes,Yes,No,0,4,1,137.6,265.6,Yes
CUST-15167,Female,0,53,37,18.25,696.4,No,Month-to-month,Mailed check,No internet service,No internet service,No internet service,No internet service,Yes,No,No,1,2,4,49.1,77.8,Yes
CUST-15168,Female,0,63,67,77.05,5157.55,Fiber optic,Month-to-month,Bank transfer (automatic),No,No,No,No,Yes,Yes,No,1,3,1,96.5,92.7,Yes
CUST-15169,Female,0,23,60,82.98,4952.5,Fiber optic,Two year,Mailed check,No,No,No,No,Yes,Yes,No,0,5,2,125.6,175.9,No
CUST-15170,Female,0,25,59,53.58,3168.38,DSL,Month-to-month,Mailed check,Yes,No,No,No,Yes,No,Yes,0,4,2,62.0,104.2,No
CUST-15171,Female,0,41,36,18.25,638.86,No,One year,Electronic check,No internet service,No internet service,No internet service,No internet service,Yes,No,No,0,3,0,113.4,125.2,No
CUST-15172,Female,0,20,49,93.46,4569.86,Fiber optic,Month-to-month,Bank transfer (automatic),No,No,No,Yes,Yes,Yes,No,0,4,2,91.3,149.5,No
CUST-15173,Female,0,21,51,68.68,3492.34,DSL,Month-to-month,Bank transfer (automatic),No,No,Yes,No,Yes,Yes,No,0,4,3,60.6,61.2,No
CUST-15174,Female,0,49,8,110.39,857.47,Fiber optic,Two year,Bank transfer (automatic),Yes,No,Yes,Yes,Yes,Yes,Yes,0,3,3,72.2,101.0,Yes
CUST-15175,Female,1,78,50,72.99,3676.56,DSL,Two year,Mailed check,Yes,No,No,Yes,Yes,Yes,No,0,3,2,247.5,551.0,No
CUST-15176,Female,0,51,41,79.47,3261.09,Fiber optic,One year,Bank transfer (automatic),No,No,No,No,Yes,Yes,Yes,0,3,0,246.7,217.1,No
CUST-15177,Female,1,69,38,79.05,2983.27,Fiber optic,Month-to-month,Credit card (automatic),No,No,Yes,No,Yes,No,Yes,0,4,1,37.0,31.9,Yes
CUST-15178,Female,1,79,55,66.84,3679.55,DSL,Month-to-month,Bank transfer (automatic),No,Yes,Yes,No,Yes,No,No,0,3,0,62.1,91.8,No
CUST-15179,Female,0,29,68,18.25,1238.09,No,Month-to-month,Mailed check,No internet service,No internet service,No internet service,No internet service,Yes,No,No,0,4,0,62.8,147.9,No
CUST-15180,Female,0,27,18,63.05,1125.59,DSL,Month-to-month,Credit card (automatic),No,No,No,Yes,Yes,Yes,No,0,3,3,139.1,256.6,Yes
CUST-15181,Female,0,27,65,18.25,1184.6,No,Month-to-month,Bank transfer (automatic),No internet service,No internet service,No internet service,No internet service,Yes,No,No,0,4,2,84.8,166.9,No
CUST-15182,Male,0,61,64,70.95,4550.98,DSL,Month-to-month,Credit card (automatic),No,No,Yes,Yes,Yes,No,No,1,3,1,81.1,141.6,Yes
CUST-15183,Female,0,40,12,97.82,1155.81,Fiber optic,Month-to-month,Bank transfer (automatic),No,Yes,Yes,No,Yes,Yes,Yes,0,4,0,56.7,120.1,Yes
CUST-15184,Male,0,23,41,105.98,4347.45,Fiber optic,One year,Bank transfer (automatic),Yes,Yes,Yes,No,Yes,No,No,0,4,0,123.5,184.4,No
CUST-15185,Female,0,41,42,24.83,1061.64,No,Month-to-month,Bank transfer (automatic),No internet service,No internet service,No internet service,No internet service,No,No phone service,No,0,4,2,145.8,302.3,No
CUST-15186,Female,0,41,60,72.81,4351.95,DSL,Month-to-month,Electronic check,No,No,Yes,Yes,Yes,Yes,No,0,4,0,109.9,262.5,No
CUST-15187,Male,0,38,50,26.98,1349.93,No,Month-to-month,Mailed check,No internet service,No internet service,No internet service,No internet service,Yes,Yes,No,1,2,3,78.4,108.7,Yes
CUST-15188,Female,0,59,36,88.02,3196.66,Fiber optic,Two year,Electronic check,No,No,Yes,No,Yes,Yes,Yes,1,3,3,66.8,100.1,No
CUST-15189,Male,0,48,48,80.52,3882.99,Fiber optic,Month-to-month,Mailed check,No,No,No,Yes,Yes,No,No,0,3,2,166.5,182.7,Yes
CUST-15190,Male,0,64,71,85.65,6086.73,Fiber optic,Month-to-month,Bank transfer (automatic),No,Yes,No,No,Yes,Yes,No,1,3,2,72.7,72.7,Yes
CUST-15191,Male,0,58,8,80.83,661.59,Fiber optic,Month-to-month,Mailed check,No,No,Yes,No,Yes,No,No,0,4,0,80.5,167.0,Yes
CUST-15192,Female,0,47,25,86.41,2161.79,Fiber optic,Two year,Electronic check,Yes,Yes,No,No,Yes,No,No,1,1,2,110.2,198.3,Yes
CUST-15193,Female,1,71,7,75.8,559.79,Fiber optic,One year,Mailed check,No,No,No,No,Yes,Yes,No,1,2,1,168.5,339.9,Yes
CUST-15194,Female,0,35,8,57.48,439.99,DSL,One year,Electronic check,Yes,No,No,No,No,No phone service,Yes,0,3,1,39.1,42.5,No
CUST-15195,Male,0,29,31,76.44,2382.81,Fiber optic,Month-to-month,Bank transfer (automatic),No,No,No,No,Yes,Yes,No,0,5,0,166.8,348.1,No
CUST-15196,Male,0,52,12,79.08,919.32,Fiber optic,One year,Bank transfer (automatic),No,No,Yes,No,No,No phone service,No,0,4,2,29.7,39.6,No
CUST-15197,Female,0,24,57,61.08,3459.1,DSL,One year,Credit card (automatic),Yes,Yes,No,No,Yes,No,No,0,4,1,55.3,102.5,No
CUST-15198,Female,0,58,66,53.48,3542.99,DSL,One year,Electronic check,Yes,No,No,No,Yes,No,No,0,5,1,66.0,147.9,No
CUST-15199,Female,1,78,12,54.43,668.72,DSL,Two year,Electronic check,No,No,No,No,Yes,Yes,No,0,3,1,77.2,142.5,Yes
CUST-15200,Female,0,42,27,52.53,1390.67,DSL,Month-to-month,Credit card (automatic),Yes,No,No,No,Yes,No,No,0,4,1,104.7,114.3,No
CUST-15201,Female,1,66,46,27.22,1242.15,No,Month-to-month,Electronic check,No internet service,No internet service,No internet service,No internet service,Yes,Yes,Yes,0,4,1,85.8,141.6,No
CUST-15202,Male,0,18,7,79.52,533.73,DSL,Two year,Bank transfer (automatic),No,Yes,Yes,No,Yes,Yes,No,0,4,1,38.3,47.1,No
CUST-15203,Male,0,63,61,20.52,1275.13,No,One year,Credit card (automatic),No internet service,No internet service,No internet service,No internet service,Yes,No,No,1,3,1,131.1,228.1,No
CUST-15204,Male,0,33,58,79.32,4597.79,DSL,Month-to-month,Mailed check,No,Yes,Yes,Yes,Yes,No,No,0,4,1,90.7,84.7,No
CUST-15205,Female,1,69,58,87.1,5048.35,Fiber optic,Month-to-month,Mailed check,No,Yes,No,No,Yes,Yes,Yes,0,4,0,85.8,211.9,No
CUST-15206,Male,0,46,13,78.57,1040.84,Fiber optic,Two year,Electronic check,No,No,No,No,Yes,Yes,No,0,2,4,146.9,272.4,No
CUST-15207,Male,0,55,53,83.85,,DSL,Month-to-month,Credit card (automatic),No,Yes,Yes,Yes,No,No phone service,Yes,0,4,3,147.5,213.7,Yes
CUST-15208,Male,0,64,65,84.54,5520.44,DSL,Month-to-month,Electronic check,Yes,No,Yes,Yes,Yes,Yes,No,0,2,2,76.1,105.5,No
CUST-15209,Male,0,45,49,61.42,3035.9,DSL,Month-to-month,Electronic check,No,No,No,Yes,Yes,No,Yes,0,4,3,100.0,178.8,Yes
CUST-15210,Male,0,39,35,84.49,2945.94,Fiber optic,Two year,Mailed check,No,Yes,No,No,Yes,Yes,Yes,0,4,2,76.5,148.6,Yes
CUST-15211,Female,1,75,17,93.11,1591.77,DSL,Two year,Electronic check,Yes,Yes,Yes,Yes,Yes,Yes,Yes,1,3,2,98.8,118.4,Yes
CUST-15212,Male,0,49,72,78.55,5658.11,DSL,Month-to-month,Bank transfer (automatic),Yes,Yes,Yes,No,No,No phone service,No,1,2,2,106.3,184.6,Yes
CUST-15213,Female,0,50,67,54.51,3657.92,DSL,One year,Mailed check,No,No,No,Yes,No,No phone service,No,0,5,2,55.8,125.9,No
CUST-15214,Female,0,30,10,64.44,651.92,DSL,Month-to-month,Electronic check,Yes,Yes,No,No,No,No phone service,No,0,3,1,108.2,235.6,Yes
CUST-15215,Female,0,44,34,22.3,731.8,No,Month-to-month,Electronic check,No internet service,No internet service,No internet service,No internet service,Yes,No,No,0,4,2,34.1,38.0,No
CUST-15216,Female,0,35,4,102.35,433.1,Fiber optic,Two year,Electronic check,Yes,Yes,No,Yes,No,No phone service,No,1,2,2,127.2,184.6,Yes
CUST-15217,Female,0,35,29,85.14,2447.48,Fiber optic,Month-to-month,Electronic check,No,No,Yes,No,Yes,Yes,No,0,4,1,225.6,483.8,No
CUST-15218,Male,0,30,46,18.25,834.97,No,Month-to-month,Electronic check,No internet service,No internet service,No internet service,No internet service,No,No phone service,No,0,4,0,158.8,210.5,No
CUST-15219,Male,0,39,46,95.65,4387.42,Fiber optic,One year,Credit card (automatic),No,Yes,No,Yes,Yes,Yes,Yes,0,4,2,61.8,130.2,No
CUST-15220,Female,1,70,59,73.26,4325.56,DSL,Month-to-month,Electronic check,No,No,Yes,Yes,Yes,No,Yes,1,2,2,29.9,60.0,Yes
CUST-15221,Female,1,66,61,94.95,5819.64,Fiber optic,Month-to-month,Electronic check,Yes,No,Yes,No,Yes,No,No,0,5,3,47.6,52.9,Yes
CUST-15222,Female,0,56,68,108.84,7395.87,Fiber optic,One year,Electronic check,Yes,No,Yes,Yes,Yes,No,Yes,0,2,3,40.3,80.0,No
CUST-15223,Male,0,39,66,115.85,7652.29,Fiber optic,One year,Mailed check,Yes,No,Yes,Yes,Yes,Yes,No,0,3,3,55.0,122.3,No
CUST-15224,Female,1,76,34,91.75,3097.97,Fiber optic,Month-to-month,Bank transfer (automatic),Yes,No,No,Yes,Yes,No,Yes,0,4,2,12.5,29.3,No
CUST-15225,Male,0,34,5,81.83,406.93,Fiber optic,Month-to-month,Credit card (automatic),No,No,No,No,Yes,Yes,No,0,4,1,75.9,92.3,Yes
CUST-15226,Female,0,49,9,111.72,1030.43,Fiber optic,One year,Mailed check,Yes,Yes,Yes,No,Yes,Yes,Yes,1,2,2,89.6,223.5,Yes
CUST-15227,Male,1,65,20,75.25,1530.94,DSL,Two year,Electronic check,Yes,No,No,Yes,Yes,Yes,No,0,3,1,123.5,201.7,No
CUST-15228,Female,0,59,21,55.71,1172.7,DSL,Month-to-month,Electronic check,No,No,Yes,No,Yes,No,Yes,0,5,1,136.4,167.4,No
CUST-15229,Male,0,46,17,21.81,386.89,No,Two year,Electronic check,No internet service,No internet service,No internet service,No internet service,Yes,No,No,1,3,0,88.8,180.0,No
CUST-15230,Female,0,23,12,20.9,220.99,No,One year,Bank transfer (automatic),No internet service,No internet service,No internet service,No internet service,No,No phone service,No,0,2,3,63.6,128.0,No
CUST-15231,Male,0,21,67,91.14,6108.27,Fiber optic,Two year,Bank transfer (automatic),Yes,Yes,No,No,Yes,No,No,1,2,1,107.5,198.2,No
CUST-15232,Male,0,28,5,19.0,108.95,No,Month-to-month,Electronic check,No internet service,No internet service,No internet service,No internet service,No,No phone service,Yes,0,3,1,44.1,46.1,No
CUST-15233,Male,0,62,60,71.39,4273.19,DSL,Month-to-month,Credit card (automatic),No,No,Yes,Yes,Yes,No,No,0,4,3,57.8,49.4,Yes
CUST-15234,Male,0,57,53,72.81,3883.0,DSL,Month-to-month,Credit card (automatic),No,No,Yes,Yes,Yes,Yes,No,0,4,1,55.3,113.4,No
CUST-15235,Male,0,27,52,55.26,2890.3,DSL,Month-to-month,Credit card (automatic),No,No,No,No,Yes,Yes,Yes,1,2,2,232.6,324.1,Yes
CUST-15236,Male,0,45,48,84.31,4063.06,Fiber optic,Two year,Electronic check,No,No,Yes,No,Yes,No,No,0,3,5,64.1,61.9,Yes
CUST-15237,Male,0,28,19,69.16,1285.31,DSL,Month-to-month,Electronic check,No,No,Yes,Yes,No,No phone service,Yes,0,4,3,100.8,240.2,No
CUST-15238,Female,0,52,17,87.63,1470.74,Fiber optic,One year,Electronic check,No,No,Yes,No,Yes,Yes,Yes,1,3,1,69.0,163.9,Yes
CUST-15239,Female,0,32,54,82.19,4451.08,Fiber optic,Month-to-month,Mailed check,No,No,Yes,No,No,No phone service,No,0,4,2,90.7,171.6,Yes
CUST-15240,Female,0,25,68,86.23,5867.34,Fiber optic,One year,Mailed check,No,No,No,Yes,Yes,Yes,Yes,0,4,0,210.1,254.8,No
CUST-15241,Female,0,37,35,77.85,2729.46,Fiber optic,Month-to-month,Credit card (automatic),No,Yes,No,No,Yes,No,No,1,2,6,106.8,264.2,Yes
CUST-15242,Female,0,38,41,19.21,758.5,No,Month-to-month,Electronic check,No internet service,No internet service,No internet service,No internet service,Yes,No,Yes,0,3,1,87.6,106.0,No
CUST-15243,Male,0,18,13,29.73,383.01,No,Month-to-month,Bank transfer (automatic),No internet service,No internet service,No internet service,No internet service,Yes,Yes,No,0,4,1,113.6,92.9,No
CUST-15244,Male,0,46,33,88.87,2949.9,Fiber optic,One year,Bank transfer (automatic),No,Yes,No,Yes,No,No phone service,No,0,3,2,90.6,211.0,Yes
CUST-15245,Male,0,41,15,88.58,1338.51,Fiber optic,Month-to-month,Electronic check,No,Yes,Yes,No,Yes,No,No,0,3,2,52.2,59.2,Yes
CUST-15246,Male,0,47,63,83.08,5238.39,Fiber optic,Month-to-month,Electronic check,No,No,Yes,No,Yes,No,Yes,1,3,1,200.6,375.2,Yes
CUST-15247,Male,0,57,15,29.8,458.8,No,Month-to-month,Bank transfer (automatic),No internet service,No internet service,No internet service,No internet service,Yes,Yes,Yes,1,2,3,188.1,226.7,Yes
CUST-15248,Female,0,52,31,85.84,2682.1,Fiber optic,Two year,Bank transfer (automatic),No,No,Yes,No,Yes,Yes,No,0,5,1,63.5,99.0,No
CUST-15249,Female,1,74,28,23.33,674.21,No,One year,Credit card (automatic),No internet service,No internet service,No internet service,No internet service,Yes,Yes,Yes,0,4,1,118.4,175.8,No
CUST-15250,Female,0,37,10,61.47,612.06,DSL,One year,Credit card (automatic),No,No,No,Yes,Yes,Yes,No,0,3,1,79.9,114.9,No
CUST-15251,Female,0,33,57,32.01,1813.04,No,One year,Credit card (automatic),No internet service,No internet service,No internet service,No internet service,Yes,Yes,No,0,4,1,70.6,94.6,No
CUST-15252,Male,0,26,71,46.73,3309.81,DSL,Month-to-month,Bank transfer (automatic),No,No,No,No,No,No phone service,Yes,1,1,2,39.1,32.3,Yes
CUST-15253,Male,0,48,33,59.21,1955.21,DSL,One year,Electronic check,No,Yes,No,No,Yes,No,No,0,4,3,91.1,106.1,Yes
CUST-15254,Male,1,77,7,46.65,301.91,DSL,Month-to-month,Credit card (automatic),No,No,No,No,Yes,No,No,0,3,1,34.5,85.9,No
CUST-15255,Female,0,48,5,24.65,128.71,No,Month-to-month,Credit card (automatic),No internet service,No internet service,No internet service,No internet service,Yes,No,No,0,3,0,13.4,10.9,Yes
CUST-15256,Male,0,40,57,27.39,1558.43,No,One year,Mailed check,No internet service,No internet service,No internet service,No internet service,Yes,Yes,No,0,3,0,185.6,171.2,No
CUST-15257,Female,0,23,72,65.99,4766.82,DSL,One year,Electronic check,No,No,Yes,No,Yes,Yes,No,1,3,2,74.9,64.0,No
CUST-15258,Male,0,47,40,70.01,2786.84,DSL,Month-to-month,Mailed check,No,No,Yes,Yes,Yes,No,Yes,0,4,2,125.1,209.4,No
CUST-15259,Male,0,24,28,18.25,484.98,No,Month-to-month,Credit card (automatic),No internet service,No internet service,No internet service,No internet service,Yes,No,Yes,0,4,0,217.9,188.0,No
CUST-15260,Female,0,57,36,18.25,680.67,No,One year,Electronic check,No internet service,No internet service,No internet service,No internet service,Yes,No,No,0,4,4,35.2,60.3,No
CUST-15261,Male,0,59,56,61.45,3415.28,DSL,One year,Bank transfer (automatic),No,No,No,Yes,Yes,Yes,No,1,2,1,11.3,15.3,No
CUST-15262,Male,0,63,47,92.11,4354.81,Fiber optic,Month-to-month,Credit card (automatic),No,Yes,No,Yes,Yes,No,No,1,3,3,49.5,113.5,No
CUST-15263,Female,0,28,71,111.31,7902.86,Fiber optic,Month-to-month,Bank transfer (automatic),Yes,No,Yes,Yes,Yes,Yes,No,0,4,0,102.3,144.3,No
CUST-15264,Male,0,51,40,28.4,1109.38,No,Two year,Mailed check,No internet service,No internet service,No internet service,No internet service,Yes,Yes,No,0,2,1,113.8,249.6,No
CUST-15265,Female,0,29,59,107.0,6290.55,Fiber optic,One year,Credit card (automatic),No,Yes,Yes,Yes,Yes,No,No,0,4,3,102.6,205.0,Yes
CUST-15266,Male,0,62,43,117.22,5042.44,Fiber optic,Two year,Electronic check,Yes,Yes,Yes,Yes,Yes,No,Yes,0,2,1,41.0,100.4,No
CUST-15267,Male,0,64,66,82.77,5433.77,Fiber optic,Month-to-month,Electronic check,No,No,No,No,Yes,Yes,No,1,2,1,77.2,119.8,Yes
CUST-15268,Male,0,44,9,69.58,651.13,DSL,Month-to-month,Electronic check,No,No,Yes,Yes,No,No phone service,No,0,4,0,152.0,368.3,No
CUST-15269,Male,0,29,6,43.47,278.6,DSL,Month-to-month,Electronic check,No,No,No,No,Yes,No,No,0,2,3,88.9,168.9,Yes
CUST-15270,Male,1,67,65,80.08,5205.47,Fiber optic,One year,Mailed check,No,No,No,Yes,Yes,No,Yes,0,4,0,143.6,208.3,No
CUST-15271,Male,0,25,3,88.41,290.8,Fiber optic,Month-to-month,Electronic check,No,No,No,Yes,Yes,Yes,Yes,0,4,2,23.5,38.4,Yes
CUST-15272,Male,1,67,37,75.24,2769.46,DSL,Month-to-month,Bank transfer (automatic),No,No,Yes,Yes,Yes,Yes,No,1,3,1,39.2,80.0,Yes
CUST-15273,Male,0,46,33,26.93,909.89,No,Month-to-month,Mailed check,No internet service,No internet service,No internet service,No internet service,Yes,Yes,No,1,3,0,70.2,161.8,No
CUST-15274,Female,0,52,9,85.75,790.06,Fiber optic,One year,Bank transfer (automatic),No,No,Yes,No,Yes,Yes,No,0,3,3,158.1,235.6,Yes
CUST-15275,Female,0,46,53,93.33,4951.4,Fiber optic,Month-to-month,Electronic check,Yes,No,Yes,No,Yes,No,No,1,2,1,184.3,442.9,Yes
CUST-15276,Male,0,48,51,79.68,4052.81,DSL,One year,Electronic check,Yes,No,Yes,Yes,Yes,No,Yes,0,3,1,109.2,176.2,No
CUST-15277,Male,0,30,71,19.62,1396.52,No,Two year,Electronic check,No internet service,No internet service,No internet service,No internet service,Yes,No,No,0,3,0,46.9,98.9,No
CUST-15278,Female,0,29,26,70.81,1868.49,DSL,One year,Electronic check,Yes,No,Yes,No,Yes,Yes,No,0,3,2,40.7,95.4,No
CUST-15279,Male,0,19,16,60.93,949.95,DSL,Month-to-month,Electronic check,No,No,No,Yes,Yes,Yes,No,0,4,3,119.7,140.5,Yes
CUST-15280,Male,0,50,40,20.45,800.06,No,Two year,Electronic check,No internet service,No internet service,No internet service,No internet service,Yes,No,No,1,3,2,129.1,147.4,Yes
CUST-15281,Female,0,25,51,85.37,4362.5,Fiber optic,Month-to-month,Bank transfer (automatic),No,No,No,Yes,Yes,Yes,No,1,3,1,124.0,242.9,Yes
CUST-15282,Male,0,58,39,102.25,3998.46,Fiber optic,Month-to-month,Electronic check,No,Yes,No,Yes,Yes,Yes,No,0,3,2,115.2,216.0,No
CUST-15283,Male,0,57,55,83.94,4596.57,DSL,Two year,Electronic check,Yes,No,Yes,Yes,Yes,No,No,0,3,0,48.8,107.8,No
CUST-15284,Female,0,58,36,20.97,773.3,No,Month-to-month,Electronic check,No internet service,No internet service,No internet service,No internet service,Yes,No,No,0,4,1,34.2,58.8,No
CUST-15285,Male,0,49,65,57.23,3745.66,DSL,Month-to-month,Credit card (automatic),Yes,No,No,No,No,No phone service,Yes,0,4,4,76.9,156.5,No
CUST-15286,Male,0,55,45,19.39,847.33,No,Month-to-month,Electronic check,No internet service,No internet service,No internet service,No internet service,Yes,No,No,0,4,2,106.9,116.4,Yes
CUST-15287,Female,0,45,9,68.67,646.48,DSL,Month-to-month,Electronic check,Yes,No,No,Yes,Yes,No,No,0,4,2,9.7,16.8,Yes
CUST-15288,Male,1,72,37,58.52,2152.11,DSL,One year,Mailed check,No,No,No,Yes,Yes,No,No,1,2,1,39.5,32.3,Yes
CUST-15289,Female,0,40,1,93.24,93.24,Fiber optic,Month-to-month,Bank transfer (automatic),No,No,Yes,No,Yes,Yes,No,1,3,1,56.7,111.1,Yes
CUST-15290,Male,1,76,66,104.11,6843.95,Fiber optic,One year,Mailed check,No,No,Yes,Yes,Yes,Yes,No,0,3,3,66.0,161.7,No
CUST-15291,Male,1,65,63,47.49,2991.71,DSL,One year,Mailed check,No,No,No,No,Yes,No,No,0,4,0,155.5,170.8,No
CUST-15292,Female,0,38,43,90.57,3921.8,Fiber optic,Month-to-month,Bank transfer (automatic),No,No,No,Yes,Yes,Yes,Yes,0,3,2,160.0,165.2,No
CUST-15293,Female,0,29,28,89.85,2495.46,Fiber optic,Month-to-month,Bank transfer (automatic),No,No,Yes,No,Yes,Yes,No,0,4,1,77.7,124.7,Yes
CUST-15294,Male,0,30,31,27.59,859.9,No,Month-to-month,Electronic check,No internet service,No internet service,No internet service,No internet service,Yes,Yes,No,0,4,3,149.9,233.7,No
CUST-15295,Female,0,56,69,26.92,1843.95,No,Two year,Electronic check,No internet service,No internet service,No internet service,No internet service,Yes,Yes,No,0,4,1,66.9,103.9,No
CUST-15296,Female,0,40,8,89.66,688.4,Fiber optic,One year,Credit card (automatic),No,Yes,Yes,No,Yes,No,No,1,2,4,91.1,117.9,Yes
CUST-15297,Male,0,63,34,60.33,2080.45,DSL,Two year,Mailed check,No,No,No,Yes,Yes,Yes,No,0,3,3,69.5,71.9,No
CUST-15298,Male,0,60,49,89.71,4408.76,Fiber optic,Month-to-month,Mailed check,No,Yes,No,No,Yes,Yes,No,0,4,3,189.8,449.6,No
CUST-15299,Male,1,73,58,98.01,5698.71,Fiber optic,Month-to-month,Electronic check,No,No,Yes,Yes,Yes,No,No,1,4,0,128.6,179.1,No
CUST-15300,Female,0,31,47,61.3,2890.88,DSL,Month-to-month,Credit card (automatic),No,No,Yes,No,Yes,No,No,1,2,4,65.1,97.2,Yes
CUST-15301,Female,0,34,25,65.81,1623.87,DSL,Month-to-month,Electronic check,Yes,Yes,No,No,Yes,No,Yes,0,3,2,92.0,139.5,No
CUST-15302,Female,0,41,3,85.94,240.22,Fiber optic,Month-to-month,Electronic check,No,No,Yes,No,Yes,Yes,Yes,0,3,4,40.4,41.1,No
CUST-15303,Female,1,73,45,103.79,4663.69,Fiber optic,Two year,Mailed check,Yes,No,Yes,No,Yes,Yes,No,1,2,0,146.4,166.4,Yes
CUST-15304,Male,0,39,52,102.48,5358.69,Fiber optic,Month-to-month,Mailed check,Yes,No,Yes,No,Yes,Yes,No,0,4,1,87.1,71.6,Yes
CUST-15305,Female,0,27,34,18.25,630.85,No,Two year,Credit card (automatic),No internet service,No internet service,No internet service,No internet service,Yes,No,No,0,2,3,210.8,346.9,No
CUST-15306,Male,0,25,69,58.04,4001.3,DSL,Month-to-month,Electronic check,No,Yes,No,No,Yes,No,No,0,3,1,49.0,85.4,No
CUST-15307,Female,0,38,8,101.72,812.84,Fiber optic,Two year,Mailed check,No,No,Yes,Yes,Yes,Yes,No,1,3,2,303.4,352.8,Yes
CUST-15308,Male,0,54,27,95.88,2614.09,Fiber optic,Month-to-month,Electronic check,No,Yes,Yes,No,Yes,No,No,1,3,2,174.6,265.2,Yes
CUST-15309,Male,0,24,63,54.48,3414.03,DSL,Two year,Bank transfer (automatic),No,No,No,Yes,Yes,No,Yes,0,4,3,78.4,154.8,No
CUST-15310,Male,0,43,25,78.01,,DSL,Month-to-month,Mailed check,No,Yes,Yes,No,Yes,Yes,Yes,1,2,1,34.0,42.2,Yes
CUST-15311,Female,0,30,58,22.12,1275.21,No,Two year,Bank transfer (automatic),No internet service,No internet service,No internet service,No internet service,Yes,No,No,0,3,0,172.7,246.0,No
CUST-15312,Male,0,33,48,77.14,3726.58,Fiber optic,Month-to-month,Electronic check,No,No,No,Yes,No,No phone service,No,0,3,1,112.8,225.3,No
CUST-15313,Male,1,76,1,20.63,37.24,No,Month-to-month,Mailed check,No internet service,No internet service,No internet service,No internet service,Yes,No,Yes,0,3,1,67.5,122.5,Yes
CUST-15314,Female,0,48,8,104.16,838.73,Fiber optic,Month-to-month,Mailed check,No,No,Yes,Yes,Yes,Yes,No,0,4,0,24.2,40.2,Yes
CUST-15315,Male,1,72,21,86.56,1806.64,Fiber optic,Month-to-month,Mailed check,No,No,No,Yes,Yes,Yes,No,1,4,1,73.3,166.8,Yes
CUST-15316,Female,0,49,29,70.32,2021.41,Fiber optic,One year,Mailed check,No,No,No,No,Yes,No,Yes,0,4,1,162.5,149.4,No
CUST-15317,Female,0,33,30,43.04,1281.05,DSL,Two year,Mailed check,No,No,No,No,Yes,No,No,0,4,1,107.3,181.8,No
CUST-15318,Male,0,64,3,21.96,91.65,No,One year,Credit card (automatic),No internet service,No internet service,No internet service,No internet service,No,No phone service,No,0,3,1,111.8,222.4,No
CUST-15319,Male,0,26,7,65.4,482.41,DSL,One year,Mailed check,No,No,Yes,No,Yes,Yes,Yes,0,5,1,84.4,107.1,No
CUST-15320,Female,0,39,11,68.21,745.63,DSL,Month-to-month,Credit card (automatic),No,Yes,Yes,No,Yes,No,No,0,5,2,18.8,24.2,No
CUST-15321,Male,0,61,32,105.73,3372.89,Fiber optic,One year,Electronic check,Yes,Yes,Yes,No,Yes,Yes,No,0,4,2,92.2,151.9,No
CUST-15322,Female,0,57,59,86.38,5119.5,Fiber optic,Month-to-month,Electronic check,No,No,No,Yes,Yes,Yes,Yes,0,4,1,27.4,37.8,No
CUST-15323,Female,0,62,12,65.52,783.01,DSL,Two year,Mailed check,No,No,Yes,No,Yes,Yes,No,1,2,1,102.9,156.5,No
CUST-15324,Female,0,54,38,63.81,2397.1,DSL,Month-to-month,Electronic check,No,Yes,No,Yes,Yes,No,Yes,1,2,1,140.1,276.7,Yes
CUST-15325,Male,0,31,24,56.99,1358.5,DSL,One year,Mailed check,No,No,No,Yes,Yes,No,No,0,5,3,58.9,84.5,No
CUST-15326,Female,0,33,65,83.9,5459.94,Fiber optic,Month-to-month,Electronic check,No,No,Yes,No,Yes,No,Yes,0,4,0,106.0,89.8,Yes
CUST-15327,Male,0,60,18,95.1,1738.48,Fiber optic,Month-to-month,Credit card (automatic),No,Yes,No,Yes,No,No phone service,No,0,4,5,40.9,39.2,Yes
CUST-15328,Male,0,37,46,78.43,3603.26,Fiber optic,Month-to-month,Mailed check,No,No,No,Yes,Yes,No,Yes,0,5,2,140.3,232.9,No
CUST-15329,Male,0,61,56,22.42,1239.93,No,Month-to-month,Mailed check,No internet service,No internet service,No internet service,No internet service,No,No phone service,No,0,4,1,55.5,132.6,No
CUST-15330,Male,0,32,63,67.63,4253.76,DSL,Month-to-month,Bank transfer (automatic),No,No,Yes,Yes,Yes,No,Yes,0,4,2,105.8,136.0,No
CUST-15331,Female,0,61,7,83.79,559.95,Fiber optic,Month-to-month,Electronic check,No,No,Yes,No,No,No phone service,No,0,3,3,117.3,98.6,Yes
CUST-15332,Male,0,43,66,86.45,5729.63,Fiber optic,Two year,Credit card (automatic),No,No,Yes,No,Yes,Yes,No,0,4,1,157.4,343.7,No
CUST-15333,Female,0,26,40,114.15,4538.01,Fiber optic,Month-to-month,Mailed check,Yes,Yes,Yes,Yes,Yes,No,Yes,0,4,0,88.9,187.8,No
CUST-15334,Female,0,18,54,48.38,2582.58,DSL,Two year,Electronic check,No,No,No,No,Yes,No,No,0,3,4,236.6,539.6,No
CUST-15335,Male,0,52,31,61.06,1899.71,DSL,Month-to-month,Credit card (automatic),No,No,Yes,No,Yes,Yes,No,0,3,4,120.7,192.2,No
CUST-15336,Female,0,61,52,31.28,1605.8,No,Month-to-month,Mailed check,No internet service,No internet service,No internet service,No internet service,Yes,Yes,No,1,2,4,31.7,29.4,No
CUST-15337,Female,1,66,31,54.53,1678.19,DSL,One year,Bank transfer (automatic),Yes,No,No,No,Yes,No,No,0,4,1,91.0,95.7,Yes
CUST-15338,Male,0,62,34,73.23,2489.28,Fiber optic,Month-to-month,Credit card (automatic),No,No,No,No,No,No phone service,Yes,0,4,1,147.5,358.8,Yes
CUST-15339,Female,0,23,7,67.58,490.59,DSL,Month-to-month,Credit card (automatic),Yes,No,No,No,Yes,Yes,No,0,5,1,154.2,347.8,No
CUST-15340,Female,1,79,16,81.6,1298.85,DSL,One year,Credit card (automatic),Yes,Yes,No,Yes,Yes,Yes,Yes,1,2,2,33.5,61.4,Yes
CUST-15341,Female,1,80,22,71.75,1605.93,Fiber optic,Month-to-month,Mailed check,No,No,No,No,Yes,No,No,0,4,1,73.3,65.1,No
CUST-15342,Female,0,50,53,18.25,964.44,No,One year,Bank transfer (automatic),No internet service,No internet service,No internet service,No internet service,Yes,No,No,0,3,3,149.7,136.7,No
CUST-15343,Male,0,33,17,24.36,439.32,No,Month-to-month,Electronic check,No internet service,No internet service,No internet service,No internet service,Yes,Yes,No,0,4,1,169.0,187.8,No
CUST-15344,Female,1,78,4,66.28,262.26,DSL,Month-to-month,Credit card (automatic),No,No,Yes,No,Yes,Yes,No,1,3,0,37.1,71.2,Yes
CUST-15345,Female,0,23,61,63.08,3848.85,DSL,Two year,Electronic check,No,Yes,No,Yes,Yes,No,No,0,2,2,52.3,128.3,No
CUST-15346,Female,1,79,52,56.65,2973.28,DSL,One year,Mailed check,No,No,No,Yes,Yes,No,No,0,4,2,93.9,167.6,No
CUST-15347,Female,0,48,35,58.36,2053.09,DSL,Month-to-month,Credit card (automatic),No,No,No,Yes,No,No phone service,Yes,0,4,3,126.8,282.1,No
CUST-15348,Male,0,19,44,70.0,3058.96,Fiber optic,Two year,Credit card (automatic),No,No,No,No,Yes,No,Yes,1,4,1,105.5,221.8,No
CUST-15349,Female,0,35,15,71.97,1085.46,Fiber optic,Two year,Credit card (automatic),No,No,No,No,Yes,No,Yes,0,3,2,179.5,223.6,No
CUST-15350,Male,0,59,61,85.01,5169.12,Fiber optic,Month-to-month,Mailed check,No,No,No,Yes,No,No phone service,Yes,0,3,3,189.3,339.1,Yes
CUST-15351,Female,0,45,44,60.72,2660.26,DSL,Month-to-month,Electronic check,No,No,Yes,No,No,No phone service,Yes,0,4,0,83.7,167.6,No
CUST-15352,Male,1,66,21,70.6,1502.89,Fiber optic,Two year,Credit card (automatic),No,No,No,No,No,No phone service,No,0,4,1,137.6,185.5,No
CUST-15353,Male,0,18,47,42.77,2021.12,DSL,Month-to-month,Mailed check,No,No,No,No,Yes,No,No,0,3,3,83.6,153.7,No
CUST-15354,Male,0,64,49,67.1,3275.11,DSL,Month-to-month,Credit card (automatic),No,Yes,Yes,No,Yes,No,No,1,2,0,106.8,108.9,Yes
CUST-15355,Male,0,59,53,86.88,4574.92,Fiber optic,Month-to-month,Bank transfer (automatic),Yes,No,No,No,Yes,Yes,No,0,4,1,56.5,122.1,No
CUST-15356,Male,0,33,27,72.26,1952.89,DSL,One year,Credit card (automatic),Yes,No,No,Yes,Yes,Yes,Yes,1,3,1,122.2,162.3,No
CUST-15357,Female,0,62,31,82.29,2536.0,Fiber optic,Two year,Bank transfer (automatic),No,No,Yes,No,Yes,No,No,1,2,2,91.5,120.6,No
CUST-15358,Female,0,64,44,95.23,4161.82,Fiber optic,One year,Credit card (automatic),Yes,No,Yes,No,Yes,Yes,No,1,3,1,107.6,219.5,No
CUST-15359,Female,0,19,32,101.06,3207.72,Fiber optic,Two year,Electronic check,Yes,No,Yes,No,Yes,Yes,No,0,4,3,258.9,552.4,No
CUST-15360,Male,0,53,30,23.22,707.0,No,Month-to-month,Credit card (automatic),No internet service,No internet service,No internet service,No internet service,No,No phone service,Yes,0,4,2,133.1,271.7,No
CUST-15361,Female,0,18,18,71.99,1290.68,DSL,Month-to-month,Electronic check,Yes,No,No,Yes,No,No phone service,No,0,4,1,208.9,285.2,Yes
CUST-15362,Male,0,56,63,82.22,5165.61,Fiber optic,One year,Electronic check,No,No,No,No,Yes,Yes,Yes,0,3,0,91.1,215.4,No
CUST-15363,Male,1,71,16,18.25,314.78,No,Two year,Mailed check,No internet service,No internet service,No internet service,No internet service,Yes,No,Yes,0,4,3,74.2,134.4,No
CUST-15364,Female,0,43,35,63.62,2246.21,DSL,Month-to-month,Bank transfer (automatic),Yes,No,No,Yes,Yes,No,No,0,3,1,99.3,140.1,No
CUST-15365,Female,0,28,62,74.39,4610.15,Fiber optic,Month-to-month,Bank transfer (automatic),No,No,No,No,Yes,Yes,No,0,3,2,45.7,63.5,No
CUST-15366,Male,0,59,9,104.58,927.76,Fiber optic,Month-to-month,Electronic check,Yes,No,Yes,Yes,Yes,No,Yes,0,3,2,36.8,34.4,No
CUST-15367,Male,0,18,62,95.46,5918.95,Fiber optic,Month-to-month,Bank transfer (automatic),No,Yes,No,Yes,Yes,Yes,No,1,3,1,21.6,23.4,Yes
CUST-15368,Female,0,28,39,61.37,2408.61,DSL,Month-to-month,Credit card (automatic),No,No,Yes,No,Yes,No,No,0,4,0,36.2,69.2,No
CUST-15369,Female,0,41,51,64.62,3266.26,DSL,Month-to-month,Bank transfer (automatic),No,No,Yes,Yes,Yes,No,No,0,3,5,26.1,34.8,No
CUST-15370,Female,0,27,10,90.91,915.85,Fiber optic,Two year,Mailed check,No,Yes,Yes,No,Yes,No,Yes,1,2,0,52.9,65.5,No
CUST-15371,Female,0,31,52,103.94,5417.49,Fiber optic,Month-to-month,Bank transfer (automatic),Yes,No,No,Yes,Yes,Yes,Yes,0,4,1,118.1,95.5,No
CUST-15372,Male,0,31,12,108.48,1320.77,Fiber optic,One year,Credit card (automatic),Yes,No,Yes,Yes,Yes,No,No,0,3,3,67.0,149.7,No
CUST-15373,Female,0,24,72,109.65,7877.8,Fiber optic,Month-to-month,Credit card (automatic),Yes,Yes,No,Yes,Yes,Yes,No,0,4,0,36.3,45.8,No
CUST-15374,Female,0,40,62,44.88,2764.77,DSL,Month-to-month,Electronic check,No,No,No,No,No,No phone service,Yes,1,1,3,49.9,66.0,Yes
CUST-15375,Female,0,60,3,95.36,269.02,Fiber optic,One year,Electronic check,No,No,Yes,Yes,Yes,No,No,0,5,1,42.8,106.6,No
CUST-15376,Male,0,39,11,56.08,642.77,DSL,Two year,Electronic check,No,No,Yes,No,No,No phone service,Yes,0,3,1,164.6,265.6,No
CUST-15377,Male,0,53,8,18.25,124.46,No,Month-to-month,Mailed check,No internet service,No internet service,No internet service,No internet service,Yes,No,Yes,0,4,3,138.1,236.5,Yes
CUST-15378,Male,1,68,23,72.39,1680.85,Fiber optic,Two year,Mailed check,No,No,No,No,Yes,No,No,1,3,3,29.4,26.5,Yes
CUST-15379,Male,1,80,10,90.95,938.71,Fiber optic,Two year,Mailed check,No,No,No,Yes,Yes,Yes,Yes,0,4,1,117.2,195.0,Yes
CUST-15380,Female,0,56,18,81.82,1499.54,Fiber optic,Month-to-month,Bank transfer (automatic),No,No,Yes,No,Yes,No,No,0,4,1,96.5,147.1,No
CUST-15381,Male,0,63,39,59.01,2295.98,DSL,Month-to-month,Mailed check,Yes,No,No,No,Yes,Yes,No,0,4,1,135.9,309.7,No
CUST-15382,Female,0,36,26,48.69,1286.3,DSL,One year,Electronic check,No,No,No,No,Yes,Yes,Yes,0,5,0,146.6,247.6,No
CUST-15383,Female,1,78,11,45.11,506.42,DSL,Month-to-month,Mailed check,No,No,No,No,Yes,No,No,0,4,3,24.9,56.7,Yes
CUST-15384,Female,0,29,10,54.19,564.01,DSL,Month-to-month,Electronic check,No,No,No,No,Yes,Yes,No,0,4,1,189.9,395.6,No
CUST-15385,Female,0,20,3,91.58,254.41,Fiber optic,Month-to-month,Credit card (automatic),No,No,No,Yes,Yes,Yes,No,0,4,0,81.3,66.8,Yes
CUST-15386,Male,0,64,62,97.95,6088.8,Fiber optic,Month-to-month,Mailed check,No,No,Yes,Yes,No,No phone service,No,1,4,2,82.8,203.2,Yes
CUST-15387,Male,0,22,71,113.16,8039.55,Fiber optic,Two year,Bank transfer (automatic),Yes,Yes,No,Yes,Yes,Yes,No,1,3,1,121.5,112.3,No
CUST-15388,Male,1,75,61,61.41,3748.42,DSL,Month-to-month,Electronic check,No,No,No,Yes,Yes,Yes,No,0,4,0,200.0,171.9,No
CUST-15389,Female,0,31,4,104.94,433.49,Fiber optic,Month-to-month,Bank transfer (automatic),No,No,Yes,Yes,Yes,Yes,Yes,0,4,3,109.1,144.8,Yes
CUST-15390,Female,0,53,61,80.76,4912.74,DSL,Month-to-month,Mailed check,Yes,No,Yes,Yes,No,No phone service,No,0,4,0,105.8,160.9,Yes
CUST-15391,Female,0,24,8,48.28,360.72,DSL,One year,Electronic check,No,No,No,No,Yes,No,No,0,4,2,125.0,147.5,Yes
CUST-15392,Female,0,24,13,115.43,1500.72,Fiber optic,One year,Bank transfer (automatic),Yes,No,Yes,Yes,Yes,Yes,Yes,1,4,1,176.7,290.7,Yes
CUST-15393,Female,0,63,12,75.46,893.65,DSL,Two year,Electronic check,Yes,Yes,Yes,No,No,No phone service,No,1,2,2,166.7,407.7,No
CUST-15394,Male,0,49,35,18.25,624.13,No,One year,Mailed check,No internet service,No internet service,No internet service,No internet service,Yes,No,No,1,2,2,83.5,145.6,Yes
CUST-15395,Female,1,67,54,78.53,4270.53,Fiber optic,One year,Bank transfer (automatic),No,No,No,No,Yes,Yes,No,0,4,0,92.6,91.7,No
CUST-15396,Male,0,29,51,77.99,3959.36,Fiber optic,Month-to-month,Mailed check,Yes,No,No,No,Yes,No,Yes,0,3,0,71.6,168.3,Yes
CUST-15397,Female,0,27,43,68.5,2929.63,Fiber optic,Month-to-month,Bank transfer (automatic),No,No,No,No,Yes,No,No,0,3,1,56.1,55.4,No
CUST-15398,Female,1,75,66,62.69,4127.57,DSL,One year,Electronic check,Yes,No,No,Yes,Yes,No,No,0,5,0,184.4,290.9,No
CUST-15399,Male,0,26,15,86.91,1303.47,Fiber optic,Two year,Electronic check,No,No,Yes,No,No,No phone service,No,1,3,0,247.5,392.3,Yes
CUST-15400,Male,0,55,49,18.25,916.4,No,Two year,Electronic check,No internet service,No internet service,No internet service,No internet service,No,No phone service,No,0,3,1,205.8,419.4,No
CUST-15401,Female,0,47,34,79.8,2693.78,DSL,One year,Electronic check,Yes,Yes,Yes,No,Yes,No,No,1,3,1,193.4,378.2,No
CUST-15402,Female,0,22,39,32.93,1291.23,No,Month-to-month,Mailed check,No internet service,No internet service,No internet service,No internet service,Yes,Yes,Yes,1,3,0,48.6,89.8,No
CUST-15403,Female,0,18,26,96.69,2506.05,Fiber optic,Month-to-month,Mailed check,No,Yes,No,Yes,Yes,No,No,0,4,2,36.8,69.3,Yes
CUST-15404,Female,1,80,69,29.34,2042.27,No,Month-to-month,Bank transfer (automatic),No internet service,No internet service,No internet service,No internet service,Yes,Yes,Yes,0,5,0,262.2,548.7,No
CUST-15405,Male,0,37,48,90.39,4344.83,Fiber optic,Month-to-month,Credit card (automatic),No,No,Yes,No,Yes,Yes,No,1,2,3,59.0,64.5,Yes
CUST-15406,Female,0,28,51,80.09,4102.3,Fiber optic,Month-to-month,Bank transfer (automatic),No,No,No,Yes,Yes,No,Yes,1,4,1,50.7,124.7,Yes
CUST-15407,Male,0,43,4,31.62,147.79,No,Month-to-month,Mailed check,No internet service,No internet service,No internet service,No internet service,Yes,Yes,No,1,3,1,252.1,435.5,No
CUST-15408,Female,0,61,27,98.38,2680.99,Fiber optic,Month-to-month,Electronic check,No,Yes,Yes,No,Yes,Yes,No,1,3,1,211.9,429.4,Yes
CUST-15409,Male,0,20,42,18.25,796.24,No,One year,Mailed check,No internet service,No internet service,No internet service,No internet service,Yes,No,Yes,1,2,0,30.5,54.4,No
CUST-15410,Male,0,23,56,42.94,2411.77,DSL,Month-to-month,Electronic check,No,No,No,No,Yes,No,No,1,3,2,103.2,236.1,Yes
CUST-15411,Female,1,76,69,26.15,1812.6,No,One year,Bank transfer (automatic),No internet service,No internet service,No internet service,No internet service,Yes,Yes,No,0,5,0,150.1,269.9,No
CUST-15412,Male,0,62,18,59.18,1043.67,DSL,Month-to-month,Credit card (automatic),No,No,Yes,No,Yes,No,No,0,3,2,70.5,67.9,No
CUST-15413,Female,0,28,61,65.7,3984.01,DSL,Month-to-month,Mailed check,No,No,Yes,Yes,Yes,No,Yes,0,4,0,77.1,176.2,Yes
CUST-15414,Male,0,25,4,90.17,359.94,Fiber optic,Two year,Electronic check,Yes,No,Yes,No,Yes,No,No,0,3,3,173.9,169.4,No
CUST-15415,Female,0,46,1,40.77,52.39,DSL,Month-to-month,Credit card (automatic),No,No,No,No,Yes,No,No,0,3,2,121.7,205.3,No
CUST-15416,Male,0,27,50,72.48,3608.89,DSL,Two year,Electronic check,No,No,Yes,Yes,Yes,No,No,0,4,3,246.6,281.9,No
CUST-15417,Female,0,51,70,59.25,4137.13,DSL,Month-to-month,Credit card (automatic),No,No,Yes,No,Yes,No,No,1,2,4,114.7,115.3,Yes
CUST-15418,Female,0,41,20,79.37,1599.41,Fiber optic,Month-to-month,Credit card (automatic),No,Yes,No,No,Yes,No,Yes,0,4,0,110.0,110.9,No
CUST-15419,Male,0,63,20,101.3,2008.7,Fiber optic,Month-to-month,Mailed check,Yes,Yes,Yes,No,No,No phone service,No,0,4,0,174.3,396.0,Yes
CUST-15420,Male,0,34,46,100.66,4631.64,Fiber optic,Month-to-month,Electronic check,No,Yes,Yes,Yes,Yes,No,No,1,3,0,175.4,243.4,Yes
CUST-15421,Male,0,49,27,80.84,2185.0,Fiber optic,Month-to-month,Credit card (automatic),No,No,No,Yes,Yes,No,No,0,5,1,142.1,198.9,No
CUST-15422,Male,0,28,26,106.07,2782.84,Fiber optic,One year,Bank transfer (automatic),Yes,Yes,No,Yes,Yes,No,Yes,0,4,0,46.3,91.0,No
CUST-15423,Female,0,51,32,18.25,578.14,No,Month-to-month,Electronic check,No internet service,No internet service,No internet service,No internet service,Yes,No,Yes,1,3,1,94.4,209.0,Yes
CUST-15424,Male,0,41,10,114.65,1129.13,Fiber optic,One year,Mailed check,Yes,No,Yes,Yes,Yes,Yes,No,0,3,1,75.3,165.1,No
CUST-15425,Female,0,22,12,87.47,1030.07,Fiber optic,Month-to-month,Bank transfer (automatic),No,Yes,No,Yes,No,No phone service,Yes,0,4,1,92.5,175.9,Yes
CUST-15426,Male,0,46,24,26.12,614.47,No,Month-to-month,Electronic check,No internet service,No internet service,No internet service,No internet service,Yes,Yes,No,0,4,2,89.1,180.0,No
CUST-15427,Female,0,51,51,95.47,4855.71,Fiber optic,Two year,Electronic check,Yes,No,Yes,No,Yes,No,No,0,3,0,100.2,185.1,No
CUST-15428,Female,0,33,38,64.45,2464.11,DSL,Two year,Electronic check,No,No,Yes,No,Yes,Yes,No,0,4,0,80.1,177.4,No
CUST-15429,Female,0,42,46,59.03,2721.0,DSL,Month-to-month,Electronic check,No,No,No,Yes,Yes,No,Yes,1,1,3,66.0,91.5,Yes
CUST-15430,Female,0,54,8,61.04,499.27,DSL,Month-to-month,Electronic check,No,No,Yes,No,Yes,Yes,Yes,0,4,2,104.9,126.4,No
CUST-15431,Male,0,25,55,80.83,4453.47,DSL,Month-to-month,Electronic check,Yes,No,Yes,Yes,Yes,No,No,1,2,2,227.0,257.5,No
CUST-15432,Male,0,46,31,58.19,1802.76,DSL,Two year,Electronic check,No,Yes,No,No,Yes,No,Yes,0,4,1,153.5,280.3,No
CUST-15433,Female,0,63,16,105.05,1706.5,Fiber optic,Month-to-month,Electronic check,Yes,Yes,Yes,No,Yes,No,Yes,0,4,0,138.2,166.3,Yes
CUST-15434,Male,1,66,20,76.39,1546.85,DSL,Two year,Credit card (automatic),No,No,Yes,Yes,Yes,Yes,No,0,3,3,63.3,64.6,No
CUST-15435,Male,0,59,38,83.04,3138.17,DSL,Month-to-month,Bank transfer (automatic),Yes,No,Yes,Yes,Yes,No,No,0,4,1,54.6,133.2,No
CUST-15436,Female,0,40,15,90.75,1356.67,Fiber optic,Two year,Mailed check,No,No,No,Yes,Yes,Yes,No,0,4,1,99.4,143.4,No
CUST-15437,Male,0,51,34,105.18,3563.39,Fiber optic,Month-to-month,Mailed check,No,No,Yes,Yes,Yes,Yes,No,1,2,1,70.0,162.4,Yes
CUST-15438,Male,1,76,72,18.25,1328.74,No,Month-to-month,Electronic check,No internet service,No internet service,No internet service,No internet service,Yes,No,No,1,3,0,106.3,212.3,No
CUST-15439,Male,0,47,19,52.1,980.57,DSL,One year,Credit card (automatic),No,Yes,No,No,Yes,No,Yes,0,5,2,60.4,84.1,No
CUST-15440,Female,0,51,69,80.54,5565.67,Fiber optic,Two year,Mailed check,No,No,No,No,Yes,Yes,No,0,3,1,29.6,30.8,No
CUST-15441,Male,1,71,63,21.47,1340.14,No,Two year,Mailed check,No internet service,No internet service,No internet service,No internet service,Yes,No,No,0,4,1,54.6,121.8,No
CUST-15442,Female,0,46,32,54.76,1732.62,DSL,One year,Credit card (automatic),No,No,No,No,Yes,Yes,No,0,4,1,101.3,234.6,No
CUST-15443,Male,0,26,37,25.37,909.24,No,One year,Bank transfer (automatic),No internet service,No internet service,No internet service,No internet service,Yes,Yes,No,0,5,2,85.5,95.0,No
CUST-15444,Male,0,19,66,19.0,1283.68,No,One year,Electronic check,No internet service,No internet service,No internet service,No internet service,Yes,No,No,0,5,2,49.8,93.0,No
CUST-15445,Male,0,56,7,54.58,365.23,DSL,One year,Credit card (automatic),No,No,Yes,No,Yes,No,No,0,4,0,131.5,231.0,No
CUST-15446,Female,0,24,48,52.68,2548.57,DSL,Two year,Credit card (automatic),No,No,No,Yes,Yes,No,Yes,0,4,2,160.2,381.0,No
CUST-15447,Female,0,63,11,60.04,679.77,DSL,Month-to-month,Credit card (automatic),No,Yes,No,No,Yes,Yes,No,0,3,5,106.5,202.5,No
CUST-15448,Male,0,22,31,24.95,757.61,No,One year,Electronic check,No internet service,No internet service,No internet service,No internet service,Yes,No,No,0,4,2,58.1,73.2,No
CUST-15449,Female,0,25,44,64.34,2825.9,DSL,Month-to-month,Credit card (automatic),No,Yes,Yes,No,No,No phone service,Yes,0,3,3,96.9,195.4,Yes
CUST-15450,Male,0,49,45,88.59,4006.72,Fiber optic,One year,Mailed check,Yes,No,Yes,No,Yes,No,Yes,1,3,2,86.9,147.5,No
CUST-15451,Female,0,35,72,103.97,7497.23,Fiber optic,Two year,Bank transfer (automatic),No,No,Yes,Yes,Yes,Yes,Yes,0,3,0,181.3,252.1,No
CUST-15452,Female,0,55,56,83.02,4641.31,Fiber optic,Month-to-month,Electronic check,No,No,No,Yes,Yes,No,Yes,0,4,1,175.3,321.3,No
CUST-15453,Male,1,78,32,22.46,745.67,No,Month-to-month,Electronic check,No internet service,No internet service,No internet service,No internet service,Yes,No,No,0,4,2,142.3,346.6,Yes
CUST-15454,Male,0,35,21,21.54,442.88,No,Month-to-month,Electronic check,No internet service,No internet service,No internet service,No internet service,Yes,No,Yes,1,1,0,82.4,180.4,Yes
CUST-15455,Male,0,58,31,52.23,1601.85,DSL,Month-to-month,Mailed check,No,Yes,No,No,No,No phone service,No,0,2,4,38.8,80.0,No
CUST-15456,Male,0,62,1,65.01,65.01,DSL,Month-to-month,Electronic check,No,No,No,Yes,Yes,Yes,No,1,4,0,152.0,141.3,Yes
CUST-15457,Female,0,33,11,18.25,212.83,No,Two year,Electronic check,No internet service,No internet service,No internet service,No internet service,Yes,No,No,0,4,1,107.5,108.1,No
CUST-15458,Female,0,38,68,91.54,6196.46,Fiber optic,One year,Credit card (automatic),No,No,Yes,Yes,Yes,No,No,0,4,0,114.2,210.2,No
CUST-15459,Female,0,27,36,94.87,3436.07,Fiber optic,Two year,Bank transfer (automatic),No,No,No,Yes,Yes,Yes,No,0,4,3,34.1,29.1,No
CUST-15460,Male,0,59,59,47.29,2778.36,DSL,Month-to-month,Mailed check,No,No,No,No,Yes,No,Yes,0,3,2,85.7,162.2,No
CUST-15461,Male,0,21,67,22.83,1521.8,No,Two year,Bank transfer (automatic),No internet service,No internet service,No internet service,No internet service,Yes,No,Yes,1,3,3,89.3,117.3,No
CUST-15462,Female,0,61,56,40.3,2274.91,DSL,One year,Bank transfer (automatic),No,No,No,No,No,No phone service,No,0,5,1,64.1,68.8,No
CUST-15463,Male,0,25,51,80.82,4140.67,Fiber optic,Month-to-month,Electronic check,No,No,No,Yes,Yes,No,No,0,4,2,83.3,73.2,Yes
CUST-15464,Female,0,64,29,70.55,2039.95,Fiber optic,One year,Bank transfer (automatic),No,No,No,No,Yes,No,No,0,3,4,259.9,301.4,No
CUST-15465,Female,0,36,2,71.5,146.23,DSL,Two year,Bank transfer (automatic),Yes,No,No,Yes,Yes,Yes,No,0,4,1,170.1,337.3,No
CUST-15466,Female,0,64,6,23.49,151.69,No,Month-to-month,Electronic check,No internet service,No internet service,No internet service,No internet service,Yes,No,No,0,4,1,93.4,146.1,No
CUST-15467,Female,0,57,31,65.4,2038.72,DSL,One year,Electronic check,No,No,Yes,Yes,Yes,No,No,0,4,2,140.6,120.3,No
CUST-15468,Female,0,57,54,99.37,5368.02,Fiber optic,Two year,Mailed check,Yes,Yes,No,No,Yes,Yes,No,0,4,0,185.7,170.4,No
CUST-15469,Male,0,26,40,102.53,4121.85,Fiber optic,Month-to-month,Bank transfer (automatic),Yes,Yes,Yes,No,Yes,No,Yes,0,3,0,17.9,32.1,No
CUST-15470,Male,0,47,17,23.49,419.82,No,One year,Electronic check,No internet service,No internet service,No internet service,No internet service,Yes,No,No,1,3,1,30.8,68.5,No
CUST-15471,Male,1,72,5,78.12,411.53,Fiber optic,Month-to-month,Bank transfer (automatic),No,Yes,No,No,No,No phone service,No,0,3,4,44.1,80.0,Yes
CUST-15472,Female,0,57,2,75.84,137.77,Fiber optic,Month-to-month,Electronic check,No,No,No,No,Yes,Yes,Yes,0,5,1,154.7,225.0,Yes
CUST-15473,Female,0,61,58,23.46,1346.09,No,One year,Bank transfer (automatic),No internet service,No internet service,No internet service,No internet service,Yes,No,Yes,0,4,2,72.5,111.8,No
CUST-15474,Female,1,79,12,18.25,197.39,No,Month-to-month,Credit card (automatic),No internet service,No internet service,No internet service,No internet service,Yes,No,Yes,0,4,0,181.3,268.3,No
CUST-15475,Female,0,21,5,65.46,346.88,DSL,One year,Credit card (automatic),Yes,No,No,No,Yes,Yes,Yes,0,3,1,151.3,351.7,No
CUST-15476,Male,0,23,60,63.91,3808.24,DSL,Month-to-month,Bank transfer (automatic),No,Yes,No,Yes,Yes,No,Yes,1,3,1,215.7,228.6,No
CUST-15477,Male,0,33,41,95.76,3904.28,Fiber optic,Month-to-month,Electronic check,No,Yes,Yes,No,Yes,No,No,0,3,3,132.4,191.8,Yes
CUST-15478,Female,0,43,20,81.39,1653.37,Fiber optic,Month-to-month,Bank transfer (automatic),No,No,No,No,Yes,Yes,No,0,4,2,82.8,109.6,No
CUST-15479,Female,0,54,72,84.87,6088.15,Fiber optic,Month-to-month,Bank transfer (automatic),No,No,No,Yes,No,No phone service,No,1,2,2,224.9,405.2,No
CUST-15480,Female,0,40,1,52.91,52.91,DSL,Month-to-month,Bank transfer (automatic),No,No,No,No,Yes,Yes,No,0,5,1,73.1,144.5,No
CUST-15481,Male,0,30,56,85.34,4803.59,Fiber optic,Two year,Credit card (automatic),No,No,Yes,No,Yes,Yes,Yes,0,4,3,90.9,152.7,No
CUST-15482,Male,0,64,70,18.25,1266.11,No,Two year,Electronic check,No internet service,No internet service,No internet service,No internet service,No,No phone service,Yes,1,3,1,95.2,236.6,No
CUST-15483,Male,0,34,56,89.57,5038.81,Fiber optic,Two year,Bank transfer (automatic),No,No,Yes,No,Yes,Yes,Yes,0,4,1,41.8,51.5,No
CUST-15484,Female,0,44,54,62.44,3364.42,DSL,Month-to-month,Electronic check,Yes,No,Yes,No,Yes,No,No,0,4,1,153.6,127.7,No
CUST-15485,Female,0,39,11,62.63,681.35,DSL,Two year,Electronic check,No,Yes,No,Yes,No,No phone service,Yes,0,4,1,121.4,246.4,No
CUST-15486,Male,0,54,3,73.26,197.89,DSL,Two year,Mailed check,No,No,Yes,Yes,Yes,Yes,No,1,3,1,70.0,85.1,No
CUST-15487,Female,0,36,28,89.61,2534.2,Fiber optic,Month-to-month,Mailed check,No,Yes,No,Yes,Yes,No,Yes,0,4,0,68.7,168.3,Yes
CUST-15488,Male,0,56,5,22.49,128.15,No,Month-to-month,Bank transfer (automatic),No internet service,No internet service,No internet service,No internet service,Yes,No,Yes,0,3,2,130.6,282.9,Yes
CUST-15489,Female,0,52,16,85.48,1351.22,Fiber optic,Month-to-month,Bank transfer (automatic),No,No,No,Yes,Yes,Yes,Yes,1,3,2,168.0,313.2,Yes
CUST-15490,Male,0,30,31,71.84,2240.71,DSL,Month-to-month,Bank transfer (automatic),No,Yes,No,Yes,No,No phone service,No,0,4,0,156.7,313.0,No
CUST-15491,Female,0,31,28,66.74,1844.94,DSL,Two year,Credit card (automatic),No,No,Yes,Yes,Yes,No,Yes,0,5,2,163.0,352.0,No
CUST-15492,Male,0,48,7,80.2,562.83,Fiber optic,One year,Bank transfer (automatic),No,No,No,Yes,Yes,No,Yes,0,4,1,73.8,144.9,No
CUST-15493,Male,0,62,9,66.48,583.58,DSL,One year,Credit card (automatic),No,No,Yes,Yes,Yes,No,No,0,4,1,190.2,253.7,No
CUST-15494,Male,0,19,39,54.02,2127.82,DSL,Month-to-month,Bank transfer (automatic),No,No,No,No,Yes,Yes,No,0,4,1,82.2,136.5,No
CUST-15495,Male,0,63,43,23.19,997.84,No,Month-to-month,Mailed check,No internet service,No internet service,No internet service,No internet service,Yes,Yes,No,0,3,2,22.0,29.4,Yes
CUST-15496,Male,0,56,27,18.25,518.02,No,Month-to-month,Mailed check,No internet service,No internet service,No internet service,No internet service,No,No phone service,No,0,4,1,68.3,136.2,No
CUST-15497,Male,0,54,33,95.99,3172.78,Fiber optic,Two year,Bank transfer (automatic),Yes,No,Yes,No,Yes,Yes,No,0,3,2,80.7,65.7,No
CUST-15498,Female,0,31,56,91.65,5132.64,Fiber optic,Month-to-month,Bank transfer (automatic),No,No,No,Yes,Yes,Yes,Yes,0,2,1,219.4,319.3,No
CUST-15499,Female,1,70,2,90.3,192.24,Fiber optic,Two year,Bank transfer (automatic),Yes,No,No,Yes,Yes,No,No,0,3,3,107.3,114.8,No
CUST-15500,Female,0,27,14,27.37,400.22,No,Month-to-month,Bank transfer (automatic),No internet service,No internet service,No internet service,No internet service,Yes,Yes,No,1,1,2,45.1,108.9,Yes
CUST-10001,Male,0,36,63,55.72,3537.36,DSL,Two year,Bank transfer (automatic),No,Yes,No,No,Yes,No,Yes,0,4,0,110.7,106.5,No
CUST-10002,Female,0,45,71,67.29,4759.59,DSL,Month-to-month,Credit card (automatic),Yes,No,No,Yes,Yes,No,No,0,5,0,84.5,177.8,No
CUST-10003,Male,0,34,28,29.42,797.97,No,Month-to-month,Credit card (automatic),No internet service,No internet service,No internet service,No internet service,Yes,Yes,Yes,1,1,1,91.9,114.4,Yes
CUST-10004,Male,0,59,46,102.88,4728.97,Fiber optic,One year,Mailed check,No,No,Yes,Yes,Yes,Yes,Yes,0,3,4,199.5,352.6,Yes
CUST-10005,Male,1,66,28,79.73,2212.28,Fiber optic,Two year,Electronic check,No,No,No,Yes,Yes,No,No,0,4,2,24.3,39.8,No
